[26Oct2025 04:40:09.203] [main/INFO] [cpw.mods.modlauncher.Launcher/MODLAUNCHER]: ModLauncher running: args [--launchTarget, forgeserver, --fml.forgeVersion, 43.4.2, --fml.mcVersion, 1.19.2, --fml.forgeGroup, net.minecraftforge, --fml.mcpVersion, 20220805.130853, nogui]
[26Oct2025 04:40:09.213] [main/INFO] [cpw.mods.modlauncher.Launcher/MODLAUNCHER]: ModLauncher 10.0.8+10.0.8+main.0ef7e830 starting: java version 17.0.16 by Ubuntu; OS Linux arch amd64 version 6.8.0-1030-azure
[26Oct2025 04:40:14.688] [main/INFO] [com.teampotato.redirector.Redirector/]: Redirector CoreMod initialized successfully!
[26Oct2025 04:40:14.748] [main/INFO] [mixin/]: SpongePowered MIXIN Subsystem Version=0.8.5 Source=union:/workspaces/server3/servidor_minecraft/libraries/org/spongepowered/mixin/0.8.5/mixin-0.8.5.jar%2361!/ Service=ModLauncher Env=SERVER
[26Oct2025 04:40:15.791] [main/WARN] [net.minecraftforge.fml.loading.moddiscovery.ModFileParser/LOADING]: Mod file /workspaces/server3/servidor_minecraft/libraries/net/minecraftforge/fmlcore/1.19.2-43.4.2/fmlcore-1.19.2-43.4.2.jar is missing mods.toml file
[26Oct2025 04:40:15.795] [main/WARN] [net.minecraftforge.fml.loading.moddiscovery.ModFileParser/LOADING]: Mod file /workspaces/server3/servidor_minecraft/libraries/net/minecraftforge/javafmllanguage/1.19.2-43.4.2/javafmllanguage-1.19.2-43.4.2.jar is missing mods.toml file
[26Oct2025 04:40:15.798] [main/WARN] [net.minecraftforge.fml.loading.moddiscovery.ModFileParser/LOADING]: Mod file /workspaces/server3/servidor_minecraft/libraries/net/minecraftforge/lowcodelanguage/1.19.2-43.4.2/lowcodelanguage-1.19.2-43.4.2.jar is missing mods.toml file
[26Oct2025 04:40:15.800] [main/WARN] [net.minecraftforge.fml.loading.moddiscovery.ModFileParser/LOADING]: Mod file /workspaces/server3/servidor_minecraft/libraries/net/minecraftforge/mclanguage/1.19.2-43.4.2/mclanguage-1.19.2-43.4.2.jar is missing mods.toml file
[26Oct2025 04:40:16.429] [main/WARN] [net.minecraftforge.jarjar.selection.JarSelector/]: Attempted to select a dependency jar for JarJar which was passed in as source: curios. Using Mod File: /workspaces/server3/servidor_minecraft/mods/curios-forge-1.19.2-5.1.6.4.jar
[26Oct2025 04:40:16.429] [main/INFO] [net.minecraftforge.fml.loading.moddiscovery.JarInJarDependencyLocator/]: Found 17 dependencies adding them to mods collection
[26Oct2025 04:40:26.668] [main/INFO] [mixin/]: Compatibility level set to JAVA_17
[26Oct2025 04:40:26.846] [main/ERROR] [mixin/]: Mixin config celestisynth.mixins.json does not specify "minVersion" property
[26Oct2025 04:40:26.945] [main/ERROR] [mixin/]: Mixin config necronomicon.forge.mixins.json does not specify "minVersion" property
[26Oct2025 04:40:27.309] [main/ERROR] [mixin/]: Mixin config azurelib.mixins.json does not specify "minVersion" property
[26Oct2025 04:40:27.513] [main/INFO] [mixin/]: Successfully loaded Mixin Connector [ca.spottedleaf.starlight.mixin.MixinConnector]
[26Oct2025 04:40:27.516] [main/INFO] [mixin/]: Successfully loaded Mixin Connector [com.aizistral.enigmaticlegacy.MixinConnector]
[26Oct2025 04:40:27.519] [main/INFO] [cpw.mods.modlauncher.LaunchServiceHandler/MODLAUNCHER]: Launching target 'forgeserver' with arguments [nogui]
[26Oct2025 04:40:27.561] [main/INFO] [com.abdelaziz.saturn.common.Saturn/]: Loaded Saturn config file with 4 configurable options
[26Oct2025 04:40:27.621] [main/WARN] [mixin/]: Reference map 'nerb-forge-refmap.json' for nerb.mixins.json could not be read. If this is a development environment you can ignore this message
[26Oct2025 04:40:27.654] [main/INFO] [Rubidium/]: Loaded configuration file for Rubidium: 30 options available, 0 override(s) found
[26Oct2025 04:40:27.806] [main/WARN] [ModernFixConfig/]: ModelDataManager bugfixes have been disabled to prevent broken rendering with Rubidium installed. Please migrate to Embeddium.
[26Oct2025 04:40:27.814] [main/INFO] [ModernFix/]: Loaded configuration file for ModernFix 5.18.1+mc1.19.2: 87 options available, 3 override(s) found
[26Oct2025 04:40:27.815] [main/WARN] [ModernFix/]: Option 'mixin.bugfix.model_data_manager_cme' overriden (by mods [rubidium]) to 'false'
[26Oct2025 04:40:27.815] [main/WARN] [ModernFix/]: Option 'mixin.bugfix.item_cache_flag' overriden (by mods [canary]) to 'false'
[26Oct2025 04:40:27.815] [main/WARN] [ModernFix/]: Option 'mixin.perf.thread_priorities' overriden (by mods [smoothboot]) to 'false'
[26Oct2025 04:40:27.815] [main/INFO] [ModernFix/]: Applying Nashorn fix
[26Oct2025 04:40:27.836] [main/INFO] [ModernFix/]: Applied Forge config corruption patch
[26Oct2025 04:40:27.852] [main/WARN] [mixin/]: Reference map 'vinery-forge-refmap.json' for vinery.mixins.json could not be read. If this is a development environment you can ignore this message
[26Oct2025 04:40:27.880] [main/WARN] [mixin/]: Reference map 'morevillagers-forge-forge-refmap.json' for morevillagers.mixins.json could not be read. If this is a development environment you can ignore this message
[26Oct2025 04:40:27.922] [main/INFO] [com.teampotato.redirector.Redirector/]: Redirecting sc_libs/com/electronwill/nightconfig/core/io/WritingMode
[26Oct2025 04:40:27.930] [main/INFO] [com.teampotato.redirector.Redirector/]: Redirecting sc_libs/com/electronwill/nightconfig/core/io/ParsingMode
[26Oct2025 04:40:27.945] [main/INFO] [com.teampotato.redirector.Redirector/]: Redirecting sc_libs/com/electronwill/nightconfig/core/io/IndentStyle
[26Oct2025 04:40:27.948] [main/INFO] [com.teampotato.redirector.Redirector/]: Redirecting sc_libs/com/electronwill/nightconfig/core/io/NewlineStyle
[26Oct2025 04:40:28.001] [main/INFO] [com.teampotato.redirector.Redirector/]: Redirecting me/wesley1808/servercore/common/config/Config$Table
[26Oct2025 04:40:28.059] [main/WARN] [mixin/]: Reference map 'nitrogen_internals.refmap.json' for nitrogen_internals.mixins.json could not be read. If this is a development environment you can ignore this message
[26Oct2025 04:40:28.246] [main/WARN] [mixin/]: Reference map '${refmap_target}refmap.json' for corgilib.forge.mixins.json could not be read. If this is a development environment you can ignore this message
[26Oct2025 04:40:28.257] [main/WARN] [mixin/]: Reference map 'fastpaintings-forge-refmap.json' for fastpaintings-forge.mixins.json could not be read. If this is a development environment you can ignore this message
[26Oct2025 04:40:28.303] [main/INFO] [com.teampotato.redirector.Redirector/]: Redirecting com/illusivesoulworks/polymorph/common/integration/PolymorphIntegrations$Mod
[26Oct2025 04:40:28.305] [main/INFO] [com.teampotato.redirector.Redirector/]: Redirecting com/illusivesoulworks/polymorph/common/integration/PolymorphIntegrations$Loader
[26Oct2025 04:40:28.376] [main/WARN] [CanaryConfig/]: Mod 'pluto' attempted to override option 'mixin.world.player_chunk_tick', which doesn't exist, ignoring
[26Oct2025 04:40:28.383] [main/INFO] [Canary/]: Loaded configuration file for Canary: 117 options available, 1 override(s) found
[26Oct2025 04:40:28.423] [main/WARN] [mixin/]: Reference map 'tlc.refmap.json' for tlc.mixins.json could not be read. If this is a development environment you can ignore this message
[26Oct2025 04:40:28.476] [main/WARN] [mixin/]: Reference map 'insanelib.refmap.json' for insanelib.mixins.json could not be read. If this is a development environment you can ignore this message
[26Oct2025 04:40:28.500] [main/WARN] [mixin/]: Reference map 'Bakery-forge-refmap.json' for bakery.mixins.json could not be read. If this is a development environment you can ignore this message
[26Oct2025 04:40:28.522] [main/INFO] [com.teampotato.redirector.Redirector/]: Redirecting com/llamalad7/mixinextras/service/MixinExtrasVersion
[26Oct2025 04:40:28.533] [main/INFO] [com.teampotato.redirector.Redirector/]: Redirecting com/llamalad7/mixinextras/lib/semver/VersionParser$CharType
[26Oct2025 04:40:28.606] [main/WARN] [mixin/]: Reference map 'dummmmmmy-forge-refmap.json' for dummmmmmy.mixins.json could not be read. If this is a development environment you can ignore this message
[26Oct2025 04:40:28.707] [main/WARN] [mixin/]: Reference map 'smallships-forge-refmap.json' for smallships.mixins.json could not be read. If this is a development environment you can ignore this message
[26Oct2025 04:40:28.724] [main/WARN] [mixin/]: Reference map 'octolib.refmap.json' for octolib.mixins.json could not be read. If this is a development environment you can ignore this message
[26Oct2025 04:40:28.759] [main/WARN] [mixin/]: Reference map 'simplyswords-common-refmap.json' for simplyswords-common.mixins.json could not be read. If this is a development environment you can ignore this message
[26Oct2025 04:40:28.763] [main/WARN] [mixin/]: Reference map 'simplyswords-forge-refmap.json' for simplyswords.mixins.json could not be read. If this is a development environment you can ignore this message
[26Oct2025 04:40:28.797] [main/WARN] [mixin/]: Reference map 'immersive_paintings-common-refmap.json' for immersive_paintings.mixin.json could not be read. If this is a development environment you can ignore this message
[26Oct2025 04:40:28.818] [main/INFO] [com.teampotato.redirector.Redirector/]: Redirecting malte0811/ferritecore/mixin/config/FerriteMixinConfig$LithiumSupportState
[26Oct2025 04:40:28.848] [main/INFO] [BadOptimizations/]: Loading config from /workspaces/server3/servidor_minecraft/config/badoptimizations.txt
[26Oct2025 04:40:28.857] [main/INFO] [BadOptimizations/]: Config version: 3
[26Oct2025 04:40:28.857] [main/INFO] [BadOptimizations/]: BadOptimizations config dump:
[26Oct2025 04:40:28.858] [main/INFO] [BadOptimizations/]: enable_toast_optimizations: true
[26Oct2025 04:40:28.858] [main/INFO] [BadOptimizations/]: ignore_mod_incompatibilities: false
[26Oct2025 04:40:28.858] [main/INFO] [BadOptimizations/]: lightmap_time_change_needed_for_update: 80
[26Oct2025 04:40:28.858] [main/INFO] [BadOptimizations/]: enable_lightmap_caching: true
[26Oct2025 04:40:28.859] [main/INFO] [BadOptimizations/]: enable_particle_manager_optimization: true
[26Oct2025 04:40:28.861] [main/INFO] [BadOptimizations/]: enable_entity_renderer_caching: true
[26Oct2025 04:40:28.861] [main/INFO] [BadOptimizations/]: log_config: true
[26Oct2025 04:40:28.861] [main/INFO] [BadOptimizations/]: enable_remove_redundant_fov_calculations: true
[26Oct2025 04:40:28.861] [main/INFO] [BadOptimizations/]: config_version: 3
[26Oct2025 04:40:28.861] [main/INFO] [BadOptimizations/]: enable_sky_angle_caching_in_worldrenderer: true
[26Oct2025 04:40:28.861] [main/INFO] [BadOptimizations/]: enable_block_entity_renderer_caching: true
[26Oct2025 04:40:28.862] [main/INFO] [BadOptimizations/]: skycolor_time_change_needed_for_update: 3
[26Oct2025 04:40:28.862] [main/INFO] [BadOptimizations/]: enable_entity_flag_caching: true
[26Oct2025 04:40:28.862] [main/INFO] [BadOptimizations/]: enable_debug_renderer_disable_if_not_needed: true
[26Oct2025 04:40:28.862] [main/INFO] [BadOptimizations/]: enable_sky_color_caching: true
[26Oct2025 04:40:28.862] [main/INFO] [BadOptimizations/]: enable_remove_tutorial_if_not_demo: true
[26Oct2025 04:40:28.862] [main/INFO] [BadOptimizations/]: show_f3_text: true
[26Oct2025 04:40:28.862] [main/INFO] [BadOptimizations/]: Disabled entity_renderer_caching because Twilight Forest is present
[26Oct2025 04:40:28.894] [main/INFO] [dev.tonimatas.packetfixer.mixins.v1_19_forge.MixinPlugin/]: Packet Fixer forge 1.19-1.19.2 has been applied successfully.
[26Oct2025 04:40:29.519] [main/INFO] [net.minecraftforge.coremod.CoreMod.placebo/COREMODLOG]: Patching IForgeItemStack#getEnchantmentLevel
[26Oct2025 04:40:29.539] [main/INFO] [net.minecraftforge.coremod.CoreMod.placebo/COREMODLOG]: Patching IForgeItemStack#getEnchantmentLevel
[26Oct2025 04:40:29.716] [main/WARN] [mixin/]: Error loading class: com/simibubi/create/content/contraptions/components/fan/AirCurrent (java.lang.ClassNotFoundException: com.simibubi.create.content.contraptions.components.fan.AirCurrent)
[26Oct2025 04:40:30.228] [main/INFO] [net.minecraftforge.coremod.CoreMod.apotheosis/COREMODLOG]: Replaced 2 calls to Enchantment#getMaxLevel() in net/minecraft/world/inventory/AnvilMenu
[26Oct2025 04:40:30.249] [main/INFO] [net.minecraftforge.coremod.CoreMod.placebo/COREMODLOG]: Patching IForgeItemStack#getEnchantmentLevel
[26Oct2025 04:40:30.252] [main/INFO] [net.minecraftforge.coremod.CoreMod.placebo/COREMODLOG]: Patching IForgeItemStack#getEnchantmentLevel
[26Oct2025 04:40:30.339] [main/WARN] [mixin/]: Error loading class: vazkii/neat/HealthBarRenderer (java.lang.ClassNotFoundException: vazkii.neat.HealthBarRenderer)
[26Oct2025 04:40:30.342] [main/WARN] [mixin/]: @Mixin target vazkii.neat.HealthBarRenderer was not found autoleveling.mixins.json:neat/HealthBarRendererMixin
[26Oct2025 04:40:30.831] [main/INFO] [net.minecraftforge.coremod.CoreMod.apotheosis/COREMODLOG]: Patching FishingHook#catchingFish
[26Oct2025 04:40:31.044] [main/WARN] [mixin/]: Error loading class: tfar/davespotioneering/blockentity/AdvancedBrewingStandBlockEntity (java.lang.ClassNotFoundException: tfar.davespotioneering.blockentity.AdvancedBrewingStandBlockEntity)
[26Oct2025 04:40:31.044] [main/WARN] [mixin/]: @Mixin target tfar.davespotioneering.blockentity.AdvancedBrewingStandBlockEntity was not found itemproductionlib.mixins.json:davespotioneering/AdvancedBrewingStandBlockEntityMixin
[26Oct2025 04:40:31.059] [main/WARN] [mixin/]: Error loading class: fuzs/visualworkbench/world/inventory/ModCraftingMenu (java.lang.ClassNotFoundException: fuzs.visualworkbench.world.inventory.ModCraftingMenu)
[26Oct2025 04:40:31.059] [main/WARN] [mixin/]: @Mixin target fuzs.visualworkbench.world.inventory.ModCraftingMenu was not found itemproductionlib.mixins.json:visualworkbench/ModCraftingMenuMixin
[26Oct2025 04:40:31.128] [main/WARN] [Canary/]: Force-disabling mixin 'entity.collisions.suffocation.EntityMixin' as rule 'mixin.entity.collisions.suffocation' (added by user configuration) disables it and children
[26Oct2025 04:40:31.360] [main/INFO] [com.cupboard.Cupboard/]: Loaded config for: recipeessentials.json
[26Oct2025 04:40:31.407] [main/INFO] [com.cupboard.Cupboard/]: Loaded config for: structureessentials.json
[26Oct2025 04:40:31.517] [main/WARN] [mixin/]: Error loading class: shadows/apotheosis/ench/table/ApothEnchantContainer (java.lang.ClassNotFoundException: shadows.apotheosis.ench.table.ApothEnchantContainer)
[26Oct2025 04:40:31.518] [main/WARN] [mixin/]: @Mixin target shadows.apotheosis.ench.table.ApothEnchantContainer was not found origins_classes.mixins.json:common.apotheosis.ApotheosisEnchantmentMenuMixin
[26Oct2025 04:40:31.521] [main/WARN] [mixin/]: Error loading class: se/mickelus/tetra/blocks/workbench/WorkbenchTile (java.lang.ClassNotFoundException: se.mickelus.tetra.blocks.workbench.WorkbenchTile)
[26Oct2025 04:40:31.522] [main/WARN] [mixin/]: @Mixin target se.mickelus.tetra.blocks.workbench.WorkbenchTile was not found origins_classes.mixins.json:common.tetra.WorkbenchTileMixin
[26Oct2025 04:40:31.574] [main/WARN] [mixin/]: Error loading class: net/minecraft/client/renderer/entity/PhantomRenderer (java.lang.ClassNotFoundException: net.minecraft.client.renderer.entity.PhantomRenderer)
[26Oct2025 04:40:31.574] [main/WARN] [mixin/]: @Mixin target net.minecraft.client.renderer.entity.PhantomRenderer was not found mixins.deeperdarker.json:PhantomRendererMixin
[26Oct2025 04:40:31.766] [main/WARN] [mixin/]: Error loading class: fuzs/easymagic/world/inventory/ModEnchantmentMenu (java.lang.ClassNotFoundException: fuzs.easymagic.world.inventory.ModEnchantmentMenu)
[26Oct2025 04:40:31.767] [main/WARN] [mixin/]: @Mixin target fuzs.easymagic.world.inventory.ModEnchantmentMenu was not found skilltree.mixins.json:easymagic/ModEnchantmentMenuMixin
[26Oct2025 04:40:31.877] [main/INFO] [net.minecraftforge.coremod.CoreMod.apotheosis/COREMODLOG]: Replaced 1 calls to Enchantment#getMaxLevel() in net/minecraft/world/entity/npc/VillagerTrades$EnchantBookForEmeralds
[26Oct2025 04:40:31.880] [main/INFO] [net.minecraftforge.coremod.CoreMod.apotheosis/COREMODLOG]: Replaced 1 calls to Enchantment#isTreasureOnly() in net/minecraft/world/entity/npc/VillagerTrades$EnchantBookForEmeralds
[26Oct2025 04:40:31.880] [main/INFO] [net.minecraftforge.coremod.CoreMod.apotheosis/COREMODLOG]: Replaced 1 calls to Enchantment#isTradeable() in net/minecraft/world/entity/npc/VillagerTrades$EnchantBookForEmeralds
[26Oct2025 04:40:31.902] [main/INFO] [net.minecraftforge.coremod.CoreMod.apotheosis/COREMODLOG]: Replaced 2 calls to Enchantment#getMaxLevel() in net/minecraft/world/item/EnchantedBookItem
[26Oct2025 04:40:31.927] [main/INFO] [net.minecraftforge.coremod.CoreMod.apotheosis/COREMODLOG]: Replaced 1 calls to Enchantment#getMaxLevel() in net/minecraft/world/level/storage/loot/functions/EnchantRandomlyFunction
[26Oct2025 04:40:31.927] [main/INFO] [net.minecraftforge.coremod.CoreMod.apotheosis/COREMODLOG]: Replaced 1 calls to Enchantment#isDiscoverable() in net/minecraft/world/level/storage/loot/functions/EnchantRandomlyFunction
[26Oct2025 04:40:32.043] [main/WARN] [mixin/]: Error loading class: net/darkhax/darkutils/features/charms/CharmEffects (java.lang.ClassNotFoundException: net.darkhax.darkutils.features.charms.CharmEffects)
[26Oct2025 04:40:32.045] [main/WARN] [mixin/]: Error loading class: com/brandon3055/csg/ModEventHandler (java.lang.ClassNotFoundException: com.brandon3055.csg.ModEventHandler)
[26Oct2025 04:40:32.062] [main/INFO] [memoryleakfix/]: [MemoryLeakFix] Will be applying 2 memory leak fixes!
[26Oct2025 04:40:32.062] [main/INFO] [memoryleakfix/]: [MemoryLeakFix] Currently enabled memory leak fixes: [entityMemoriesLeak, biomeTemperatureLeak]
[26Oct2025 04:40:32.593] [main/INFO] [MixinExtras|Service/]: Initializing MixinExtras via com.llamalad7.mixinextras.service.MixinExtrasServiceImpl(version=0.5.0).
[26Oct2025 04:40:32.596] [main/WARN] [MixinExtras|Service/]: Found problematic active MixinExtras instance at ca.fxco.memoryleakfix.mixinextras (version 0.2.0-beta.6)
[26Oct2025 04:40:32.596] [main/WARN] [MixinExtras|Service/]: Versions from 0.2.0-beta.1 to 0.2.0-beta.9 have limited support and it is strongly recommended to update.
[26Oct2025 04:40:33.439] [main/INFO] [Smooth Boot (Reloaded)/]: Smooth Boot (Reloaded) config initialized
[26Oct2025 04:40:33.444] [main/INFO] [com.teampotato.redirector.Redirector/]: Redirecting net/minecraft/util/datafix/DataFixerOptimizationOption
[26Oct2025 04:40:33.474] [main/INFO] [com.teampotato.redirector.Redirector/]: Redirecting net/minecraft/util/Unit
[26Oct2025 04:40:33.552] [main/INFO] [com.teampotato.redirector.Redirector/]: Redirecting net/minecraft/ChatFormatting
[26Oct2025 04:40:33.577] [main/WARN] [mixin/]: Static binding violation: PRIVATE @Overwrite method m_216202_ in modernfix-forge.mixins.json:perf.tag_id_caching.TagOrElementLocationMixin cannot reduce visibiliy of PUBLIC target method, visibility will be upgraded.
[26Oct2025 04:40:33.714] [main/WARN] [net.minecraft.SystemReport/]: Failed retrieving info for group hardware
java.lang.NoClassDefFoundError: com/sun/jna/Platform
	at oshi.SystemInfo.<clinit>(SystemInfo.java:62) ~[oshi-core-5.8.5.jar%2367!/:5.8.5]
	at net.minecraft.SystemReport.m_143564_(SystemReport.java:52) ~[server-1.19.2-20220805.130853-srg.jar%23655!/:?]
	at net.minecraft.SystemReport.m_143516_(SystemReport.java:82) ~[server-1.19.2-20220805.130853-srg.jar%23655!/:?]
	at net.minecraft.SystemReport.<init>(SystemReport.java:52) ~[server-1.19.2-20220805.130853-srg.jar%23655!/:?]
	at net.minecraft.CrashReport.<init>(CrashReport.java:31) ~[server-1.19.2-20220805.130853-srg.jar%23655!/:?]
	at net.minecraft.CrashReport.m_127529_(CrashReport.java:216) ~[server-1.19.2-20220805.130853-srg.jar%23655!/:?]
	at net.minecraft.server.Main.main(Main.java:105) ~[server-1.19.2-20220805.130853-srg.jar%23655!/:?]
	at jdk.internal.reflect.NativeMethodAccessorImpl.invoke0(Native Method) ~[?:?]
	at jdk.internal.reflect.NativeMethodAccessorImpl.invoke(NativeMethodAccessorImpl.java:77) ~[?:?]
	at jdk.internal.reflect.DelegatingMethodAccessorImpl.invoke(DelegatingMethodAccessorImpl.java:43) ~[?:?]
	at java.lang.reflect.Method.invoke(Method.java:569) ~[?:?]
	at net.minecraftforge.fml.loading.targets.CommonServerLaunchHandler.lambda$launchService$0(CommonServerLaunchHandler.java:29) ~[fmlloader-1.19.2-43.4.2.jar%2365!/:?]
	at cpw.mods.modlauncher.LaunchServiceHandlerDecorator.launch(LaunchServiceHandlerDecorator.java:30) [modlauncher-10.0.8.jar%2352!/:?]
	at cpw.mods.modlauncher.LaunchServiceHandler.launch(LaunchServiceHandler.java:53) [modlauncher-10.0.8.jar%2352!/:?]
	at cpw.mods.modlauncher.LaunchServiceHandler.launch(LaunchServiceHandler.java:71) [modlauncher-10.0.8.jar%2352!/:?]
	at cpw.mods.modlauncher.Launcher.run(Launcher.java:106) [modlauncher-10.0.8.jar%2352!/:?]
	at cpw.mods.modlauncher.Launcher.main(Launcher.java:77) [modlauncher-10.0.8.jar%2352!/:?]
	at cpw.mods.modlauncher.BootstrapLaunchConsumer.accept(BootstrapLaunchConsumer.java:26) [modlauncher-10.0.8.jar%2352!/:?]
	at cpw.mods.modlauncher.BootstrapLaunchConsumer.accept(BootstrapLaunchConsumer.java:23) [modlauncher-10.0.8.jar%2352!/:?]
	at cpw.mods.bootstraplauncher.BootstrapLauncher.main(BootstrapLauncher.java:141) [bootstraplauncher-1.1.2.jar:?]
Caused by: java.lang.ClassNotFoundException: com.sun.jna.Platform
	at jdk.internal.loader.BuiltinClassLoader.loadClass(BuiltinClassLoader.java:641) ~[?:?]
	at java.lang.ClassLoader.loadClass(ClassLoader.java:525) ~[?:?]
	at cpw.mods.cl.ModuleClassLoader.loadClass(ModuleClassLoader.java:137) ~[securejarhandler-2.1.4.jar:?]
	at java.lang.ClassLoader.loadClass(ClassLoader.java:525) ~[?:?]
	... 20 more
[26Oct2025 04:40:33.737] [Thread-0/INFO] [ModernFix/]: Please use /mfsrc to reload any changed mod config files
[26Oct2025 04:40:33.764] [main/INFO] [net.minecraft.server.Bootstrap/]: ModernFix reached bootstrap stage (27.96 s after launch)
[26Oct2025 04:40:33.916] [main/INFO] [com.teampotato.redirector.Redirector/]: Redirecting net/minecraft/Util$IdentityStrategy
[26Oct2025 04:40:33.926] [main/INFO] [com.teampotato.redirector.Redirector/]: Redirecting net/minecraft/core/Holder$Reference$Type
[26Oct2025 04:40:33.975] [main/WARN] [mixin/]: @Final field delegatesByName:Ljava/util/Map; in modernfix-forge.mixins.json:perf.forge_registry_alloc.ForgeRegistryMixin should be final
[26Oct2025 04:40:33.976] [main/WARN] [mixin/]: @Final field delegatesByValue:Ljava/util/Map; in modernfix-forge.mixins.json:perf.forge_registry_alloc.ForgeRegistryMixin should be final
[26Oct2025 04:40:35.041] [main/INFO] [mixin/]: Mixing MixinPlayer from enigmaticlegacy.mixins.json into net.minecraft.world.entity.player.Player
[26Oct2025 04:40:35.526] [main/INFO] [mixin/]: Mixing MixinLivingEntity from enigmaticlegacy.mixins.json into net.minecraft.world.entity.LivingEntity
[26Oct2025 04:40:35.559] [main/WARN] [mixin/]: @Final field f_20945_:Ljava/util/Map; in vinery-common.mixins.json:LivingEntityMixin should be final
[26Oct2025 04:40:35.889] [main/INFO] [ModernFix/]: Injecting BlockStateBase cache population hook into getOpacityIfCached from ca.spottedleaf.starlight.mixin.common.blockstate.BlockStateBaseMixin
[26Oct2025 04:40:35.890] [main/INFO] [ModernFix/]: Injecting BlockStateBase cache population hook into getNeighborPathNodeType from com.abdelaziz.canary.mixin.ai.pathing.BlockStateBaseMixin
[26Oct2025 04:40:35.891] [main/INFO] [ModernFix/]: Injecting BlockStateBase cache population hook into getPathNodeType from com.abdelaziz.canary.mixin.ai.pathing.BlockStateBaseMixin
[26Oct2025 04:40:35.891] [main/INFO] [ModernFix/]: Injecting BlockStateBase cache population hook into m_60823_ from com.abdelaziz.canary.mixin.block.flatten_states.BlockStateBaseMixin
[26Oct2025 04:40:35.891] [main/INFO] [ModernFix/]: Injecting BlockStateBase cache population hook into isConditionallyFullOpaque from ca.spottedleaf.starlight.mixin.common.blockstate.BlockStateBaseMixin
[26Oct2025 04:40:36.427] [main/INFO] [mixin/]: Mixing MixinMobEffect from enigmaticlegacy.mixins.json into net.minecraft.world.effect.MobEffect
[26Oct2025 04:40:37.330] [main/INFO] [com.teampotato.redirector.Redirector/]: Redirecting net/minecraft/core/Direction
[26Oct2025 04:40:37.333] [main/INFO] [com.teampotato.redirector.Redirector/]: Redirecting net/minecraft/core/Direction$AxisDirection
[26Oct2025 04:40:37.334] [main/INFO] [com.teampotato.redirector.Redirector/]: Redirecting net/minecraft/core/Direction$Axis
[26Oct2025 04:40:37.452] [main/INFO] [com.teampotato.redirector.Redirector/]: Redirecting net/minecraft/world/level/material/PushReaction
[26Oct2025 04:40:37.561] [main/INFO] [com.teampotato.redirector.Redirector/]: Redirecting net/minecraft/world/level/block/state/BlockBehaviour$OffsetType
[26Oct2025 04:40:37.624] [main/INFO] [com.teampotato.redirector.Redirector/]: Redirecting net/minecraft/core/Direction$Plane
[26Oct2025 04:40:37.626] [main/INFO] [com.teampotato.redirector.Redirector/]: Redirecting net/minecraft/core/FrontAndTop
[26Oct2025 04:40:37.637] [main/INFO] [com.teampotato.redirector.Redirector/]: Redirecting net/minecraft/world/level/block/state/properties/AttachFace
[26Oct2025 04:40:37.638] [main/INFO] [com.teampotato.redirector.Redirector/]: Redirecting net/minecraft/world/level/block/state/properties/BellAttachType
[26Oct2025 04:40:37.639] [main/INFO] [com.teampotato.redirector.Redirector/]: Redirecting net/minecraft/world/level/block/state/properties/WallSide
[26Oct2025 04:40:37.640] [main/INFO] [com.teampotato.redirector.Redirector/]: Redirecting net/minecraft/world/level/block/state/properties/RedstoneSide
[26Oct2025 04:40:37.642] [main/INFO] [com.teampotato.redirector.Redirector/]: Redirecting net/minecraft/world/level/block/state/properties/DoubleBlockHalf
[26Oct2025 04:40:37.642] [main/INFO] [com.teampotato.redirector.Redirector/]: Redirecting net/minecraft/world/level/block/state/properties/Half
[26Oct2025 04:40:37.643] [main/INFO] [com.teampotato.redirector.Redirector/]: Redirecting net/minecraft/world/level/block/state/properties/RailShape
[26Oct2025 04:40:37.646] [main/INFO] [com.teampotato.redirector.Redirector/]: Redirecting net/minecraft/world/level/block/state/properties/BedPart
[26Oct2025 04:40:37.648] [main/INFO] [com.teampotato.redirector.Redirector/]: Redirecting net/minecraft/world/level/block/state/properties/ChestType
[26Oct2025 04:40:37.649] [main/INFO] [com.teampotato.redirector.Redirector/]: Redirecting net/minecraft/world/level/block/state/properties/ComparatorMode
[26Oct2025 04:40:37.651] [main/INFO] [com.teampotato.redirector.Redirector/]: Redirecting net/minecraft/world/level/block/state/properties/DoorHingeSide
[26Oct2025 04:40:37.654] [main/INFO] [com.teampotato.redirector.Redirector/]: Redirecting net/minecraft/world/level/block/state/properties/NoteBlockInstrument
[26Oct2025 04:40:37.656] [main/INFO] [com.teampotato.redirector.Redirector/]: Redirecting net/minecraft/world/level/block/state/properties/PistonType
[26Oct2025 04:40:37.656] [main/INFO] [com.teampotato.redirector.Redirector/]: Redirecting net/minecraft/world/level/block/state/properties/SlabType
[26Oct2025 04:40:37.658] [main/INFO] [com.teampotato.redirector.Redirector/]: Redirecting net/minecraft/world/level/block/state/properties/StairsShape
[26Oct2025 04:40:37.659] [main/INFO] [com.teampotato.redirector.Redirector/]: Redirecting net/minecraft/world/level/block/state/properties/StructureMode
[26Oct2025 04:40:37.660] [main/INFO] [com.teampotato.redirector.Redirector/]: Redirecting net/minecraft/world/level/block/state/properties/BambooLeaves
[26Oct2025 04:40:37.661] [main/INFO] [com.teampotato.redirector.Redirector/]: Redirecting net/minecraft/world/level/block/state/properties/Tilt
[26Oct2025 04:40:37.662] [main/INFO] [com.teampotato.redirector.Redirector/]: Redirecting net/minecraft/world/level/block/state/properties/DripstoneThickness
[26Oct2025 04:40:37.663] [main/INFO] [com.teampotato.redirector.Redirector/]: Redirecting net/minecraft/world/level/block/state/properties/SculkSensorPhase
[26Oct2025 04:40:37.879] [main/INFO] [net.minecraft.server.Bootstrap/]: Vanilla bootstrap took 4107 milliseconds
[26Oct2025 04:40:38.078] [main/INFO] [com.teampotato.redirector.Redirector/]: Redirecting net/minecraftforge/network/NetworkDirection
[26Oct2025 04:40:38.161] [main/WARN] [mixin/]: @ModifyConstant conflict. Skipping connectivity.mixins.json:ClientBoundCustomPayloadPacketLMixin->@ModifyConstant::modifyLimit(I)I with priority 1, already redirected by packetfixer.v1_19.forge.mixins.json:v1_19_forge.ClientboundCustomPayloadPacketMixin->@ModifyConstant::packetfixer$newSize(I)I with priority 1000
[26Oct2025 04:40:38.161] [main/WARN] [mixin/]: @ModifyConstant conflict. Skipping connectivity.mixins.json:ClientBoundCustomPayloadPacketLMixin->@ModifyConstant::modifyLimit(I)I with priority 1, already redirected by packetfixer.v1_19.forge.mixins.json:v1_19_forge.ClientboundCustomPayloadPacketMixin->@ModifyConstant::packetfixer$newSize(I)I with priority 1000
[26Oct2025 04:40:38.247] [main/INFO] [com.teampotato.redirector.Redirector/]: Redirecting net/minecraft/world/item/DyeColor
[26Oct2025 04:40:38.544] [main/INFO] [com.teampotato.redirector.Redirector/]: Redirecting net/minecraft/core/AxisCycle
[26Oct2025 04:40:38.645] [main/INFO] [com.teampotato.redirector.Redirector/]: Redirecting net/minecraft/world/effect/MobEffectCategory
[26Oct2025 04:40:38.650] [main/INFO] [com.teampotato.redirector.Redirector/]: Redirecting net/minecraft/world/entity/ai/attributes/AttributeModifier$Operation
[26Oct2025 04:40:38.982] [main/INFO] [com.teampotato.redirector.Redirector/]: Redirecting net/minecraft/world/level/block/PressurePlateBlock$Sensitivity
[26Oct2025 04:40:39.069] [main/WARN] [mixin/]: Method overwrite conflict for getMobSpawnType in takesapillage.mixins.json:MobRememberSpawnReasonMixin, previously written by com.majruszlibrary.mixin.MixinMob. Skipping method.
[26Oct2025 04:40:39.197] [main/INFO] [com.teampotato.redirector.Redirector/]: Redirecting net/minecraft/world/level/block/MultifaceSpreader$SpreadType
[26Oct2025 04:40:39.235] [main/INFO] [mixin/]: Mixing MixinEnchantmentContainer from enigmaticlegacy.mixins.json into net.minecraft.world.inventory.EnchantmentMenu
[26Oct2025 04:40:39.235] [main/INFO] [mixin/]: Renaming synthetic method lambda$onEnchantedItem$0(Lnet/minecraft/world/item/ItemStack;Lnet/minecraft/world/inventory/EnchantmentMenu;ILnet/minecraft/world/entity/player/Player;ILnet/minecraft/world/level/Level;Lnet/minecraft/core/BlockPos;)V to md4fbada$lambda$onEnchantedItem$0$0 in enigmaticlegacy.mixins.json:MixinEnchantmentContainer
[26Oct2025 04:40:39.296] [main/INFO] [com.teampotato.redirector.Redirector/]: Redirecting net/minecraft/world/InteractionHand
[26Oct2025 04:40:39.475] [main/INFO] [net.minecraftforge.coremod.CoreMod.apotheosis/COREMODLOG]: Replaced 5 calls to Enchantment#getMaxLevel() in vazkii/quark/content/tools/module/AncientTomesModule
[26Oct2025 04:40:39.490] [main/INFO] [mixin/]: Mixing MixinItemStack from enigmaticlegacy.mixins.json into net.minecraft.world.item.ItemStack
[26Oct2025 04:40:39.538] [main/INFO] [net.minecraftforge.coremod.CoreMod.placebo/COREMODLOG]: Patching IForgeItemStack#getEnchantmentLevel
[26Oct2025 04:40:39.539] [main/INFO] [net.minecraftforge.coremod.CoreMod.placebo/COREMODLOG]: Patching IForgeItemStack#getEnchantmentLevel
[26Oct2025 04:40:39.546] [main/INFO] [com.teampotato.redirector.Redirector/]: Redirecting net/minecraft/world/InteractionResult
[26Oct2025 04:40:39.548] [main/INFO] [com.teampotato.redirector.Redirector/]: Redirecting net/minecraft/world/level/biome/Biome$Precipitation
[26Oct2025 04:40:39.629] [main/INFO] [com.teampotato.redirector.Redirector/]: Redirecting net/minecraft/world/level/block/SkullBlock$Types
[26Oct2025 04:40:39.694] [main/INFO] [net.minecraftforge.coremod.CoreMod.apotheosis/COREMODLOG]: Replaced 2 calls to Enchantment#getMaxLevel() in net/minecraft/world/inventory/AnvilMenu
[26Oct2025 04:40:39.696] [main/INFO] [net.minecraftforge.coremod.CoreMod.apotheosis/COREMODLOG]: Replaced 1 calls to Enchantment#getMaxLevel() in com/mrcrayfish/goblintraders/Hooks
[26Oct2025 04:40:40.399] [main/INFO] [com.teampotato.redirector.Redirector/]: Redirecting net/minecraft/world/level/block/WeatheringCopper$WeatherState
[26Oct2025 04:40:40.545] [main/INFO] [com.teampotato.redirector.Redirector/]: Redirecting net/minecraft/core/Holder$Kind
[26Oct2025 04:40:40.871] [main/INFO] [com.teampotato.redirector.Redirector/]: Redirecting net/minecraft/world/level/levelgen/Heightmap$Types
[26Oct2025 04:40:40.872] [main/INFO] [com.teampotato.redirector.Redirector/]: Redirecting net/minecraft/world/level/levelgen/Heightmap$Usage
[26Oct2025 04:40:40.938] [main/INFO] [com.teampotato.redirector.Redirector/]: Redirecting net/minecraft/world/level/levelgen/placement/CaveSurface
[26Oct2025 04:40:41.087] [main/INFO] [com.teampotato.redirector.Redirector/]: Redirecting net/minecraft/world/entity/MobCategory
[26Oct2025 04:40:41.168] [main/INFO] [mixin/]: Mixing AccessorAbstractArrowEntity from enigmaticlegacy.mixins.json into net.minecraft.world.entity.projectile.AbstractArrow
[26Oct2025 04:40:41.664] [main/INFO] [com.teampotato.redirector.Redirector/]: Redirecting net/minecraft/world/entity/ai/goal/Goal$Flag
[26Oct2025 04:40:41.686] [main/INFO] [mixin/]: Mixing MixinEnderDragon from enigmaticlegacy.mixins.json into net.minecraft.world.entity.boss.enderdragon.EnderDragon
[26Oct2025 04:40:41.688] [main/INFO] [mixin/]: Renaming synthetic method lambda$onTickDeath$0(Lnet/minecraft/server/level/ServerPlayer;)V to md4fbada$lambda$onTickDeath$0$0 in enigmaticlegacy.mixins.json:MixinEnderDragon
[26Oct2025 04:40:42.194] [main/INFO] [mixin/]: Mixing MixinShulker from enigmaticlegacy.mixins.json into net.minecraft.world.entity.monster.Shulker
[26Oct2025 04:40:42.442] [main/INFO] [com.teampotato.redirector.Redirector/]: Redirecting net/minecraft/world/entity/Pose
[26Oct2025 04:40:42.494] [main/INFO] [com.teampotato.redirector.Redirector/]: Redirecting net/minecraft/world/entity/EquipmentSlot
[26Oct2025 04:40:42.498] [main/INFO] [com.teampotato.redirector.Redirector/]: Redirecting net/minecraft/world/entity/EquipmentSlot$Type
[26Oct2025 04:40:42.681] [main/INFO] [mixin/]: Mixing MixinVillagerEntity from enigmaticlegacy.mixins.json into net.minecraft.world.entity.npc.Villager
[26Oct2025 04:40:42.682] [main/INFO] [mixin/]: Mixing MixinVillager from enigmaticlegacy.mixins.json into net.minecraft.world.entity.npc.Villager
[26Oct2025 04:40:42.842] [main/INFO] [net.minecraftforge.coremod.CoreMod.apotheosis/COREMODLOG]: Patching FishingHook#catchingFish
[26Oct2025 04:40:43.025] [main/WARN] [mixin/]: @Redirect conflict. Skipping servercore.common.mixins.json:optimizations.ticking.chunk.cache.ServerChunkCacheMixin->@Redirect::servercore$noList(I)Ljava/util/ArrayList; with priority 900, already redirected by canary.mixins.json:alloc.chunk_ticking.ServerChunkCacheMixin->@Redirect::redirectChunksListClone(I)Ljava/util/ArrayList; with priority 1000
[26Oct2025 04:40:43.121] [main/INFO] [com.teampotato.redirector.Redirector/]: Redirecting net/minecraft/world/level/levelgen/GenerationStep$Carving
[26Oct2025 04:40:43.153] [main/INFO] [com.teampotato.redirector.Redirector/]: Redirecting net/minecraft/world/level/levelgen/structure/StructureSpawnOverride$BoundingBoxType
[26Oct2025 04:40:43.161] [main/INFO] [com.teampotato.redirector.Redirector/]: Redirecting net/minecraft/world/level/levelgen/GenerationStep$Decoration
[26Oct2025 04:40:43.163] [main/INFO] [com.teampotato.redirector.Redirector/]: Redirecting net/minecraft/world/level/levelgen/structure/TerrainAdjustment
[26Oct2025 04:40:43.178] [main/INFO] [com.teampotato.redirector.Redirector/]: Redirecting net/minecraft/world/level/levelgen/structure/pools/StructureTemplatePool$Projection
[26Oct2025 04:40:43.206] [main/INFO] [com.teampotato.redirector.Redirector/]: Redirecting net/minecraft/world/level/levelgen/structure/structures/MineshaftStructure$Type
[26Oct2025 04:40:43.250] [main/INFO] [com.teampotato.redirector.Redirector/]: Redirecting net/minecraft/world/level/levelgen/structure/structures/OceanRuinStructure$Type
[26Oct2025 04:40:43.275] [main/INFO] [com.teampotato.redirector.Redirector/]: Redirecting net/minecraft/world/level/block/entity/JigsawBlockEntity$JointType
[26Oct2025 04:40:43.302] [main/INFO] [com.teampotato.redirector.Redirector/]: Redirecting net/minecraft/world/level/levelgen/structure/structures/RuinedPortalPiece$VerticalPlacement
[26Oct2025 04:40:43.319] [main/INFO] [com.teampotato.redirector.Redirector/]: Redirecting net/minecraft/world/level/levelgen/structure/placement/StructurePlacement$FrequencyReductionMethod
[26Oct2025 04:40:43.327] [main/INFO] [com.teampotato.redirector.Redirector/]: Redirecting net/minecraft/world/level/levelgen/structure/placement/RandomSpreadType
[26Oct2025 04:40:43.383] [main/WARN] [mixin/]: Static binding violation: PRIVATE @Overwrite method m_47505_ in modernfix-common.mixins.json:perf.remove_biome_temperature_cache.BiomeMixin cannot reduce visibiliy of PUBLIC target method, visibility will be upgraded.
[26Oct2025 04:40:43.403] [main/INFO] [com.teampotato.redirector.Redirector/]: Redirecting net/minecraft/world/level/biome/Biome$TemperatureModifier
[26Oct2025 04:40:43.412] [main/INFO] [com.teampotato.redirector.Redirector/]: Redirecting net/minecraft/world/level/biome/BiomeSpecialEffects$GrassColorModifier
[26Oct2025 04:40:43.549] [main/INFO] [com.teampotato.redirector.Redirector/]: Redirecting net/minecraft/world/level/levelgen/DensityFunctions$Marker$Type
[26Oct2025 04:40:43.572] [main/INFO] [com.teampotato.redirector.Redirector/]: Redirecting net/minecraft/world/level/levelgen/DensityFunctions$Mapped$Type
[26Oct2025 04:40:43.575] [main/INFO] [com.teampotato.redirector.Redirector/]: Redirecting net/minecraft/world/level/levelgen/DensityFunctions$MulOrAdd$Type
[26Oct2025 04:40:43.575] [main/INFO] [com.teampotato.redirector.Redirector/]: Redirecting net/minecraft/world/level/levelgen/DensityFunctions$TwoArgumentSimpleFunction$Type
[26Oct2025 04:40:43.626] [main/INFO] [com.teampotato.redirector.Redirector/]: Redirecting net/minecraft/world/level/levelgen/DensityFunctions$BlendOffset
[26Oct2025 04:40:43.627] [main/INFO] [com.teampotato.redirector.Redirector/]: Redirecting net/minecraft/world/level/levelgen/DensityFunctions$BlendAlpha
[26Oct2025 04:40:43.638] [main/INFO] [com.teampotato.redirector.Redirector/]: Redirecting net/minecraft/world/level/levelgen/DensityFunctions$WeirdScaledSampler$RarityValueMapper
[26Oct2025 04:40:43.671] [main/INFO] [com.teampotato.redirector.Redirector/]: Redirecting net/minecraft/world/level/levelgen/OreVeinifier$VeinType
[26Oct2025 04:40:43.682] [main/INFO] [com.teampotato.redirector.Redirector/]: Redirecting net/minecraft/world/level/levelgen/SurfaceRules$Hole
[26Oct2025 04:40:43.684] [main/INFO] [com.teampotato.redirector.Redirector/]: Redirecting net/minecraft/world/level/levelgen/SurfaceRules$Steep
[26Oct2025 04:40:43.689] [main/INFO] [com.teampotato.redirector.Redirector/]: Redirecting net/minecraft/world/level/levelgen/SurfaceRules$Bandlands
[26Oct2025 04:40:43.690] [main/INFO] [com.teampotato.redirector.Redirector/]: Redirecting net/minecraft/world/level/levelgen/SurfaceRules$Temperature
[26Oct2025 04:40:43.692] [main/INFO] [com.teampotato.redirector.Redirector/]: Redirecting net/minecraft/world/level/levelgen/SurfaceRules$AbovePreliminarySurface
[26Oct2025 04:40:44.504] [main/INFO] [mixin/]: Mixing MixinEnderEyeItem from enigmaticlegacy.mixins.json into net.minecraft.world.item.EnderEyeItem
[26Oct2025 04:40:44.567] [main/INFO] [net.minecraftforge.coremod.CoreMod.apotheosis/COREMODLOG]: Replaced 2 calls to Enchantment#getMaxLevel() in net/minecraft/world/item/EnchantedBookItem
[26Oct2025 04:40:44.624] [main/INFO] [mixin/]: Mixing MixinCrossbowItem from enigmaticlegacy.mixins.json into net.minecraft.world.item.CrossbowItem
[26Oct2025 04:40:44.646] [main/INFO] [com.teampotato.redirector.Redirector/]: Redirecting net/minecraft/world/item/Rarity
[26Oct2025 04:40:44.654] [main/INFO] [com.teampotato.redirector.Redirector/]: Redirecting net/minecraft/world/item/enchantment/EnchantmentCategory
[26Oct2025 04:40:44.682] [main/INFO] [com.teampotato.redirector.Redirector/]: Redirecting net/minecraft/world/entity/vehicle/AbstractMinecart$Type
[26Oct2025 04:40:44.687] [main/INFO] [com.teampotato.redirector.Redirector/]: Redirecting net/minecraft/world/entity/vehicle/Boat$Type
[26Oct2025 04:40:44.688] [main/INFO] [com.teampotato.redirector.Redirector/]: Redirecting net/minecraft/world/item/ArmorMaterials
[26Oct2025 04:40:44.723] [main/INFO] [com.teampotato.redirector.Redirector/]: Redirecting net/minecraft/world/item/Tiers
[26Oct2025 04:40:44.763] [main/INFO] [com.teampotato.redirector.Redirector/]: Redirecting net/minecraft/network/chat/ChatTypeDecoration$Parameter
[26Oct2025 04:40:44.788] [main/INFO] [com.teampotato.redirector.Redirector/]: Redirecting net/minecraft/world/item/enchantment/Enchantment$Rarity
[26Oct2025 04:40:44.789] [main/INFO] [com.teampotato.redirector.Redirector/]: Redirecting net/minecraft/world/item/enchantment/ProtectionEnchantment$Type
[26Oct2025 04:40:44.828] [main/INFO] [com.teampotato.redirector.Redirector/]: Redirecting net/minecraft/world/scores/criteria/ObjectiveCriteria$RenderType
[26Oct2025 04:40:44.862] [main/INFO] [com.teampotato.redirector.Redirector/]: Redirecting net/minecraft/world/level/chunk/ChunkStatus$ChunkType
[26Oct2025 04:40:45.107] [main/INFO] [net.minecraftforge.coremod.CoreMod.apotheosis/COREMODLOG]: Replaced 1 calls to Enchantment#getMaxLevel() in net/minecraft/world/level/storage/loot/functions/EnchantRandomlyFunction
[26Oct2025 04:40:45.107] [main/INFO] [net.minecraftforge.coremod.CoreMod.apotheosis/COREMODLOG]: Replaced 1 calls to Enchantment#isDiscoverable() in net/minecraft/world/level/storage/loot/functions/EnchantRandomlyFunction
[26Oct2025 04:40:45.228] [main/INFO] [com.teampotato.redirector.Redirector/]: Redirecting net/minecraft/world/level/levelgen/DensityFunctions$BeardifierMarker
[26Oct2025 04:40:45.335] [main/INFO] [com.teampotato.redirector.Redirector/]: Redirecting net/combatroll/Platform$Type
[26Oct2025 04:40:45.339] [main/INFO] [com.teampotato.redirector.Redirector/]: Redirecting net/combatroll/enchantments/AmplifierEnchantment$Operation
[26Oct2025 04:40:45.702] [modloading-worker-0/INFO] [com.teampotato.redirector.Redirector/]: Redirecting net/minecraftforge/event/TickEvent$Phase
[26Oct2025 04:40:45.705] [modloading-worker-0/INFO] [com.teampotato.redirector.Redirector/]: Redirecting net/minecraftforge/event/TickEvent$Type
[26Oct2025 04:40:45.720] [modloading-worker-0/INFO] [dev.limonblaze.oriacs.common.Oriacs/]: Origins: Accessibilities 1.1.0 has initialized. Ready to make your Origins life easier!
[26Oct2025 04:40:45.734] [modloading-worker-0/INFO] [mixin/]: Mixing MixinEnterBlockTrigger from enigmaticlegacy.mixins.json into net.minecraft.advancements.critereon.EnterBlockTrigger
[26Oct2025 04:40:45.742] [modloading-worker-0/INFO] [mixin/]: Mixing MixinInventoryChangeTrigger from enigmaticlegacy.mixins.json into net.minecraft.advancements.critereon.InventoryChangeTrigger
[26Oct2025 04:40:45.754] [modloading-worker-0/INFO] [com.teampotato.redirector.Redirector/]: Redirecting net/minecraft/world/level/ClipContext$Fluid
[26Oct2025 04:40:45.756] [modloading-worker-0/INFO] [com.teampotato.redirector.Redirector/]: Redirecting com/majruszlibrary/events/base/Priority
[26Oct2025 04:40:45.757] [modloading-worker-0/INFO] [com.teampotato.redirector.Redirector/]: Redirecting net/minecraft/world/inventory/ClickAction
[26Oct2025 04:40:45.758] [modloading-worker-0/INFO] [com.teampotato.redirector.Redirector/]: Redirecting net/minecraft/world/item/UseAnim
[26Oct2025 04:40:45.761] [modloading-worker-0/INFO] [com.teampotato.redirector.Redirector/]: Redirecting net/minecraft/world/entity/MobSpawnType
[26Oct2025 04:40:45.764] [modloading-worker-0/INFO] [mixin/]: Mixing MixinSummonedEntityTrigger from enigmaticlegacy.mixins.json into net.minecraft.advancements.critereon.SummonedEntityTrigger
[26Oct2025 04:40:45.776] [modloading-worker-0/INFO] [com.teampotato.redirector.Redirector/]: Redirecting net/minecraft/world/level/storage/loot/LootContext$EntityTarget
[26Oct2025 04:40:45.785] [modloading-worker-0/INFO] [com.teampotato.redirector.Redirector/]: Redirecting net/minecraft/commands/Commands$CommandSelection
[26Oct2025 04:40:45.823] [modloading-worker-0/INFO] [mixin/]: Mixing MixinPlayerList from enigmaticlegacy.mixins.json into net.minecraft.server.players.PlayerList
[26Oct2025 04:40:46.260] [modloading-worker-0/INFO] [com.teampotato.redirector.Redirector/]: Redirecting net/minecraft/world/level/material/FogType
[26Oct2025 04:40:46.261] [modloading-worker-0/INFO] [com.teampotato.redirector.Redirector/]: Redirecting net/minecraft/sounds/SoundSource
[26Oct2025 04:40:46.266] [modloading-worker-0/INFO] [com.teampotato.redirector.Redirector/]: Redirecting net/minecraft/world/level/ClipContext$Block
[26Oct2025 04:40:46.272] [modloading-worker-0/INFO] [com.teampotato.redirector.Redirector/]: Redirecting net/minecraft/world/level/Explosion$BlockInteraction
[26Oct2025 04:40:46.491] [modloading-worker-0/INFO] [MaxHealthFix/]: Loaded maxhealthfix for Forge.
[26Oct2025 04:40:46.503] [modloading-worker-0/INFO] [com.teampotato.redirector.Redirector/]: Redirecting net/minecraft/world/item/ItemStack$TooltipPart
[26Oct2025 04:40:46.551] [modloading-worker-0/INFO] [com.teampotato.redirector.Redirector/]: Redirecting io/github/apace100/apoli/util/Space
[26Oct2025 04:40:46.552] [modloading-worker-0/INFO] [com.teampotato.redirector.Redirector/]: Redirecting io/github/apace100/apoli/util/ResourceOperation
[26Oct2025 04:40:46.563] [modloading-worker-0/INFO] [com.teampotato.redirector.Redirector/]: Redirecting io/github/apace100/apoli/util/Comparison
[26Oct2025 04:40:46.568] [modloading-worker-0/INFO] [com.teampotato.redirector.Redirector/]: Redirecting shadows/placebo/config/Property$Type
[26Oct2025 04:40:46.669] [modloading-worker-0/INFO] [io.github.apace100.apoli.Apoli/]: Apoli 1.19.2-2.6.1.7 has initialized. Ready to power up your game!
[26Oct2025 04:40:46.758] [modloading-worker-0/INFO] [com.teampotato.redirector.Redirector/]: Redirecting com/majruszsdifficulty/items/CustomArmorMaterial
[26Oct2025 04:40:46.766] [modloading-worker-0/INFO] [com.teampotato.redirector.Redirector/]: Redirecting com/majruszsdifficulty/items/CustomItemTier
[26Oct2025 04:40:46.797] [modloading-worker-0/INFO] [com.teampotato.redirector.Redirector/]: Redirecting net/minecraftforge/common/world/BiomeModifier$Phase
[26Oct2025 04:40:46.815] [modloading-worker-0/INFO] [com.teampotato.redirector.Redirector/]: Redirecting com/majruszsdifficulty/items/SoulJar$BonusType
[26Oct2025 04:40:46.835] [modloading-worker-0/INFO] [com.teampotato.redirector.Redirector/]: Redirecting net/blay09/mods/balm/api/event/TickPhase
[26Oct2025 04:40:46.842] [modloading-worker-0/INFO] [com.teampotato.redirector.Redirector/]: Redirecting net/blay09/mods/balm/api/event/EventPriority
[26Oct2025 04:40:46.886] [modloading-worker-0/INFO] [com.teampotato.redirector.Redirector/]: Redirecting net/minecraftforge/common/capabilities/CapabilityManager
[26Oct2025 04:40:46.947] [modloading-worker-0/INFO] [com.teampotato.redirector.Redirector/]: Redirecting com/majruszsdifficulty/undeadarmy/UndeadArmy$Direction
[26Oct2025 04:40:46.951] [modloading-worker-0/INFO] [com.teampotato.redirector.Redirector/]: Redirecting com/majruszsdifficulty/undeadarmy/UndeadArmy$Phase$State
[26Oct2025 04:40:46.982] [modloading-worker-0/INFO] [com.teampotato.redirector.Redirector/]: Redirecting fuzs/puzzleslib/core/ContentRegistrationFlags
[26Oct2025 04:40:47.064] [modloading-worker-0/INFO] [com.teampotato.redirector.Redirector/]: Redirecting fuzs/puzzleslib/core/DistType
[26Oct2025 04:40:47.076] [modloading-worker-0/INFO] [Puzzles Lib/]: Constructing common components for mod leavesbegone
[26Oct2025 04:40:47.105] [modloading-worker-0/INFO] [com.teampotato.redirector.Redirector/]: Redirecting fuzs/puzzleslib/api/biome/v1/BiomeLoadingPhase
[26Oct2025 04:40:47.275] [modloading-worker-0/INFO] [com.teampotato.redirector.Redirector/]: Redirecting net/minecraft/world/entity/Entity$RemovalReason
[26Oct2025 04:40:47.276] [modloading-worker-0/INFO] [com.teampotato.redirector.Redirector/]: Redirecting net/minecraft/world/entity/MoverType
[26Oct2025 04:40:47.277] [modloading-worker-0/INFO] [com.teampotato.redirector.Redirector/]: Redirecting net/minecraft/world/entity/Entity$MovementEmission
[26Oct2025 04:40:47.327] [modloading-worker-0/INFO] [com.teampotato.redirector.Redirector/]: Redirecting net/minecraft/world/level/block/Rotation
[26Oct2025 04:40:47.328] [modloading-worker-0/INFO] [com.teampotato.redirector.Redirector/]: Redirecting net/minecraft/world/level/block/Mirror
[26Oct2025 04:40:47.329] [modloading-worker-0/INFO] [com.teampotato.redirector.Redirector/]: Redirecting net/minecraft/commands/arguments/EntityAnchorArgument$Anchor
[26Oct2025 04:40:47.343] [modloading-worker-0/INFO] [com.teampotato.redirector.Redirector/]: Redirecting me/wesley1808/servercore/common/activation_range/ActivationType
[26Oct2025 04:40:47.644] [modloading-worker-0/INFO] [com.teampotato.redirector.Redirector/]: Redirecting com/legacy/dungeons_plus/structures/reanimated_ruins/ReanimatedRuinsType
[26Oct2025 04:40:47.817] [modloading-worker-0/INFO] [ironfurnaces.IronFurnaces/]: Initializing Update Checker...
[26Oct2025 04:40:47.820] [ Iron Furnaces Update Checker/INFO] [ironfurnaces.IronFurnaces/]: Starting Update Check...
[26Oct2025 04:40:47.888] [modloading-worker-0/INFO] [com.teampotato.redirector.Redirector/]: Redirecting me/wesley1808/servercore/common/dynamic/DynamicSetting
[26Oct2025 04:40:47.949] [modloading-worker-0/INFO] [me.wesley1808.servercore.common.ServerCore/]: [ServerCore] Loaded V1.3.6+1.19.2!
[26Oct2025 04:40:48.156] [ Iron Furnaces Update Checker/INFO] [ironfurnaces.IronFurnaces/]: Update Check done!
[26Oct2025 04:40:48.160] [ Iron Furnaces Update Checker/INFO] [ironfurnaces.IronFurnaces/]: Iron Furnaces is up to date!
[26Oct2025 04:40:48.185] [modloading-worker-0/INFO] [com.teampotato.redirector.Redirector/]: Redirecting top/theillusivec4/curios/client/CuriosClientConfig$Client$ButtonCorner
[26Oct2025 04:40:48.192] [modloading-worker-0/INFO] [io.github.apace100.origins.Origins/]: Origins 1.19.2-1.7.1.7 is initializing. Have fun!
[26Oct2025 04:40:48.193] [modloading-worker-0/INFO] [com.teampotato.redirector.Redirector/]: Redirecting io/github/jamalam360/rightclickharvest/config/Config$HungerLevel
[26Oct2025 04:40:48.224] [modloading-worker-0/INFO] [io.github.steveplays28.noisium.Noisium/]: Loading Noisium.
[26Oct2025 04:40:48.273] [modloading-worker-0/INFO] [com.aetherteam.cumulus.Cumulus/]: Disabling Cumulus as it is on server.
[26Oct2025 04:40:48.295] [modloading-worker-0/INFO] [com.teampotato.redirector.Redirector/]: Redirecting net/minecraft/world/level/GameRules$Category
[26Oct2025 04:40:48.316] [modloading-worker-0/INFO] [com.teampotato.redirector.Redirector/]: Redirecting net/minecraft/world/entity/HumanoidArm
[26Oct2025 04:40:48.470] [modloading-worker-0/INFO] [com.teampotato.redirector.Redirector/]: Redirecting com/bobmowzie/mowziesmobs/server/creativetab/CreativeTabHandler
[26Oct2025 04:40:48.541] [modloading-worker-0/INFO] [Puzzles Lib/]: Constructing common components for mod mutantmonsters
[26Oct2025 04:40:48.543] [modloading-worker-0/INFO] [com.teampotato.redirector.Redirector/]: Redirecting com/majruszlibrary/animations/AnimationsDef$Easing
[26Oct2025 04:40:48.593] [modloading-worker-0/INFO] [com.teampotato.redirector.Redirector/]: Redirecting fuzs/puzzleslib/core/ModLoader
[26Oct2025 04:40:48.661] [modloading-worker-0/INFO] [com.teampotato.redirector.Redirector/]: Redirecting fuzs/puzzleslib/network/MessageDirection
[26Oct2025 04:40:48.696] [modloading-worker-0/INFO] [com.teampotato.redirector.Redirector/]: Redirecting virtuoel/pehkui/server/command/DebugCommand$PacketType
[26Oct2025 04:40:48.723] [modloading-worker-0/INFO] [com.jtorleonstudios.libraryferret.LibraryFerret/]: Initialize mod Library Ferret
[26Oct2025 04:40:48.760] [modloading-worker-0/INFO] [com.jtorleonstudios.libraryferret.LibraryFerret/]: Initialized mod Library Ferret
[26Oct2025 04:40:48.775] [modloading-worker-0/INFO] [com.teampotato.redirector.Redirector/]: Redirecting net/minecraft/server/packs/PackType
[26Oct2025 04:40:48.806] [modloading-worker-0/INFO] [com.teampotato.redirector.Redirector/]: Redirecting com/chaosthedude/naturescompass/client/OverlaySide
[26Oct2025 04:40:48.821] [modloading-worker-0/INFO] [com.leclowndu93150.corpsecurioscompat.Main/]: Hello from Corpse Curios Compat!
[26Oct2025 04:40:48.829] [modloading-worker-0/INFO] [com.teampotato.redirector.Redirector/]: Redirecting vice/rubidium_extras/config/MagnesiumExtrasConfig$FullscreenMode
[26Oct2025 04:40:48.833] [modloading-worker-0/INFO] [com.teampotato.redirector.Redirector/]: Redirecting vice/rubidium_extras/config/MagnesiumExtrasConfig$DarknessOption
[26Oct2025 04:40:48.841] [modloading-worker-0/INFO] [com.teampotato.redirector.Redirector/]: Redirecting vice/rubidium_extras/config/MagnesiumExtrasConfig$ZoomTransitionOptions
[26Oct2025 04:40:48.844] [modloading-worker-0/INFO] [com.teampotato.redirector.Redirector/]: Redirecting vice/rubidium_extras/config/MagnesiumExtrasConfig$ZoomModes
[26Oct2025 04:40:48.846] [modloading-worker-0/INFO] [com.teampotato.redirector.Redirector/]: Redirecting vice/rubidium_extras/config/MagnesiumExtrasConfig$CinematicCameraOptions
[26Oct2025 04:40:48.860] [modloading-worker-0/INFO] [net.minecraftforge.common.ForgeMod/FORGEMOD]: Forge mod loading, version 43.4.2, for MC 1.19.2 with MCP 20220805.130853
[26Oct2025 04:40:48.860] [modloading-worker-0/INFO] [net.minecraftforge.common.MinecraftForge/FORGE]: MinecraftForge v43.4.2 Initialized
[26Oct2025 04:40:48.873] [modloading-worker-0/INFO] [com.teampotato.redirector.Redirector/]: Redirecting com/progwml6/ironchest/common/item/IronChestsUpgradeType
[26Oct2025 04:40:48.876] [modloading-worker-0/INFO] [com.teampotato.redirector.Redirector/]: Redirecting com/progwml6/ironchest/common/block/IronChestsTypes
[26Oct2025 04:40:48.965] [modloading-worker-0/INFO] [com.teampotato.redirector.Redirector/]: Redirecting com/blamejared/crafttweaker/api/util/HandleUtil$AccessType
[26Oct2025 04:40:48.976] [modloading-worker-0/INFO] [com.teampotato.redirector.Redirector/]: Redirecting com/blamejared/crafttweaker/api/ingredient/serializer/IngredientAnySerializer
[26Oct2025 04:40:48.978] [modloading-worker-0/INFO] [com.teampotato.redirector.Redirector/]: Redirecting com/blamejared/crafttweaker/api/ingredient/serializer/IngredientListSerializer
[26Oct2025 04:40:48.979] [modloading-worker-0/INFO] [com.teampotato.redirector.Redirector/]: Redirecting com/blamejared/crafttweaker/api/ingredient/serializer/IngredientTransformedSerializer
[26Oct2025 04:40:48.980] [modloading-worker-0/INFO] [com.teampotato.redirector.Redirector/]: Redirecting com/blamejared/crafttweaker/api/ingredient/serializer/IngredientConditionedSerializer
[26Oct2025 04:40:48.981] [modloading-worker-0/INFO] [com.teampotato.redirector.Redirector/]: Redirecting com/blamejared/crafttweaker/api/ingredient/serializer/IngredientPartialTagSerializer
[26Oct2025 04:40:48.997] [modloading-worker-0/INFO] [com.teampotato.redirector.Redirector/]: Redirecting net/bettercombat/logic/TargetHelper$Relation
[26Oct2025 04:40:49.056] [modloading-worker-0/INFO] [com.teampotato.redirector.Redirector/]: Redirecting net/bettercombat/Platform$Type
[26Oct2025 04:40:49.168] [modloading-worker-0/INFO] [com.teampotato.redirector.Redirector/]: Redirecting com/blamejared/crafttweaker/api/ingredient/type/IIngredientEmpty
[26Oct2025 04:40:49.174] [modloading-worker-0/INFO] [com.teampotato.redirector.Redirector/]: Redirecting com/blamejared/crafttweaker/api/ingredient/type/IIngredientAny
[26Oct2025 04:40:49.202] [modloading-worker-0/INFO] [xyz.apex.forge.commonality.Mods.CommonalityMod/]: Running Minecraft '1.19.2', & Forge '43.4.2' on Java '17.0.16, Ubuntu'
[26Oct2025 04:40:49.207] [modloading-worker-0/INFO] [com.teampotato.redirector.Redirector/]: Redirecting xyz/apex/forge/commonality/trust/TrustState
[26Oct2025 04:40:49.208] [modloading-worker-0/INFO] [TrustedSourceList/]: Loading BlackListed sources from remote... (https://api.stopmodreposts.org/minecraft/sites.txt)
[26Oct2025 04:40:49.264] [modloading-worker-0/INFO] [com.teampotato.redirector.Redirector/]: Redirecting com/blamejared/crafttweaker/api/loot/LootManager
[26Oct2025 04:40:49.269] [modloading-worker-0/INFO] [com.teampotato.redirector.Redirector/]: Redirecting com/blamejared/crafttweaker/api/loot/table/LootTableManager
[26Oct2025 04:40:49.274] [modloading-worker-0/INFO] [com.teampotato.redirector.Redirector/]: Redirecting com/blamejared/crafttweaker/api/loot/modifier/LootModifierManager
[26Oct2025 04:40:49.297] [modloading-worker-0/INFO] [com.teampotato.redirector.Redirector/]: Redirecting com/blamejared/crafttweaker/api/recipe/manager/FurnaceRecipeManager
[26Oct2025 04:40:49.303] [modloading-worker-0/INFO] [com.teampotato.redirector.Redirector/]: Redirecting com/blamejared/crafttweaker/api/recipe/manager/StoneCutterManager
[26Oct2025 04:40:49.304] [modloading-worker-0/INFO] [com.teampotato.redirector.Redirector/]: Redirecting com/blamejared/crafttweaker/api/recipe/manager/BlastFurnaceRecipeManager
[26Oct2025 04:40:49.306] [modloading-worker-0/INFO] [com.teampotato.redirector.Redirector/]: Redirecting com/blamejared/crafttweaker/api/recipe/manager/CraftingTableRecipeManager
[26Oct2025 04:40:49.308] [modloading-worker-0/INFO] [com.teampotato.redirector.Redirector/]: Redirecting com/blamejared/crafttweaker/api/recipe/manager/SmithingRecipeManager
[26Oct2025 04:40:49.312] [modloading-worker-0/INFO] [com.teampotato.redirector.Redirector/]: Redirecting com/blamejared/crafttweaker/api/recipe/manager/GenericRecipesManager
[26Oct2025 04:40:49.316] [modloading-worker-0/INFO] [com.teampotato.redirector.Redirector/]: Redirecting com/blamejared/crafttweaker/api/recipe/manager/CampFireRecipeManager
[26Oct2025 04:40:49.317] [modloading-worker-0/INFO] [com.teampotato.redirector.Redirector/]: Redirecting com/blamejared/crafttweaker/api/recipe/manager/SmokerRecipeManager
[26Oct2025 04:40:49.329] [modloading-worker-0/INFO] [com.teampotato.redirector.Redirector/]: Redirecting com/blamejared/crafttweaker/api/recipe/MirrorAxis
[26Oct2025 04:40:49.332] [modloading-worker-0/INFO] [com.teampotato.redirector.Redirector/]: Redirecting net/mehvahdjukaar/fastpaintings/DropMode
[26Oct2025 04:40:49.353] [modloading-worker-0/INFO] [com.teampotato.redirector.Redirector/]: Redirecting net/mehvahdjukaar/moonlight/api/platform/RegHelper$VariantType
[26Oct2025 04:40:49.362] [modloading-worker-0/INFO] [com.teampotato.redirector.Redirector/]: Redirecting net/mehvahdjukaar/moonlight/api/platform/PlatformHelper$Env
[26Oct2025 04:40:49.366] [modloading-worker-0/INFO] [com.teampotato.redirector.Redirector/]: Redirecting net/mehvahdjukaar/moonlight/api/platform/network/NetworkDir
[26Oct2025 04:40:49.367] [modloading-worker-0/INFO] [com.teampotato.redirector.Redirector/]: Redirecting net/mehvahdjukaar/moonlight/api/platform/configs/ConfigType
[26Oct2025 04:40:49.376] [modloading-worker-0/INFO] [com.teampotato.redirector.Redirector/]: Redirecting com/mojang/math/OctahedralGroup
[26Oct2025 04:40:49.381] [modloading-worker-0/INFO] [TrustedSourceList/]: Loaded 564 BlackListed sources from remote
[26Oct2025 04:40:49.381] [modloading-worker-0/INFO] [TrustManager/]: Loading mod 'commonality' TrustWorthiness...
[26Oct2025 04:40:49.382] [modloading-worker-0/FATAL] [TrustManager/]: Could not determine mod trust worthiness, Assuming Jar was downloaded from trusted source!
[26Oct2025 04:40:49.384] [modloading-worker-0/INFO] [TrustManager/]: Loaded mod 'commonality' TrustWorthiness: UNKNOWN
[26Oct2025 04:40:49.400] [modloading-worker-0/INFO] [Calio/]: Calio 1.19.2-1.7.0.4 initializing...
[26Oct2025 04:40:49.410] [modloading-worker-0/INFO] [com.teampotato.redirector.Redirector/]: Redirecting net/minecraft/world/phys/HitResult$Type
[26Oct2025 04:40:49.432] [modloading-worker-0/INFO] [com.teampotato.redirector.Redirector/]: Redirecting net/minecraft/world/inventory/RecipeBookType
[26Oct2025 04:40:49.451] [modloading-worker-0/INFO] [com.teampotato.redirector.Redirector/]: Redirecting com/ldtteam/domumornamentum/block/types/TimberFrameType
[26Oct2025 04:40:49.488] [modloading-worker-0/INFO] [com.teampotato.redirector.Redirector/]: Redirecting com/ldtteam/domumornamentum/block/types/ExtraBlockType
[26Oct2025 04:40:49.498] [modloading-worker-0/INFO] [com.teampotato.redirector.Redirector/]: Redirecting com/ldtteam/domumornamentum/block/types/FramedLightType
[26Oct2025 04:40:49.511] [modloading-worker-0/INFO] [com.teampotato.redirector.Redirector/]: Redirecting com/ldtteam/domumornamentum/block/types/BrickType
[26Oct2025 04:40:49.584] [modloading-worker-0/INFO] [com.teampotato.redirector.Redirector/]: Redirecting net/minecraft/world/entity/SpawnPlacements$Type
[26Oct2025 04:40:49.591] [modloading-worker-0/INFO] [com.teampotato.redirector.Redirector/]: Redirecting com/ldtteam/domumornamentum/shingles/ShingleHeightType
[26Oct2025 04:40:49.649] [modloading-worker-0/INFO] [com.teampotato.redirector.Redirector/]: Redirecting dev/itsmeow/whisperwoods/imdlib/util/config/CommonConfigAPI$ConfigType
[26Oct2025 04:40:49.713] [modloading-worker-0/INFO] [com.teampotato.redirector.Redirector/]: Redirecting dev/architectury/networking/NetworkManager$Side
[26Oct2025 04:40:49.723] [modloading-worker-0/INFO] [dev.architectury.networking.forge.NetworkManagerImpl/]: Registering C2S receiver with id architectury:sync_ids
[26Oct2025 04:40:49.723] [modloading-worker-0/INFO] [dev.architectury.networking.forge.NetworkManagerImpl/]: Registering C2S receiver with id whisperwoods:main_channel/cdff7a8a5b4f3f218b5f77ef22e66016
[26Oct2025 04:40:49.727] [modloading-worker-0/INFO] [com.teampotato.redirector.Redirector/]: Redirecting dev/architectury/utils/Env
[26Oct2025 04:40:49.728] [modloading-worker-0/INFO] [com.teampotato.redirector.Redirector/]: Redirecting net/minecraft/advancements/FrameType
[26Oct2025 04:40:49.728] [modloading-worker-0/INFO] [dev.architectury.networking.forge.NetworkManagerImpl/]: Registering C2S receiver with id whisperwoods:main_channel/773a011a51b630fba84ab824165fbd92
[26Oct2025 04:40:49.728] [modloading-worker-0/INFO] [dev.itsmeow.whisperwoods.WhisperwoodsMod/]: Spooking you...
[26Oct2025 04:40:49.732] [modloading-worker-0/INFO] [com.teampotato.redirector.Redirector/]: Redirecting net/minecraftforge/fluids/capability/IFluidHandler$FluidAction
[26Oct2025 04:40:49.746] [modloading-worker-0/INFO] [com.teampotato.redirector.Redirector/]: Redirecting com/ldtteam/structurize/update/UpdateMode
[26Oct2025 04:40:49.805] [modloading-worker-0/INFO] [com.teampotato.redirector.Redirector/]: Redirecting net/minecraftforge/event/level/PistonEvent$PistonMoveType
[26Oct2025 04:40:49.838] [modloading-worker-0/INFO] [com.teampotato.redirector.Redirector/]: Redirecting com/ldtteam/structurize/storage/ServerStructurePackLoader$ServerLoadingState
[26Oct2025 04:40:49.846] [modloading-worker-0/INFO] [com.teampotato.redirector.Redirector/]: Redirecting net/minecraft/world/level/saveddata/maps/MapDecoration$Type
[26Oct2025 04:40:49.856] [modloading-worker-0/INFO] [Puzzles Lib/]: Constructing common components for mod puzzleslib
[26Oct2025 04:40:49.858] [modloading-worker-0/INFO] [com.teampotato.redirector.Redirector/]: Redirecting net/minecraft/world/Difficulty
[26Oct2025 04:40:49.874] [Structurize IO Worker #0/INFO] [structurize/]: Registered structure pack: Steampunk
[26Oct2025 04:40:49.875] [modloading-worker-0/INFO] [com.teampotato.redirector.Redirector/]: Redirecting net/minecraft/world/level/GameType
[26Oct2025 04:40:49.881] [Structurize IO Worker #0/INFO] [structurize/]: Registered structure pack: Byzantine
[26Oct2025 04:40:49.887] [Structurize IO Worker #0/INFO] [structurize/]: Registered structure pack: Frontier
[26Oct2025 04:40:49.890] [Structurize IO Worker #0/INFO] [structurize/]: Registered structure pack: Corrupted
[26Oct2025 04:40:49.894] [Structurize IO Worker #0/INFO] [structurize/]: Registered structure pack: Antique
[26Oct2025 04:40:49.897] [Structurize IO Worker #0/INFO] [structurize/]: Registered structure pack: Functional Fantasy
[26Oct2025 04:40:49.904] [Structurize IO Worker #0/INFO] [structurize/]: Registered structure pack: Crimson Keep
[26Oct2025 04:40:49.911] [Structurize IO Worker #0/INFO] [structurize/]: Registered structure pack: Underwater Base
[26Oct2025 04:40:49.915] [Structurize IO Worker #0/WARN] [structurize/]: Missing Mod: create for Pack: FairyTale
[26Oct2025 04:40:49.917] [Structurize IO Worker #0/INFO] [structurize/]: Registered structure pack: High Magic
[26Oct2025 04:40:49.918] [Structurize IO Worker #0/INFO] [structurize/]: Registered structure pack: Warped Netherlands
[26Oct2025 04:40:49.922] [Structurize IO Worker #0/INFO] [structurize/]: Registered structure pack: Stalactite Caves
[26Oct2025 04:40:49.927] [Structurize IO Worker #0/INFO] [structurize/]: Registered structure pack: Space Wars
[26Oct2025 04:40:49.928] [Structurize IO Worker #0/INFO] [structurize/]: Registered structure pack: Shire
[26Oct2025 04:40:49.928] [Structurize IO Worker #0/INFO] [structurize/]: Registered structure pack: Desert Oasis
[26Oct2025 04:40:49.928] [Structurize IO Worker #0/INFO] [structurize/]: Registered structure pack: Pagoda
[26Oct2025 04:40:49.929] [Structurize IO Worker #0/INFO] [structurize/]: Registered structure pack: Minecolonies Original
[26Oct2025 04:40:49.929] [Structurize IO Worker #0/INFO] [structurize/]: Registered structure pack: Nordic Spruce
[26Oct2025 04:40:49.929] [Structurize IO Worker #0/INFO] [structurize/]: Registered structure pack: Medieval Spruce
[26Oct2025 04:40:49.929] [Structurize IO Worker #0/INFO] [structurize/]: Registered structure pack: Medieval Oak
[26Oct2025 04:40:49.929] [Structurize IO Worker #0/INFO] [structurize/]: Registered structure pack: Medieval Dark Oak
[26Oct2025 04:40:49.929] [Structurize IO Worker #0/INFO] [structurize/]: Registered structure pack: Medieval Birch
[26Oct2025 04:40:49.930] [Structurize IO Worker #0/INFO] [structurize/]: Registered structure pack: Lost Mesa City
[26Oct2025 04:40:49.931] [Structurize IO Worker #0/INFO] [structurize/]: Registered structure pack: Jungle Treehouse
[26Oct2025 04:40:49.931] [Structurize IO Worker #0/INFO] [structurize/]: Registered structure pack: Incan
[26Oct2025 04:40:49.931] [Structurize IO Worker #0/INFO] [structurize/]: Registered structure pack: Fortress
[26Oct2025 04:40:49.932] [Structurize IO Worker #0/INFO] [structurize/]: Registered structure pack: Dark Oak Treehouse
[26Oct2025 04:40:49.933] [Structurize IO Worker #0/INFO] [structurize/]: Registered structure pack: Colonial
[26Oct2025 04:40:49.934] [Structurize IO Worker #0/INFO] [structurize/]: Registered structure pack: Cavern
[26Oct2025 04:40:49.934] [Structurize IO Worker #0/INFO] [structurize/]: Registered structure pack: Caledonia
[26Oct2025 04:40:49.934] [Structurize IO Worker #0/INFO] [structurize/]: Registered structure pack: Urban Birch
[26Oct2025 04:40:49.934] [Structurize IO Worker #0/INFO] [structurize/]: Registered structure pack: Urban Savanna
[26Oct2025 04:40:49.939] [Structurize IO Worker #0/WARN] [structurize/]: Failed loading packs from main folder path: .
[26Oct2025 04:40:49.939] [Structurize IO Worker #0/WARN] [structurize/]: Failed loading client packs from main folder path: .
[26Oct2025 04:40:49.939] [Structurize IO Worker #0/WARN] [structurize/]: Finished discovering Server Structure packs
[26Oct2025 04:40:49.954] [modloading-worker-0/INFO] [com.teampotato.redirector.Redirector/]: Redirecting net/minecraft/world/level/material/MaterialColor$Brightness
[26Oct2025 04:40:49.972] [modloading-worker-0/INFO] [com.teampotato.redirector.Redirector/]: Redirecting net/minecraft/network/chat/ClickEvent$Action
[26Oct2025 04:40:49.977] [modloading-worker-0/INFO] [com.teampotato.redirector.Redirector/]: Redirecting vectorwing/farmersdelight/client/recipebook/CookingPotRecipeBookTab
[26Oct2025 04:40:49.991] [modloading-worker-0/INFO] [com.teampotato.redirector.Redirector/]: Redirecting com/blamejared/crafttweaker/api/zencode/ZenTypeInfo$TypeKind
[26Oct2025 04:40:50.040] [modloading-worker-0/INFO] [com.teampotato.redirector.Redirector/]: Redirecting potionstudios/byg/common/BYGTags
[26Oct2025 04:40:50.128] [modloading-worker-0/INFO] [ModernFix/]: Bypassed Mojang DFU
[26Oct2025 04:40:50.129] [modloading-worker-0/INFO] [com.teampotato.redirector.Redirector/]: Redirecting potionstudios/byg/common/block/FruitBlock$FruitType
[26Oct2025 04:40:50.136] [modloading-worker-0/ERROR] [structurize/]: ----------------------------------------------------------------- 
 Invalid DataFixer detected, schematics might not paste correctly! 
The following DataFixer was added: class org.embeddedt.modernfix.dfu.LazyDataFixer
-----------------------------------------------------------------
[26Oct2025 04:40:50.144] [modloading-worker-0/INFO] [com.teampotato.redirector.Redirector/]: Redirecting com/blamejared/crafttweaker/api/data/IData$Type
[26Oct2025 04:40:50.159] [modloading-worker-0/INFO] [com.teampotato.redirector.Redirector/]: Redirecting org/openzen/zencode/java/ZenCodeType$OperatorType
[26Oct2025 04:40:50.191] [modloading-worker-0/INFO] [com.teampotato.redirector.Redirector/]: Redirecting com/teammetallurgy/aquaculture/entity/FishType
[26Oct2025 04:40:50.202] [modloading-worker-0/INFO] [com.teampotato.redirector.Redirector/]: Redirecting org/openzen/zenscript/codemodel/OperatorType
[26Oct2025 04:40:50.203] [modloading-worker-0/INFO] [com.teampotato.redirector.Redirector/]: Redirecting org/openzen/zenscript/codemodel/type/BasicTypeID
[26Oct2025 04:40:50.241] [modloading-worker-0/INFO] [ModernFix/]: Instantiating Mojang DFU
[26Oct2025 04:40:50.289] [modloading-worker-0/INFO] [com.teampotato.redirector.Redirector/]: Redirecting com/blamejared/crafttweaker/api/ingredient/transform/serializer/TransformerReuseSerializer
[26Oct2025 04:40:50.356] [modloading-worker-0/INFO] [com.teampotato.redirector.Redirector/]: Redirecting potionstudios/byg/common/block/BYGWoodTypes
[26Oct2025 04:40:50.360] [modloading-worker-0/INFO] [com.teampotato.redirector.Redirector/]: Redirecting potionstudios/byg/common/block/BYGWoodTypes$GrowerItemType
[26Oct2025 04:40:50.362] [modloading-worker-0/INFO] [com.teampotato.redirector.Redirector/]: Redirecting potionstudios/byg/common/block/BYGWoodTypes$BlockType
[26Oct2025 04:40:50.362] [modloading-worker-0/INFO] [com.teampotato.redirector.Redirector/]: Redirecting potionstudios/byg/common/entity/boat/BYGBoat$BYGType
[26Oct2025 04:40:50.404] [Modding Legacy/blue_skies/Supporters thread/INFO] [ModdingLegacy/blue_skies/Supporter/]: Attempting to load the Modding Legacy supporters list from https://moddinglegacy.com/supporters-changelogs/supporters.txt
[26Oct2025 04:40:50.450] [modloading-worker-0/INFO] [com.teampotato.redirector.Redirector/]: Redirecting com/legacy/blue_skies/world/general_features/structures/villages/SkiesVillageBiomes
[26Oct2025 04:40:50.612] [modloading-worker-0/INFO] [com.teampotato.redirector.Redirector/]: Redirecting com/hidoni/transmog/config/TransmogRenderOption
[26Oct2025 04:40:50.619] [modloading-worker-0/INFO] [com.teampotato.redirector.Redirector/]: Redirecting com/hidoni/transmog/config/TooltipDetailLevel
[26Oct2025 04:40:50.726] [modloading-worker-0/INFO] [net.minecraftforge.coremod.CoreMod.apotheosis/COREMODLOG]: Replaced 1 calls to Enchantment#getMaxLevel() in net/minecraft/world/entity/npc/VillagerTrades$EnchantBookForEmeralds
[26Oct2025 04:40:50.727] [modloading-worker-0/INFO] [net.minecraftforge.coremod.CoreMod.apotheosis/COREMODLOG]: Replaced 1 calls to Enchantment#isTreasureOnly() in net/minecraft/world/entity/npc/VillagerTrades$EnchantBookForEmeralds
[26Oct2025 04:40:50.727] [modloading-worker-0/INFO] [net.minecraftforge.coremod.CoreMod.apotheosis/COREMODLOG]: Replaced 1 calls to Enchantment#isTradeable() in net/minecraft/world/entity/npc/VillagerTrades$EnchantBookForEmeralds
[26Oct2025 04:40:50.770] [Modding Legacy/blue_skies/Supporters thread/INFO] [com.teampotato.redirector.Redirector/]: Redirecting com/legacy/blue_skies/MLSupporter$Rank
[26Oct2025 04:40:50.770] [Modding Legacy/blue_skies/Supporters thread/INFO] [ModdingLegacy/blue_skies/Supporter/]: Successfully loaded the Modding Legacy supporters list.
[26Oct2025 04:40:50.811] [modloading-worker-0/INFO] [com.teampotato.redirector.Redirector/]: Redirecting com/blamejared/crafttweaker/impl/network/message/ClientMessages
[26Oct2025 04:40:51.132] [modloading-worker-0/INFO] [com.teampotato.redirector.Redirector/]: Redirecting net/minecraft/world/level/pathfinder/BlockPathTypes
[26Oct2025 04:40:51.221] [modloading-worker-0/INFO] [com.teampotato.redirector.Redirector/]: Redirecting com/aetherteam/aether/recipe/AetherBookCategory
[26Oct2025 04:40:51.248] [modloading-worker-0/INFO] [com.teampotato.redirector.Redirector/]: Redirecting dev/latvian/mods/kubejs/script/ScriptType
[26Oct2025 04:40:51.274] [modloading-worker-0/INFO] [com.teampotato.redirector.Redirector/]: Redirecting teamrazor/deepaether/entity/quail/QuailVariants
[26Oct2025 04:40:51.286] [modloading-worker-0/INFO] [com.teampotato.redirector.Redirector/]: Redirecting terrablender/api/SurfaceRuleManager$RuleCategory
[26Oct2025 04:40:51.366] [modloading-worker-0/INFO] [net.minecraft.util.datafix.DataFixers/]: Building unoptimized datafixer
[26Oct2025 04:40:51.412] [modloading-worker-0/INFO] [com.teampotato.redirector.Redirector/]: Redirecting net/p3pp3rf1y/sophisticatedcore/client/gui/SortButtonsPosition
[26Oct2025 04:40:51.465] [modloading-worker-0/INFO] [insane96mcp.insanelib.InsaneLib/]: Found (COMMON) InsaneLib Feature class insane96mcp.insanelib.module.base.feature.TagsFeature
[26Oct2025 04:40:51.474] [modloading-worker-0/INFO] [insane96mcp.insanelib.InsaneLib/]: Found (COMMON) InsaneLib Feature class insane96mcp.insanelib.module.base.feature.FixFeature
[26Oct2025 04:40:51.479] [modloading-worker-0/INFO] [insane96mcp.insanelib.InsaneLib/]: Found (COMMON) InsaneLib Feature class insane96mcp.insanelib.module.base.feature.AEC3DFeature
[26Oct2025 04:40:51.613] [modloading-worker-0/INFO] [com.teampotato.redirector.Redirector/]: Redirecting net/darkhax/bookshelf/api/PhysicalSide
[26Oct2025 04:40:51.618] [modloading-worker-0/INFO] [Bookshelf/]: Fixing MC-151457. Crafting remainder for minecraft:pufferfish_bucket is now minecraft:bucket.
[26Oct2025 04:40:51.619] [modloading-worker-0/INFO] [Bookshelf/]: Fixing MC-151457. Crafting remainder for minecraft:salmon_bucket is now minecraft:bucket.
[26Oct2025 04:40:51.620] [modloading-worker-0/INFO] [Bookshelf/]: Fixing MC-151457. Crafting remainder for minecraft:cod_bucket is now minecraft:bucket.
[26Oct2025 04:40:51.620] [modloading-worker-0/INFO] [Bookshelf/]: Fixing MC-151457. Crafting remainder for minecraft:tropical_fish_bucket is now minecraft:bucket.
[26Oct2025 04:40:51.620] [modloading-worker-0/INFO] [Bookshelf/]: Fixing MC-151457. Crafting remainder for minecraft:axolotl_bucket is now minecraft:bucket.
[26Oct2025 04:40:51.620] [modloading-worker-0/INFO] [Bookshelf/]: Fixing MC-151457. Crafting remainder for minecraft:powder_snow_bucket is now minecraft:bucket.
[26Oct2025 04:40:51.620] [modloading-worker-0/INFO] [Bookshelf/]: Fixing MC-151457. Crafting remainder for minecraft:tadpole_bucket is now minecraft:bucket.
[26Oct2025 04:40:51.666] [modloading-worker-0/INFO] [com.teampotato.redirector.Redirector/]: Redirecting net/p3pp3rf1y/sophisticatedcore/upgrades/feeding/HungerLevel
[26Oct2025 04:40:51.678] [modloading-worker-0/INFO] [com.teampotato.redirector.Redirector/]: Redirecting net/p3pp3rf1y/sophisticatedbackpacks/upgrades/refill/RefillUpgradeWrapper$TargetSlot
[26Oct2025 04:40:51.695] [modloading-worker-0/INFO] [com.teampotato.redirector.Redirector/]: Redirecting net/p3pp3rf1y/sophisticatedbackpacks/upgrades/inception/InventoryOrder
[26Oct2025 04:40:51.703] [modloading-worker-0/INFO] [com.teampotato.redirector.Redirector/]: Redirecting net/p3pp3rf1y/sophisticatedbackpacks/upgrades/toolswapper/ToolSwapMode
[26Oct2025 04:40:51.720] [modloading-worker-0/INFO] [com.teampotato.redirector.Redirector/]: Redirecting net/p3pp3rf1y/sophisticatedcore/upgrades/xppump/AutomationDirection
[26Oct2025 04:40:51.788] [modloading-worker-0/INFO] [insane96mcp.insanelib.InsaneLib/]: Found (COMMON) InsaneLib Feature class insane96mcp.progressivebosses.module.wither.feature.RewardFeature
[26Oct2025 04:40:51.793] [modloading-worker-0/INFO] [insane96mcp.insanelib.InsaneLib/]: Found (COMMON) InsaneLib Feature class insane96mcp.progressivebosses.module.wither.feature.ResistancesFeature
[26Oct2025 04:40:51.797] [modloading-worker-0/INFO] [insane96mcp.insanelib.InsaneLib/]: Found (COMMON) InsaneLib Feature class insane96mcp.progressivebosses.module.wither.feature.MiscFeature
[26Oct2025 04:40:51.803] [modloading-worker-0/INFO] [insane96mcp.insanelib.InsaneLib/]: Found (COMMON) InsaneLib Feature class insane96mcp.progressivebosses.module.wither.feature.MinionFeature
[26Oct2025 04:40:51.811] [modloading-worker-0/INFO] [insane96mcp.insanelib.InsaneLib/]: Found (COMMON) InsaneLib Feature class insane96mcp.progressivebosses.module.wither.feature.HealthFeature
[26Oct2025 04:40:51.820] [modloading-worker-0/INFO] [insane96mcp.insanelib.InsaneLib/]: Found (COMMON) InsaneLib Feature class insane96mcp.progressivebosses.module.wither.feature.DifficultyFeature
[26Oct2025 04:40:51.821] [modloading-worker-0/INFO] [com.teampotato.redirector.Redirector/]: Redirecting insane96mcp/insanelib/util/IdTagMatcher$Type
[26Oct2025 04:40:51.827] [modloading-worker-0/INFO] [insane96mcp.insanelib.InsaneLib/]: Found (COMMON) InsaneLib Feature class insane96mcp.progressivebosses.module.wither.feature.AttackFeature
[26Oct2025 04:40:51.839] [modloading-worker-0/INFO] [insane96mcp.insanelib.InsaneLib/]: Found (COMMON) InsaneLib Feature class insane96mcp.progressivebosses.module.elderguardian.feature.RewardFeature
[26Oct2025 04:40:51.846] [modloading-worker-0/INFO] [insane96mcp.insanelib.InsaneLib/]: Found (COMMON) InsaneLib Feature class insane96mcp.progressivebosses.module.elderguardian.feature.ResistancesFeature
[26Oct2025 04:40:51.850] [modloading-worker-0/INFO] [insane96mcp.insanelib.InsaneLib/]: Found (COMMON) InsaneLib Feature class insane96mcp.progressivebosses.module.elderguardian.feature.MinionFeature
[26Oct2025 04:40:51.852] [modloading-worker-0/INFO] [insane96mcp.insanelib.InsaneLib/]: Found (COMMON) InsaneLib Feature class insane96mcp.progressivebosses.module.elderguardian.feature.HealthFeature
[26Oct2025 04:40:51.856] [modloading-worker-0/INFO] [insane96mcp.insanelib.InsaneLib/]: Found (COMMON) InsaneLib Feature class insane96mcp.progressivebosses.module.elderguardian.feature.BaseFeature
[26Oct2025 04:40:51.862] [modloading-worker-0/INFO] [com.teampotato.redirector.Redirector/]: Redirecting tschipp/carryon/config/PropertyType
[26Oct2025 04:40:51.864] [modloading-worker-0/INFO] [insane96mcp.insanelib.InsaneLib/]: Found (COMMON) InsaneLib Feature class insane96mcp.progressivebosses.module.elderguardian.feature.AttackFeature
[26Oct2025 04:40:51.869] [modloading-worker-0/INFO] [insane96mcp.insanelib.InsaneLib/]: Found (COMMON) InsaneLib Feature class insane96mcp.progressivebosses.module.dragon.feature.RewardFeature
[26Oct2025 04:40:51.873] [modloading-worker-0/INFO] [insane96mcp.insanelib.InsaneLib/]: Found (COMMON) InsaneLib Feature class insane96mcp.progressivebosses.module.dragon.feature.ResistancesFeature
[26Oct2025 04:40:51.913] [modloading-worker-0/WARN] [mixin/]: @Final field f_31201_:Lorg/slf4j/Logger; in progressivebosses.mixins.json:DragonChargePlayerPhaseMixin should be final
[26Oct2025 04:40:51.916] [modloading-worker-0/INFO] [insane96mcp.insanelib.InsaneLib/]: Found (COMMON) InsaneLib Feature class insane96mcp.progressivebosses.module.dragon.feature.MinionFeature
[26Oct2025 04:40:51.919] [modloading-worker-0/INFO] [insane96mcp.insanelib.InsaneLib/]: Found (COMMON) InsaneLib Feature class insane96mcp.progressivebosses.module.dragon.feature.LarvaFeature
[26Oct2025 04:40:51.922] [modloading-worker-0/INFO] [insane96mcp.insanelib.InsaneLib/]: Found (COMMON) InsaneLib Feature class insane96mcp.progressivebosses.module.dragon.feature.HealthFeature
[26Oct2025 04:40:51.925] [modloading-worker-0/INFO] [de.keksuccino.melody.Melody/]: [MELODY] Disabling Melody since it's loaded server-side.
[26Oct2025 04:40:51.928] [modloading-worker-0/INFO] [insane96mcp.insanelib.InsaneLib/]: Found (COMMON) InsaneLib Feature class insane96mcp.progressivebosses.module.dragon.feature.DifficultyFeature
[26Oct2025 04:40:51.934] [modloading-worker-0/INFO] [insane96mcp.insanelib.InsaneLib/]: Found (COMMON) InsaneLib Feature class insane96mcp.progressivebosses.module.dragon.feature.CrystalFeature
[26Oct2025 04:40:51.943] [modloading-worker-0/INFO] [insane96mcp.insanelib.InsaneLib/]: Found (COMMON) InsaneLib Feature class insane96mcp.progressivebosses.module.dragon.feature.AttackFeature
[26Oct2025 04:40:51.956] [modloading-worker-0/INFO] [com.teampotato.redirector.Redirector/]: Redirecting net/mehvahdjukaar/dummmmmmy/configs/CommonConfigs$DpsMode
[26Oct2025 04:40:51.958] [modloading-worker-0/INFO] [com.teampotato.redirector.Redirector/]: Redirecting top/theillusivec4/curios/api/type/capability/ICurio$DropRule
[26Oct2025 04:40:51.960] [modloading-worker-0/INFO] [com.teampotato.redirector.Redirector/]: Redirecting net/mehvahdjukaar/dummmmmmy/configs/ClientConfigs$SkinType
[26Oct2025 04:40:51.967] [modloading-worker-0/INFO] [com.teampotato.redirector.Redirector/]: Redirecting it/hurts/sskirillss/relics/items/relics/base/data/cast/misc/CastType
[26Oct2025 04:40:51.969] [modloading-worker-0/INFO] [com.teampotato.redirector.Redirector/]: Redirecting it/hurts/sskirillss/relics/items/relics/base/data/cast/misc/CastStage
[26Oct2025 04:40:51.982] [modloading-worker-0/INFO] [de.keksuccino.konkrete.Konkrete/]: [KONKRETE] Successfully initialized!
[26Oct2025 04:40:51.994] [modloading-worker-0/INFO] [de.keksuccino.konkrete.Konkrete/]: [KONKRETE] Server-side libs ready to use!
[26Oct2025 04:40:52.376] [modloading-worker-0/INFO] [com.cupboard.Cupboard/]: Loaded config for: memorysettings.json
[26Oct2025 04:40:52.377] [modloading-worker-0/WARN] [com.memorysettings.MemorysettingsMod/]: You have more more memory allocated than recommended for your system, the recommended amount for your system is: 6998 mb.

[26Oct2025 04:40:52.466] [modloading-worker-0/INFO] [com.teampotato.redirector.Redirector/]: Redirecting vazkii/patchouli/common/base/PatchouliConfig$TextOverflowMode
[26Oct2025 04:40:52.777] [modloading-worker-0/INFO] [com.teampotato.redirector.Redirector/]: Redirecting net/minecraft/world/item/FireworkRocketItem$Shape
[26Oct2025 04:40:52.893] [modloading-worker-0/INFO] [com.teampotato.redirector.Redirector/]: Redirecting top/theillusivec4/curios/api/SlotTypePreset
[26Oct2025 04:40:52.987] [modloading-worker-0/INFO] [dev.limonblaze.originsclasses.OriginsClasses/]: Origins:Classes 1.2.1 has initialized. Time for work!
[26Oct2025 04:40:53.015] [modloading-worker-0/INFO] [com.teampotato.redirector.Redirector/]: Redirecting dev/limonblaze/originsclasses/common/event/ModifyCraftResultEvent$CraftingResultType
[26Oct2025 04:40:53.039] [modloading-worker-0/INFO] [dev.architectury.networking.forge.NetworkManagerImpl/]: Registering C2S receiver with id ftbultimine:key_pressed
[26Oct2025 04:40:53.039] [modloading-worker-0/INFO] [dev.architectury.networking.forge.NetworkManagerImpl/]: Registering C2S receiver with id ftbultimine:mode_changed
[26Oct2025 04:40:53.040] [modloading-worker-0/INFO] [dev.architectury.networking.forge.NetworkManagerImpl/]: Registering C2S receiver with id ftbultimine:sync_config_to_server
[26Oct2025 04:40:53.044] [modloading-worker-0/INFO] [com.teampotato.redirector.Redirector/]: Redirecting dev/ftb/mods/ftbultimine/net/SyncUltimineTimePacket$TimeType
[26Oct2025 04:40:53.138] [modloading-worker-0/INFO] [Enigmatic Legacy/INFO]: Constructing mod instance...
[26Oct2025 04:40:53.139] [modloading-worker-0/INFO] [com.teampotato.redirector.Redirector/]: Redirecting com/mojang/math/SymmetricGroup3
[26Oct2025 04:40:53.177] [modloading-worker-0/INFO] [com.teampotato.redirector.Redirector/]: Redirecting com/aizistral/omniconfig/Configuration$SidedConfigType
[26Oct2025 04:40:53.177] [modloading-worker-0/INFO] [com.teampotato.redirector.Redirector/]: Redirecting com/aizistral/omniconfig/Configuration$VersioningPolicy
[26Oct2025 04:40:53.192] [modloading-worker-0/INFO] [com.teampotato.redirector.Redirector/]: Redirecting com/aizistral/omniconfig/Property$Type
[26Oct2025 04:40:53.638] [modloading-worker-0/INFO] [com.teampotato.redirector.Redirector/]: Redirecting com/aizistral/enigmaticlegacy/items/EnigmaticAmulet$AmuletColor
[26Oct2025 04:40:53.707] [modloading-worker-0/INFO] [com.teampotato.redirector.Redirector/]: Redirecting com/aizistral/enigmaticlegacy/api/materials/EnigmaticMaterials
[26Oct2025 04:40:53.715] [modloading-worker-0/INFO] [com.teampotato.redirector.Redirector/]: Redirecting com/aizistral/enigmaticlegacy/api/materials/EnigmaticArmorMaterials
[26Oct2025 04:40:53.822] [modloading-worker-0/INFO] [Enigmatic Legacy/INFO]: Mod instance constructed successfully.
[26Oct2025 04:40:53.875] [modloading-worker-0/INFO] [com.teampotato.redirector.Redirector/]: Redirecting timefall/mcsa/items/armor/ArmorSets
[26Oct2025 04:40:53.891] [modloading-worker-0/INFO] [dev.architectury.networking.forge.NetworkManagerImpl/]: Registering C2S receiver with id ftblibrary:edit_nbt_response
[26Oct2025 04:40:53.911] [modloading-worker-0/INFO] [dev.architectury.networking.forge.NetworkManagerImpl/]: Registering C2S receiver with id ftbteams:open_gui
[26Oct2025 04:40:53.913] [modloading-worker-0/INFO] [dev.architectury.networking.forge.NetworkManagerImpl/]: Registering C2S receiver with id ftbteams:update_settings
[26Oct2025 04:40:53.917] [modloading-worker-0/INFO] [dev.architectury.networking.forge.NetworkManagerImpl/]: Registering C2S receiver with id ftbteams:send_message
[26Oct2025 04:40:53.918] [modloading-worker-0/INFO] [dev.architectury.networking.forge.NetworkManagerImpl/]: Registering C2S receiver with id ftbteams:create_party
[26Oct2025 04:40:53.921] [modloading-worker-0/INFO] [com.teampotato.redirector.Redirector/]: Redirecting dev/ftb/mods/ftbteams/net/PlayerGUIOperationMessage$Operation
[26Oct2025 04:40:53.922] [modloading-worker-0/INFO] [dev.architectury.networking.forge.NetworkManagerImpl/]: Registering C2S receiver with id ftbteams:player_gui_operation
[26Oct2025 04:40:53.938] [modloading-worker-0/INFO] [com.teampotato.redirector.Redirector/]: Redirecting com/builtbroken/ai/improvements/modifier/filters/FilterResult
[26Oct2025 04:40:53.957] [modloading-worker-0/INFO] [com.cupboard.Cupboard/]: Loaded config for: cupboard.json
[26Oct2025 04:40:53.966] [modloading-worker-0/INFO] [com.teampotato.redirector.Redirector/]: Redirecting com/talhanation/smallships/world/entity/ship/Ship$BiomeModifierType
[26Oct2025 04:40:54.059] [modloading-worker-0/INFO] [com.teampotato.redirector.Redirector/]: Redirecting com/jayway/jsonpath/Option
[26Oct2025 04:40:54.065] [modloading-worker-0/INFO] [KubeJS/]: Looking for KubeJS plugins...
[26Oct2025 04:40:54.089] [modloading-worker-0/INFO] [KubeJS/]: Found plugin source kubejs
[26Oct2025 04:40:54.097] [modloading-worker-0/INFO] [dev.architectury.networking.forge.NetworkManagerImpl/]: Registering C2S receiver with id itemfilters:main/14e7fa1454283aec8ae811ef844ada28
[26Oct2025 04:40:54.098] [modloading-worker-0/INFO] [dev.architectury.networking.forge.NetworkManagerImpl/]: Registering C2S receiver with id itemfilters:main/8f6a899247753217b9d86ab427a2b279
[26Oct2025 04:40:54.113] [modloading-worker-0/INFO] [com.teampotato.redirector.Redirector/]: Redirecting com/obscuria/obscureapi/client/renderer/PatreonLayer$Mode
[26Oct2025 04:40:54.117] [modloading-worker-0/ERROR] [net.minecraftforge.eventbus.EventSubclassTransformer/EVENTBUS]: Could not find parent net/minecraft/client/renderer/entity/layers/RenderLayer for class com/obscuria/obscureapi/client/renderer/PatreonLayer in classloader cpw.mods.modlauncher.TransformingClassLoader@10a0a1e on thread Thread[modloading-worker-0,5,main]
[26Oct2025 04:40:54.123] [modloading-worker-0/INFO] [com.teampotato.redirector.Redirector/]: Redirecting dev/ftb/mods/ftbquests/integration/RecipeModHelper$Components
[26Oct2025 04:40:54.120] [modloading-worker-0/ERROR] [net.minecraftforge.eventbus.EventSubclassTransformer/EVENTBUS]: An error occurred building event handler
java.lang.ClassNotFoundException: net.minecraft.client.renderer.entity.layers.RenderLayer
	at cpw.mods.cl.ModuleClassLoader.loadClass(ModuleClassLoader.java:141) ~[securejarhandler-2.1.4.jar:?]
	at java.lang.ClassLoader.loadClass(ClassLoader.java:525) ~[?:?]
	at net.minecraftforge.eventbus.EventSubclassTransformer.buildEvents(EventSubclassTransformer.java:92) ~[eventbus-6.0.3.jar%2349!/:?]
	at net.minecraftforge.eventbus.EventSubclassTransformer.transform(EventSubclassTransformer.java:44) ~[eventbus-6.0.3.jar%2349!/:?]
	at net.minecraftforge.eventbus.EventBusEngine.processClass(EventBusEngine.java:26) ~[eventbus-6.0.3.jar%2349!/:?]
	at net.minecraftforge.eventbus.service.ModLauncherService.processClassWithFlags(ModLauncherService.java:32) ~[eventbus-6.0.3.jar%2349!/:6.0.3+6.0.3+master.039e4ea9]
	at cpw.mods.modlauncher.LaunchPluginHandler.offerClassNodeToPlugins(LaunchPluginHandler.java:88) ~[modlauncher-10.0.8.jar%2352!/:?]
	at cpw.mods.modlauncher.ClassTransformer.transform(ClassTransformer.java:120) ~[modlauncher-10.0.8.jar%2352!/:?]
	at cpw.mods.modlauncher.TransformingClassLoader.maybeTransformClassBytes(TransformingClassLoader.java:50) ~[modlauncher-10.0.8.jar%2352!/:?]
	at cpw.mods.cl.ModuleClassLoader.readerToClass(ModuleClassLoader.java:113) ~[securejarhandler-2.1.4.jar:?]
	at cpw.mods.cl.ModuleClassLoader.lambda$findClass$15(ModuleClassLoader.java:219) ~[securejarhandler-2.1.4.jar:?]
	at cpw.mods.cl.ModuleClassLoader.loadFromModule(ModuleClassLoader.java:229) ~[securejarhandler-2.1.4.jar:?]
	at cpw.mods.cl.ModuleClassLoader.findClass(ModuleClassLoader.java:219) ~[securejarhandler-2.1.4.jar:?]
	at cpw.mods.cl.ModuleClassLoader.loadClass(ModuleClassLoader.java:135) ~[securejarhandler-2.1.4.jar:?]
	at java.lang.ClassLoader.loadClass(ClassLoader.java:525) ~[?:?]
	at java.lang.ClassLoader.defineClass0(Native Method) ~[?:?]
	at java.lang.System$2.defineClass(System.java:2324) ~[?:?]
	at java.lang.invoke.MethodHandles$Lookup$ClassDefiner.defineClass(MethodHandles.java:2439) ~[?:?]
	at java.lang.invoke.MethodHandles$Lookup$ClassDefiner.defineClassAsLookup(MethodHandles.java:2420) ~[?:?]
	at java.lang.invoke.MethodHandles$Lookup.defineHiddenClass(MethodHandles.java:2127) ~[?:?]
	at java.lang.invoke.InnerClassLambdaMetafactory.generateInnerClass(InnerClassLambdaMetafactory.java:407) ~[?:?]
	at java.lang.invoke.InnerClassLambdaMetafactory.spinInnerClass(InnerClassLambdaMetafactory.java:315) ~[?:?]
	at java.lang.invoke.InnerClassLambdaMetafactory.buildCallSite(InnerClassLambdaMetafactory.java:228) ~[?:?]
	at java.lang.invoke.LambdaMetafactory.metafactory(LambdaMetafactory.java:341) ~[?:?]
	at java.lang.invoke.BootstrapMethodInvoker.invoke(BootstrapMethodInvoker.java:134) ~[?:?]
	at java.lang.invoke.CallSite.makeSite(CallSite.java:315) ~[?:?]
	at java.lang.invoke.MethodHandleNatives.linkCallSiteImpl(MethodHandleNatives.java:281) ~[?:?]
	at java.lang.invoke.MethodHandleNatives.linkCallSite(MethodHandleNatives.java:271) ~[?:?]
	at com.obscuria.obscureapi.client.renderer.PatreonLayer$Mode.<clinit>(PatreonLayer.java:55) ~[obscure_api-15.jar%23562!/:15]
	at com.obscuria.obscureapi.ObscureAPIConfig$Client.<clinit>(ObscureAPIConfig.java:26) ~[obscure_api-15.jar%23562!/:15]
	at com.obscuria.obscureapi.ObscureAPIConfig.register(ObscureAPIConfig.java:42) ~[obscure_api-15.jar%23562!/:15]
	at com.obscuria.obscureapi.ObscureAPI.<init>(ObscureAPI.java:68) ~[obscure_api-15.jar%23562!/:15]
	at jdk.internal.reflect.NativeConstructorAccessorImpl.newInstance0(Native Method) ~[?:?]
	at jdk.internal.reflect.NativeConstructorAccessorImpl.newInstance(NativeConstructorAccessorImpl.java:77) ~[?:?]
	at jdk.internal.reflect.DelegatingConstructorAccessorImpl.newInstance(DelegatingConstructorAccessorImpl.java:45) ~[?:?]
	at java.lang.reflect.Constructor.newInstanceWithCaller(Constructor.java:500) ~[?:?]
	at java.lang.reflect.Constructor.newInstance(Constructor.java:481) ~[?:?]
	at net.minecraftforge.fml.javafmlmod.FMLModContainer.constructMod(FMLModContainer.java:70) ~[javafmllanguage-1.19.2-43.4.2.jar%23657!/:?]
	at net.minecraftforge.fml.ModContainer.lambda$buildTransitionHandler$4(ModContainer.java:122) ~[fmlcore-1.19.2-43.4.2.jar%23656!/:?]
	at java.util.concurrent.CompletableFuture$AsyncRun.run(CompletableFuture.java:1804) [?:?]
	at java.util.concurrent.CompletableFuture$AsyncRun.exec(CompletableFuture.java:1796) [?:?]
	at java.util.concurrent.ForkJoinTask.doExec(ForkJoinTask.java:373) [?:?]
	at java.util.concurrent.ForkJoinPool$WorkQueue.topLevelExec(ForkJoinPool.java:1182) [?:?]
	at java.util.concurrent.ForkJoinPool.scan(ForkJoinPool.java:1655) [?:?]
	at java.util.concurrent.ForkJoinPool.runWorker(ForkJoinPool.java:1622) [?:?]
	at java.util.concurrent.ForkJoinWorkerThread.run(ForkJoinWorkerThread.java:165) [?:?]
[26Oct2025 04:40:54.125] [modloading-worker-0/ERROR] [net.minecraftforge.fml.loading.RuntimeDistCleaner/DISTXFORM]: Attempted to load class com/obscuria/obscureapi/client/renderer/PatreonLayer for invalid dist DEDICATED_SERVER
[26Oct2025 04:40:54.131] [modloading-worker-0/INFO] [KubeJS/]: Loaded common.properties
[26Oct2025 04:40:54.137] [modloading-worker-0/INFO] [KubeJS/]: Loaded dev.properties
[26Oct2025 04:40:54.137] [modloading-worker-0/WARN] [KubeJS/]: Plugin dev.latvian.mods.kubejs.forge.BuiltinKubeJSForgeClientPlugin does not load on server side, skipping
[26Oct2025 04:40:54.163] [modloading-worker-0/INFO] [com.teampotato.redirector.Redirector/]: Redirecting dev/ftb/mods/ftbquests/quest/task/ObservationTask$ObserveType
[26Oct2025 04:40:54.221] [modloading-worker-0/INFO] [dev.architectury.networking.forge.NetworkManagerImpl/]: Registering C2S receiver with id ftbquests:submit_task
[26Oct2025 04:40:54.222] [modloading-worker-0/INFO] [dev.architectury.networking.forge.NetworkManagerImpl/]: Registering C2S receiver with id ftbquests:claim_reward
[26Oct2025 04:40:54.223] [modloading-worker-0/INFO] [dev.architectury.networking.forge.NetworkManagerImpl/]: Registering C2S receiver with id ftbquests:get_emergency_items
[26Oct2025 04:40:54.224] [modloading-worker-0/INFO] [com.teampotato.redirector.Redirector/]: Redirecting com/majruszsaccessories/common/AccessoryHolder$RandomType
[26Oct2025 04:40:54.229] [modloading-worker-0/INFO] [dev.architectury.networking.forge.NetworkManagerImpl/]: Registering C2S receiver with id ftbquests:claim_all_rewards
[26Oct2025 04:40:54.232] [modloading-worker-0/INFO] [dev.architectury.networking.forge.NetworkManagerImpl/]: Registering C2S receiver with id ftbquests:claim_choice_reward
[26Oct2025 04:40:54.234] [modloading-worker-0/INFO] [dev.architectury.networking.forge.NetworkManagerImpl/]: Registering C2S receiver with id ftbquests:toggle_pinned
[26Oct2025 04:40:54.241] [modloading-worker-0/INFO] [dev.architectury.networking.forge.NetworkManagerImpl/]: Registering C2S receiver with id ftbquests:toggle_chapter_pinned
[26Oct2025 04:40:54.249] [modloading-worker-0/INFO] [KubeJS/]: Found plugin source ftbxmodcompat
[26Oct2025 04:40:54.256] [modloading-worker-0/INFO] [dev.architectury.networking.forge.NetworkManagerImpl/]: Registering C2S receiver with id ftbquests:toggle_editing_mode
[26Oct2025 04:40:54.257] [modloading-worker-0/INFO] [dev.architectury.networking.forge.NetworkManagerImpl/]: Registering C2S receiver with id ftbquests:force_save
[26Oct2025 04:40:54.258] [modloading-worker-0/INFO] [dev.architectury.networking.forge.NetworkManagerImpl/]: Registering C2S receiver with id ftbquests:set_custom_image
[26Oct2025 04:40:54.269] [modloading-worker-0/INFO] [dev.architectury.networking.forge.NetworkManagerImpl/]: Registering C2S receiver with id ftbquests:task_screen_config_resp
[26Oct2025 04:40:54.272] [modloading-worker-0/INFO] [KubeJS/]: Done in 204.9 ms
[26Oct2025 04:40:54.287] [modloading-worker-0/INFO] [dev.architectury.networking.forge.NetworkManagerImpl/]: Registering C2S receiver with id ftbquests:change_progress
[26Oct2025 04:40:54.288] [modloading-worker-0/INFO] [dev.architectury.networking.forge.NetworkManagerImpl/]: Registering C2S receiver with id ftbquests:create_object
[26Oct2025 04:40:54.289] [modloading-worker-0/INFO] [dev.architectury.networking.forge.NetworkManagerImpl/]: Registering C2S receiver with id ftbquests:create_task_at
[26Oct2025 04:40:54.289] [modloading-worker-0/INFO] [dev.architectury.networking.forge.NetworkManagerImpl/]: Registering C2S receiver with id ftbquests:delete_object
[26Oct2025 04:40:54.296] [modloading-worker-0/INFO] [dev.architectury.networking.forge.NetworkManagerImpl/]: Registering C2S receiver with id ftbquests:edit_object
[26Oct2025 04:40:54.297] [modloading-worker-0/INFO] [dev.architectury.networking.forge.NetworkManagerImpl/]: Registering C2S receiver with id ftbquests:move_chapter
[26Oct2025 04:40:54.298] [modloading-worker-0/INFO] [dev.architectury.networking.forge.NetworkManagerImpl/]: Registering C2S receiver with id ftbquests:move_quest
[26Oct2025 04:40:54.302] [modloading-worker-0/INFO] [dev.architectury.networking.forge.NetworkManagerImpl/]: Registering C2S receiver with id ftbquests:change_chapter_group
[26Oct2025 04:40:54.309] [modloading-worker-0/INFO] [dev.architectury.networking.forge.NetworkManagerImpl/]: Registering C2S receiver with id ftbquests:move_chapter_group
[26Oct2025 04:40:54.310] [modloading-worker-0/INFO] [dev.architectury.networking.forge.NetworkManagerImpl/]: Registering C2S receiver with id ftbquests:copy_quest
[26Oct2025 04:40:54.320] [modloading-worker-0/INFO] [dev.architectury.networking.forge.NetworkManagerImpl/]: Registering C2S receiver with id ftbquests:copy_chapter_image
[26Oct2025 04:40:54.325] [modloading-worker-0/INFO] [dev.architectury.networking.forge.NetworkManagerImpl/]: Registering C2S receiver with id ftbquests:sync_structures_request
[26Oct2025 04:40:54.429] [modloading-worker-0/INFO] [com.teampotato.redirector.Redirector/]: Redirecting dev/ftb/mods/ftblibrary/config/Tristate
[26Oct2025 04:40:54.441] [modloading-worker-0/INFO] [FTB XMod Compat/]: FTB Quests: Enabled KubeJS integration
[26Oct2025 04:40:54.447] [modloading-worker-0/INFO] [FTB XMod Compat/]: [FTB Chunks] Enabled KubeJS integration
[26Oct2025 04:40:54.507] [modloading-worker-0/INFO] [com.teampotato.redirector.Redirector/]: Redirecting net/blay09/mods/waystones/config/DimensionalWarp
[26Oct2025 04:40:54.509] [modloading-worker-0/INFO] [com.teampotato.redirector.Redirector/]: Redirecting net/blay09/mods/waystones/config/WorldGenStyle
[26Oct2025 04:40:54.512] [modloading-worker-0/INFO] [com.teampotato.redirector.Redirector/]: Redirecting net/blay09/mods/waystones/worldgen/namegen/NameGenerationMode
[26Oct2025 04:40:54.542] [modloading-worker-0/INFO] [com.teampotato.redirector.Redirector/]: Redirecting com/illusivesoulworks/spectrelib/config/SpectreConfig$Type
[26Oct2025 04:40:54.551] [modloading-worker-0/INFO] [Rhino Script Remapper/]: Loading Rhino Minecraft remapper...
[26Oct2025 04:40:54.552] [modloading-worker-0/INFO] [com.teampotato.redirector.Redirector/]: Redirecting dev/latvian/mods/rhino/mod/util/RhinoProperties
[26Oct2025 04:40:54.556] [modloading-worker-0/INFO] [dev.latvian.mods.rhino.mod.util.RhinoProperties/]: Rhino properties loaded.
[26Oct2025 04:40:54.569] [modloading-worker-0/INFO] [Rhino Script Remapper/]: Loading mappings for 1.19.2
[26Oct2025 04:40:54.582] [modloading-worker-0/INFO] [com.teampotato.redirector.Redirector/]: Redirecting com/illusivesoulworks/spectrelib/config/SpectreConfig$InstanceType
[26Oct2025 04:40:54.602] [modloading-worker-0/INFO] [com.teampotato.redirector.Redirector/]: Redirecting lilypuree/decorative_blocks/blocks/types/VanillaWoodTypes
[26Oct2025 04:40:54.611] [modloading-worker-0/INFO] [com.teampotato.redirector.Redirector/]: Redirecting lilypuree/decorative_blocks/blocks/types/WoodDecorativeBlockTypes
[26Oct2025 04:40:54.639] [modloading-worker-0/INFO] [Enigmatic Addons/INFO]: Constructing mod instance...
[26Oct2025 04:40:54.663] [modloading-worker-0/INFO] [Dungeon Crawl/]: Here we go! Launching Dungeon Crawl 2.3.12...
[26Oct2025 04:40:54.709] [modloading-worker-0/INFO] [com.teampotato.redirector.Redirector/]: Redirecting com/chaosthedude/explorerscompass/client/OverlaySide
[26Oct2025 04:40:54.807] [modloading-worker-0/INFO] [Rhino Script Remapper/]: Done in 0.256 s
[26Oct2025 04:40:54.841] [modloading-worker-0/INFO] [com.teampotato.redirector.Redirector/]: Redirecting dev/latvian/mods/rhino/TopLevel$Builtins
[26Oct2025 04:40:54.845] [modloading-worker-0/INFO] [com.teampotato.redirector.Redirector/]: Redirecting dev/latvian/mods/rhino/TopLevel$NativeErrors
[26Oct2025 04:40:54.847] [modloading-worker-0/INFO] [com.teampotato.redirector.Redirector/]: Redirecting dev/latvian/mods/rhino/ScriptableObject$SlotAccess
[26Oct2025 04:40:54.845] [modloading-worker-0/INFO] [com.teampotato.redirector.Redirector/]: Redirecting com/teamabnormals/blueprint/common/world/storage/tracking/SyncType
[26Oct2025 04:40:54.867] [modloading-worker-0/INFO] [com.teampotato.redirector.Redirector/]: Redirecting dev/latvian/mods/rhino/MemberType
[26Oct2025 04:40:54.897] [modloading-worker-0/INFO] [Enigmatic Addons/INFO]: Mod instance constructed successfully.
[26Oct2025 04:40:54.964] [modloading-worker-0/INFO] [com.teampotato.redirector.Redirector/]: Redirecting com/teamabnormals/blueprint/common/world/storage/tracking/TrackedDataManager
[26Oct2025 04:40:54.969] [modloading-worker-0/INFO] [com.teampotato.redirector.Redirector/]: Redirecting dev/latvian/mods/rhino/ES6Generator$State
[26Oct2025 04:40:54.993] [modloading-worker-0/INFO] [com.teampotato.redirector.Redirector/]: Redirecting dev/latvian/mods/rhino/NativeCollectionIterator$Type
[26Oct2025 04:40:55.093] [modloading-worker-0/INFO] [dev.architectury.networking.forge.NetworkManagerImpl/]: Registering C2S receiver with id ftbchunks:request_map_data
[26Oct2025 04:40:55.099] [modloading-worker-0/INFO] [dev.architectury.networking.forge.NetworkManagerImpl/]: Registering C2S receiver with id ftbchunks:request_chunk_change
[26Oct2025 04:40:55.100] [modloading-worker-0/INFO] [dev.architectury.networking.forge.NetworkManagerImpl/]: Registering C2S receiver with id ftbchunks:teleport_from_map
[26Oct2025 04:40:55.106] [modloading-worker-0/INFO] [com.teampotato.redirector.Redirector/]: Redirecting mod/azure/azurelib/config/TestingConfig$TestEnum
[26Oct2025 04:40:55.109] [modloading-worker-0/INFO] [dev.architectury.networking.forge.NetworkManagerImpl/]: Registering C2S receiver with id ftbchunks:sync_tx
[26Oct2025 04:40:55.128] [modloading-worker-0/INFO] [dev.architectury.networking.forge.NetworkManagerImpl/]: Registering C2S receiver with id ftbchunks:update_force_load_expiry
[26Oct2025 04:40:55.129] [modloading-worker-0/INFO] [dev.architectury.networking.forge.NetworkManagerImpl/]: Registering C2S receiver with id ftbchunks:server_config_request
[26Oct2025 04:40:55.132] [modloading-worker-0/INFO] [com.teampotato.redirector.Redirector/]: Redirecting net/minecraft/world/level/storage/loot/functions/CopyNameFunction$NameSource
[26Oct2025 04:40:55.160] [modloading-worker-0/INFO] [com.teampotato.redirector.Redirector/]: Redirecting dev/ftb/mods/ftblibrary/integration/stages/StageHelper
[26Oct2025 04:40:55.161] [modloading-worker-0/INFO] [FTB Library/]: Setting game stages provider implementation to: KubeJS Stages
[26Oct2025 04:40:55.162] [modloading-worker-0/INFO] [FTB XMod Compat/]: Chose [KubeJS Stages] as the active game stages implementation
[26Oct2025 04:40:55.162] [modloading-worker-0/INFO] [com.teampotato.redirector.Redirector/]: Redirecting dev/ftb/mods/ftblibrary/integration/permissions/PermissionHelper
[26Oct2025 04:40:55.163] [modloading-worker-0/INFO] [FTB XMod Compat/]: Chose [FALLBACK] as the active permissions implementation
[26Oct2025 04:40:55.167] [modloading-worker-0/INFO] [FTB XMod Compat/]: [FTB Quests] recipe helper provider is [JEI]
[26Oct2025 04:40:55.170] [modloading-worker-0/INFO] [FTB XMod Compat/]: [FTB Chunks] Enabled Waystones integration
[26Oct2025 04:40:55.214] [modloading-worker-0/INFO] [mod.azure.azurelib.AzureLib/FileWatching]: Registered azurelib config for auto-sync function
[26Oct2025 04:40:55.289] [modloading-worker-0/ERROR] [net.minecraftforge.fml.loading.RuntimeDistCleaner/DISTXFORM]: Attempted to load class com/mojang/blaze3d/vertex/PoseStack for invalid dist DEDICATED_SERVER
[26Oct2025 04:40:55.373] [modloading-worker-0/INFO] [com.teampotato.redirector.Redirector/]: Redirecting dev/latvian/mods/kubejs/util/RotationAxis
[26Oct2025 04:40:55.552] [modloading-worker-0/INFO] [com.teampotato.redirector.Redirector/]: Redirecting dev/latvian/mods/kubejs/util/JSObjectType
[26Oct2025 04:40:55.553] [modloading-worker-0/INFO] [KubeJS Startup/]: example.js#5: Hello, World! (Loaded startup scripts)
[26Oct2025 04:40:55.554] [modloading-worker-0/INFO] [KubeJS Startup/]: Loaded script startup_scripts:example.js in 0.126 s
[26Oct2025 04:40:55.555] [modloading-worker-0/INFO] [com.teampotato.redirector.Redirector/]: Redirecting dev/latvian/mods/rhino/ast/FunctionNode$Form
[26Oct2025 04:40:55.650] [modloading-worker-0/INFO] [com.teampotato.redirector.Redirector/]: Redirecting daripher/skilltree/skill/bonus/condition/item/PotionCondition$Type
[26Oct2025 04:40:55.676] [modloading-worker-0/INFO] [KubeJS Startup/]: Loaded script startup_scripts:carpgitemmod.js in 0.122 s
[26Oct2025 04:40:55.683] [modloading-worker-0/INFO] [KubeJS Startup/]: Loaded 2/2 KubeJS startup scripts in 0.87 s
[26Oct2025 04:40:55.684] [modloading-worker-0/INFO] [com.teampotato.redirector.Redirector/]: Redirecting dev/latvian/mods/kubejs/event/EventResult$Type
[26Oct2025 04:40:55.727] [modloading-worker-0/INFO] [com.teampotato.redirector.Redirector/]: Redirecting daripher/skilltree/compat/apotheosis/ApotheosisCompatibility
[26Oct2025 04:40:55.754] [modloading-worker-0/INFO] [com.teampotato.redirector.Redirector/]: Redirecting shadows/apotheosis/adventure/affix/AffixType
[26Oct2025 04:40:55.786] [modloading-worker-0/INFO] [dev.architectury.networking.forge.NetworkManagerImpl/]: Registering C2S receiver with id kubejs:send_data_from_client
[26Oct2025 04:40:55.796] [modloading-worker-0/INFO] [dev.architectury.networking.forge.NetworkManagerImpl/]: Registering C2S receiver with id kubejs:first_click
[26Oct2025 04:40:55.821] [modloading-worker-0/INFO] [com.teampotato.redirector.Redirector/]: Redirecting daripher/skilltree/skill/bonus/player/LootDuplicationBonus$LootType
[26Oct2025 04:40:55.885] [modloading-worker-0/INFO] [com.teampotato.redirector.Redirector/]: Redirecting de/maxhenkel/easyvillagers/ClientConfig$CycleTradesButtonLocation
[26Oct2025 04:40:55.920] [modloading-worker-0/INFO] [quark/]: Found Quark module class vazkii.quark.content.experimental.module.VariantSelectorModule
[26Oct2025 04:40:55.923] [modloading-worker-0/INFO] [com.teampotato.redirector.Redirector/]: Redirecting net/mehvahdjukaar/supplementaries/common/block/blocks/BlackboardBlock$UseMode
[26Oct2025 04:40:55.927] [modloading-worker-0/INFO] [com.teampotato.redirector.Redirector/]: Redirecting net/mehvahdjukaar/supplementaries/configs/CommonConfigs$Hands
[26Oct2025 04:40:55.932] [modloading-worker-0/INFO] [com.teampotato.redirector.Redirector/]: Redirecting net/mehvahdjukaar/supplementaries/common/entities/BombEntity$BreakingMode
[26Oct2025 04:40:55.935] [modloading-worker-0/INFO] [com.teampotato.redirector.Redirector/]: Redirecting net/mehvahdjukaar/supplementaries/common/block/blocks/LightableLanternBlock$FallMode
[26Oct2025 04:40:55.937] [modloading-worker-0/INFO] [com.teampotato.redirector.Redirector/]: Redirecting vazkii/quark/base/module/ModuleCategory
[26Oct2025 04:40:55.937] [modloading-worker-0/INFO] [com.teampotato.redirector.Redirector/]: Redirecting net/mehvahdjukaar/supplementaries/configs/CommonConfigs$DeathMarkerMode
[26Oct2025 04:40:55.939] [modloading-worker-0/INFO] [com.teampotato.redirector.Redirector/]: Redirecting net/mehvahdjukaar/moonlight/api/platform/PlatformHelper$Platform
[26Oct2025 04:40:55.941] [modloading-worker-0/INFO] [quark/]: Found Quark module class vazkii.quark.content.experimental.module.NarratorReadoutModule
[26Oct2025 04:40:55.945] [modloading-worker-0/INFO] [quark/]: Found Quark module class vazkii.quark.content.experimental.module.ClimateControlRemoverModule
[26Oct2025 04:40:55.947] [modloading-worker-0/INFO] [quark/]: Found Quark module class vazkii.quark.content.experimental.module.EnchantmentsBegoneModule
[26Oct2025 04:40:55.949] [modloading-worker-0/INFO] [quark/]: Found Quark module class vazkii.quark.content.experimental.module.GameNerfsModule
[26Oct2025 04:40:55.953] [modloading-worker-0/INFO] [quark/]: Found Quark module class vazkii.quark.content.experimental.module.SpawnerReplacerModule
[26Oct2025 04:40:55.955] [modloading-worker-0/INFO] [quark/]: Found Quark module class vazkii.quark.content.experimental.module.AdjustableChatModule
[26Oct2025 04:40:55.956] [modloading-worker-0/INFO] [quark/]: Found Quark module class vazkii.quark.content.experimental.module.VillagerRerollingReworkModule
[26Oct2025 04:40:55.957] [modloading-worker-0/INFO] [quark/]: Found Quark module class vazkii.quark.content.experimental.module.OverlayShaderModule
[26Oct2025 04:40:55.958] [modloading-worker-0/INFO] [quark/]: Found Quark module class vazkii.quark.content.experimental.module.EnchantmentPredicatesModule
[26Oct2025 04:40:55.959] [modloading-worker-0/INFO] [quark/]: Found Quark module class vazkii.quark.content.building.module.VariantLaddersModule
[26Oct2025 04:40:55.959] [modloading-worker-0/INFO] [quark/]: Found Quark module class vazkii.quark.content.building.module.VariantBookshelvesModule
[26Oct2025 04:40:55.960] [modloading-worker-0/INFO] [quark/]: Found Quark module class vazkii.quark.content.building.module.BambooBackportModule
[26Oct2025 04:40:55.963] [modloading-worker-0/INFO] [quark/]: Found Quark module class vazkii.quark.content.building.module.CompressedBlocksModule
[26Oct2025 04:40:55.973] [modloading-worker-0/INFO] [quark/]: Found Quark module class vazkii.quark.content.building.module.MorePottedPlantsModule
[26Oct2025 04:40:55.976] [modloading-worker-0/INFO] [quark/]: Found Quark module class vazkii.quark.content.building.module.DuskboundBlocksModule
[26Oct2025 04:40:55.978] [modloading-worker-0/INFO] [quark/]: Found Quark module class vazkii.quark.content.building.module.WoodenPostsModule
[26Oct2025 04:40:55.984] [modloading-worker-0/INFO] [quark/]: Found Quark module class vazkii.quark.content.building.module.ThatchModule
[26Oct2025 04:40:55.991] [modloading-worker-0/INFO] [quark/]: Found Quark module class vazkii.quark.content.building.module.MoreStoneVariantsModule
[26Oct2025 04:40:55.992] [modloading-worker-0/INFO] [quark/]: Found Quark module class vazkii.quark.content.building.module.ShearVinesModule
[26Oct2025 04:40:55.994] [modloading-worker-0/INFO] [com.teampotato.redirector.Redirector/]: Redirecting net/mehvahdjukaar/supplementaries/configs/ClientConfigs$GraphicsFanciness
[26Oct2025 04:40:56.002] [modloading-worker-0/INFO] [quark/]: Found Quark module class vazkii.quark.content.building.module.NetherBrickFenceGateModule
[26Oct2025 04:40:56.004] [modloading-worker-0/INFO] [com.teampotato.redirector.Redirector/]: Redirecting net/mehvahdjukaar/supplementaries/common/block/tiles/BookPileBlockTile$BookColor
[26Oct2025 04:40:56.005] [modloading-worker-0/INFO] [quark/]: Found Quark module class vazkii.quark.content.building.module.GoldBarsModule
[26Oct2025 04:40:56.007] [modloading-worker-0/INFO] [quark/]: Found Quark module class vazkii.quark.content.building.module.RopeModule
[26Oct2025 04:40:56.017] [modloading-worker-0/INFO] [quark/]: Found Quark module class vazkii.quark.content.building.module.CelebratoryLampsModule
[26Oct2025 04:40:56.018] [modloading-worker-0/INFO] [quark/]: Found Quark module class vazkii.quark.content.building.module.SoulSandstoneModule
[26Oct2025 04:40:56.021] [modloading-worker-0/INFO] [quark/]: Found Quark module class vazkii.quark.content.building.module.VariantChestsModule
[26Oct2025 04:40:56.026] [modloading-worker-0/INFO] [com.teampotato.redirector.Redirector/]: Redirecting net/mehvahdjukaar/supplementaries/client/renderers/entities/layers/QuiverLayer$QuiverMode
[26Oct2025 04:40:56.031] [modloading-worker-0/INFO] [quark/]: Found Quark module class vazkii.quark.content.building.module.LeafCarpetModule
[26Oct2025 04:40:56.034] [modloading-worker-0/INFO] [quark/]: Found Quark module class vazkii.quark.content.building.module.FramedGlassModule
[26Oct2025 04:40:56.036] [modloading-worker-0/INFO] [quark/]: Found Quark module class vazkii.quark.content.building.module.VerticalPlanksModule
[26Oct2025 04:40:56.037] [modloading-worker-0/INFO] [quark/]: Found Quark module class vazkii.quark.content.building.module.VariantFurnacesModule
[26Oct2025 04:40:56.043] [modloading-worker-0/INFO] [quark/]: Found Quark module class vazkii.quark.content.building.module.HedgesModule
[26Oct2025 04:40:56.048] [modloading-worker-0/INFO] [quark/]: Found Quark module class vazkii.quark.content.building.module.HollowLogsModule
[26Oct2025 04:40:56.051] [modloading-worker-0/INFO] [quark/]: Found Quark module class vazkii.quark.content.building.module.MidoriModule
[26Oct2025 04:40:56.055] [modloading-worker-0/INFO] [quark/]: Found Quark module class vazkii.quark.content.building.module.RainbowLampsModule
[26Oct2025 04:40:56.055] [modloading-worker-0/INFO] [quark/]: Found Quark module class vazkii.quark.content.building.module.VerticalSlabsModule
[26Oct2025 04:40:56.069] [modloading-worker-0/INFO] [quark/]: Found Quark module class vazkii.quark.content.building.module.ShinglesModule
[26Oct2025 04:40:56.069] [modloading-worker-0/INFO] [quark/]: Found Quark module class vazkii.quark.content.building.module.SturdyStoneModule
[26Oct2025 04:40:56.070] [modloading-worker-0/INFO] [quark/]: Found Quark module class vazkii.quark.content.building.module.StoolsModule
[26Oct2025 04:40:56.071] [modloading-worker-0/INFO] [quark/]: Found Quark module class vazkii.quark.content.building.module.RawMetalBricksModule
[26Oct2025 04:40:56.078] [modloading-worker-0/INFO] [quark/]: Found Quark module class vazkii.quark.content.building.module.MoreMudBlocksModule
[26Oct2025 04:40:56.078] [modloading-worker-0/INFO] [quark/]: Found Quark module class vazkii.quark.content.building.module.GrateModule
[26Oct2025 04:40:56.083] [modloading-worker-0/INFO] [quark/]: Found Quark module class vazkii.quark.content.building.module.JapanesePaletteModule
[26Oct2025 04:40:56.084] [modloading-worker-0/INFO] [com.teampotato.redirector.Redirector/]: Redirecting net/mehvahdjukaar/supplementaries/common/network/ClientBoundParticlePacket$EventType
[26Oct2025 04:40:56.085] [modloading-worker-0/INFO] [quark/]: Found Quark module class vazkii.quark.content.building.module.MoreBrickTypesModule
[26Oct2025 04:40:56.087] [modloading-worker-0/INFO] [quark/]: Found Quark module class vazkii.quark.content.building.module.GlassItemFrameModule
[26Oct2025 04:40:56.092] [modloading-worker-0/INFO] [quark/]: Found Quark module class vazkii.quark.content.building.module.IndustrialPaletteModule
[26Oct2025 04:40:56.102] [modloading-worker-0/INFO] [quark/]: Found Quark module class vazkii.quark.content.world.module.NetherObsidianSpikesModule
[26Oct2025 04:40:56.103] [modloading-worker-0/INFO] [quark/]: Found Quark module class vazkii.quark.content.world.module.PermafrostModule
[26Oct2025 04:40:56.105] [modloading-worker-0/INFO] [quark/]: Found Quark module class vazkii.quark.content.world.module.FairyRingsModule
[26Oct2025 04:40:56.119] [modloading-worker-0/INFO] [quark/]: Found Quark module class vazkii.quark.content.world.module.BigStoneClustersModule
[26Oct2025 04:40:56.125] [modloading-worker-0/INFO] [quark/]: Found Quark module class vazkii.quark.content.world.module.SpiralSpiresModule
[26Oct2025 04:40:56.136] [modloading-worker-0/INFO] [quark/]: Found Quark module class vazkii.quark.content.world.module.AncientWoodModule
[26Oct2025 04:40:56.143] [modloading-worker-0/INFO] [quark/]: Found Quark module class vazkii.quark.content.world.module.NewStoneTypesModule
[26Oct2025 04:40:56.153] [modloading-worker-0/INFO] [quark/]: Found Quark module class vazkii.quark.content.world.module.BlossomTreesModule
[26Oct2025 04:40:56.155] [modloading-worker-0/INFO] [quark/]: Found Quark module class vazkii.quark.content.world.module.GlimmeringWealdModule
[26Oct2025 04:40:56.163] [modloading-worker-0/INFO] [quark/]: Found Quark module class vazkii.quark.content.world.module.MonsterBoxModule
[26Oct2025 04:40:56.164] [modloading-worker-0/INFO] [quark/]: Found Quark module class vazkii.quark.content.world.module.AzaleaWoodModule
[26Oct2025 04:40:56.165] [modloading-worker-0/INFO] [quark/]: Found Quark module class vazkii.quark.content.world.module.NoMoreLavaPocketsModule
[26Oct2025 04:40:56.166] [modloading-worker-0/INFO] [quark/]: Found Quark module class vazkii.quark.content.world.module.CorundumModule
[26Oct2025 04:40:56.172] [modloading-worker-0/INFO] [quark/]: Found Quark module class vazkii.quark.content.world.module.ChorusVegetationModule
[26Oct2025 04:40:56.174] [modloading-worker-0/INFO] [quark/]: Found Quark module class vazkii.quark.content.client.module.CameraModule
[26Oct2025 04:40:56.179] [modloading-worker-0/INFO] [quark/]: Found Quark module class vazkii.quark.content.client.module.ElytraIndicatorModule
[26Oct2025 04:40:56.180] [modloading-worker-0/INFO] [quark/]: Found Quark module class vazkii.quark.content.client.module.ImprovedTooltipsModule
[26Oct2025 04:40:56.187] [modloading-worker-0/INFO] [quark/]: Found Quark module class vazkii.quark.content.client.module.GreenerGrassModule
[26Oct2025 04:40:56.189] [modloading-worker-0/INFO] [quark/]: Found Quark module class vazkii.quark.content.client.module.BucketsShowInhabitantsModule
[26Oct2025 04:40:56.201] [modloading-worker-0/INFO] [quark/]: Found Quark module class vazkii.quark.content.client.module.SoulCandlesModule
[26Oct2025 04:40:56.202] [modloading-worker-0/INFO] [quark/]: Found Quark module class vazkii.quark.content.client.module.AutoWalkKeybindModule
[26Oct2025 04:40:56.203] [modloading-worker-0/INFO] [quark/]: Found Quark module class vazkii.quark.content.client.module.VariantAnimalTexturesModule
[26Oct2025 04:40:56.204] [modloading-worker-0/INFO] [quark/]: Found Quark module class vazkii.quark.content.client.module.MicrocraftingHelperModule
[26Oct2025 04:40:56.206] [modloading-worker-0/INFO] [quark/]: Found Quark module class vazkii.quark.content.client.module.UsesForCursesModule
[26Oct2025 04:40:56.207] [modloading-worker-0/INFO] [quark/]: Found Quark module class vazkii.quark.content.client.module.WoolShutsUpMinecartsModule
[26Oct2025 04:40:56.209] [modloading-worker-0/INFO] [quark/]: Found Quark module class vazkii.quark.content.client.module.BackButtonKeybindModule
[26Oct2025 04:40:56.213] [modloading-worker-0/INFO] [quark/]: Found Quark module class vazkii.quark.content.client.module.ChestSearchingModule
[26Oct2025 04:40:56.229] [modloading-worker-0/INFO] [quark/]: Found Quark module class vazkii.quark.content.client.module.LongRangePickBlockModule
[26Oct2025 04:40:56.230] [modloading-worker-0/INFO] [quark/]: Found Quark module class vazkii.quark.content.client.module.UsageTickerModule
[26Oct2025 04:40:56.231] [modloading-worker-0/INFO] [quark/]: Found Quark module class vazkii.quark.content.automation.module.PistonsMoveTileEntitiesModule
[26Oct2025 04:40:56.232] [modloading-worker-0/INFO] [quark/]: Found Quark module class vazkii.quark.content.automation.module.EnderWatcherModule
[26Oct2025 04:40:56.234] [modloading-worker-0/INFO] [quark/]: Found Quark module class vazkii.quark.content.automation.module.RedstoneRandomizerModule
[26Oct2025 04:40:56.242] [modloading-worker-0/INFO] [quark/]: Found Quark module class vazkii.quark.content.automation.module.FeedingTroughModule
[26Oct2025 04:40:56.244] [modloading-worker-0/INFO] [quark/]: Found Quark module class vazkii.quark.content.automation.module.MetalButtonsModule
[26Oct2025 04:40:56.254] [modloading-worker-0/INFO] [quark/]: Found Quark module class vazkii.quark.content.automation.module.IronRodModule
[26Oct2025 04:40:56.256] [modloading-worker-0/INFO] [quark/]: Found Quark module class vazkii.quark.content.automation.module.ObsidianPlateModule
[26Oct2025 04:40:56.256] [modloading-worker-0/INFO] [quark/]: Found Quark module class vazkii.quark.content.automation.module.ChainsConnectBlocksModule
[26Oct2025 04:40:56.259] [modloading-worker-0/INFO] [quark/]: Found Quark module class vazkii.quark.content.automation.module.GravisandModule
[26Oct2025 04:40:56.261] [modloading-worker-0/INFO] [quark/]: Found Quark module class vazkii.quark.content.automation.module.JukeboxAutomationModule
[26Oct2025 04:40:56.261] [modloading-worker-0/INFO] [quark/]: Found Quark module class vazkii.quark.content.automation.module.DispensersPlaceBlocksModule
[26Oct2025 04:40:56.262] [modloading-worker-0/INFO] [quark/]: Found Quark module class vazkii.quark.content.automation.module.ChuteModule
[26Oct2025 04:40:56.269] [modloading-worker-0/INFO] [quark/]: Found Quark module class vazkii.quark.content.management.module.QuickArmorSwappingModule
[26Oct2025 04:40:56.270] [modloading-worker-0/INFO] [quark/]: Found Quark module class vazkii.quark.content.management.module.ItemSharingModule
[26Oct2025 04:40:56.276] [modloading-worker-0/INFO] [quark/]: Found Quark module class vazkii.quark.content.management.module.AutomaticToolRestockModule
[26Oct2025 04:40:56.289] [modloading-worker-0/INFO] [quark/]: Found Quark module class vazkii.quark.content.management.module.ExpandedItemInteractionsModule
[26Oct2025 04:40:56.290] [modloading-worker-0/INFO] [quark/]: Found Quark module class vazkii.quark.content.management.module.InventorySortingModule
[26Oct2025 04:40:56.293] [modloading-worker-0/INFO] [quark/]: Found Quark module class vazkii.quark.content.management.module.HotbarChangerModule
[26Oct2025 04:40:56.293] [modloading-worker-0/INFO] [quark/]: Found Quark module class vazkii.quark.content.management.module.EasyTransferingModule
[26Oct2025 04:40:56.300] [modloading-worker-0/INFO] [quark/]: Found Quark module class vazkii.quark.content.tweaks.module.GoldToolsHaveFortuneModule
[26Oct2025 04:40:56.302] [modloading-worker-0/INFO] [mixin/]: Mixing MixinAutomaticRecipeUnlockModule from enigmaticlegacy.mixins.json into vazkii.quark.content.tweaks.module.AutomaticRecipeUnlockModule
[26Oct2025 04:40:56.302] [modloading-worker-0/INFO] [mixin/]: Renaming synthetic method lambda$onAwardRecipes$0(Lnet/minecraft/world/item/crafting/Recipe;)Z to md4fbada$lambda$onAwardRecipes$0$0 in enigmaticlegacy.mixins.json:MixinAutomaticRecipeUnlockModule
[26Oct2025 04:40:56.305] [modloading-worker-0/INFO] [com.teampotato.redirector.Redirector/]: Redirecting io/redspace/ironsspellbooks/api/spells/SpellRarity
[26Oct2025 04:40:56.307] [modloading-worker-0/INFO] [quark/]: Found Quark module class vazkii.quark.content.tweaks.module.AutomaticRecipeUnlockModule
[26Oct2025 04:40:56.310] [modloading-worker-0/INFO] [quark/]: Found Quark module class vazkii.quark.content.tweaks.module.UtilityRecipesModule
[26Oct2025 04:40:56.310] [modloading-worker-0/INFO] [quark/]: Found Quark module class vazkii.quark.content.tweaks.module.PoisonPotatoUsageModule
[26Oct2025 04:40:56.316] [modloading-worker-0/INFO] [quark/]: Found Quark module class vazkii.quark.content.tweaks.module.BetterElytraRocketModule
[26Oct2025 04:40:56.317] [modloading-worker-0/INFO] [quark/]: Found Quark module class vazkii.quark.content.tweaks.module.RenewableSporeBlossomsModule
[26Oct2025 04:40:56.317] [modloading-worker-0/INFO] [quark/]: Found Quark module class vazkii.quark.content.tweaks.module.CoralOnCactusModule
[26Oct2025 04:40:56.318] [modloading-worker-0/INFO] [quark/]: Found Quark module class vazkii.quark.content.tweaks.module.GlassShardModule
[26Oct2025 04:40:56.324] [modloading-worker-0/INFO] [quark/]: Found Quark module class vazkii.quark.content.tweaks.module.PigLittersModule
[26Oct2025 04:40:56.325] [modloading-worker-0/INFO] [quark/]: Found Quark module class vazkii.quark.content.tweaks.module.CampfiresBoostElytraModule
[26Oct2025 04:40:56.326] [modloading-worker-0/INFO] [quark/]: Found Quark module class vazkii.quark.content.tweaks.module.DyeableItemFramesModule
[26Oct2025 04:40:56.330] [modloading-worker-0/INFO] [quark/]: Found Quark module class vazkii.quark.content.tweaks.module.SlabsToBlocksModule
[26Oct2025 04:40:56.332] [modloading-worker-0/INFO] [quark/]: Found Quark module class vazkii.quark.content.tweaks.module.MapWashingModule
[26Oct2025 04:40:56.334] [modloading-worker-0/INFO] [quark/]: Found Quark module class vazkii.quark.content.tweaks.module.EnhancedLaddersModule
[26Oct2025 04:40:56.338] [modloading-worker-0/INFO] [quark/]: Found Quark module class vazkii.quark.content.tweaks.module.ReacharoundPlacingModule
[26Oct2025 04:40:56.338] [modloading-worker-0/INFO] [quark/]: Found Quark module class vazkii.quark.content.tweaks.module.HorsesSwimModule
[26Oct2025 04:40:56.339] [modloading-worker-0/INFO] [quark/]: Found Quark module class vazkii.quark.content.tweaks.module.SpongeOnWaterPlacementModule
[26Oct2025 04:40:56.340] [modloading-worker-0/INFO] [quark/]: Found Quark module class vazkii.quark.content.tweaks.module.ArmedArmorStandsModule
[26Oct2025 04:40:56.343] [modloading-worker-0/INFO] [quark/]: Found Quark module class vazkii.quark.content.tweaks.module.DoubleDoorOpeningModule
[26Oct2025 04:40:56.344] [modloading-worker-0/INFO] [quark/]: Found Quark module class vazkii.quark.content.tweaks.module.ZombieVillagersOnNormalModule
[26Oct2025 04:40:56.345] [modloading-worker-0/INFO] [quark/]: Found Quark module class vazkii.quark.content.tweaks.module.HoeHarvestingModule
[26Oct2025 04:40:56.350] [modloading-worker-0/INFO] [quark/]: Found Quark module class vazkii.quark.content.tweaks.module.EmotesModule
[26Oct2025 04:40:56.352] [modloading-worker-0/INFO] [quark/]: Found Quark module class vazkii.quark.content.tweaks.module.SlimesToMagmaCubesModule
[26Oct2025 04:40:56.352] [modloading-worker-0/INFO] [quark/]: Found Quark module class vazkii.quark.content.tweaks.module.SnowGolemPlayerHeadsModule
[26Oct2025 04:40:56.355] [modloading-worker-0/INFO] [quark/]: Found Quark module class vazkii.quark.content.tweaks.module.VexesDieWithTheirMastersModule
[26Oct2025 04:40:56.356] [modloading-worker-0/INFO] [quark/]: Found Quark module class vazkii.quark.content.tweaks.module.MoreNoteBlockSoundsModule
[26Oct2025 04:40:56.357] [modloading-worker-0/INFO] [quark/]: Found Quark module class vazkii.quark.content.tweaks.module.PatTheDogsModule
[26Oct2025 04:40:56.365] [modloading-worker-0/INFO] [quark/]: Found Quark module class vazkii.quark.content.tweaks.module.GrabChickensModule
[26Oct2025 04:40:56.368] [modloading-worker-0/INFO] [quark/]: Found Quark module class vazkii.quark.content.tweaks.module.MoreBannerLayersModule
[26Oct2025 04:40:56.369] [modloading-worker-0/INFO] [quark/]: Found Quark module class vazkii.quark.content.tweaks.module.ReplaceScaffoldingModule
[26Oct2025 04:40:56.370] [modloading-worker-0/INFO] [quark/]: Found Quark module class vazkii.quark.content.tweaks.module.DiamondRepairModule
[26Oct2025 04:40:56.370] [modloading-worker-0/INFO] [quark/]: Found Quark module class vazkii.quark.content.tweaks.module.SaferCreaturesModule
[26Oct2025 04:40:56.372] [modloading-worker-0/INFO] [quark/]: Found Quark module class vazkii.quark.content.tweaks.module.LockRotationModule
[26Oct2025 04:40:56.376] [modloading-worker-0/INFO] [quark/]: Found Quark module class vazkii.quark.content.tweaks.module.VillagersFollowEmeraldsModule
[26Oct2025 04:40:56.376] [modloading-worker-0/INFO] [quark/]: Found Quark module class vazkii.quark.content.tweaks.module.CompassesWorkEverywhereModule
[26Oct2025 04:40:56.377] [modloading-worker-0/INFO] [quark/]: Found Quark module class vazkii.quark.content.tweaks.module.NoDurabilityOnCosmeticsModule
[26Oct2025 04:40:56.377] [modloading-worker-0/INFO] [quark/]: Found Quark module class vazkii.quark.content.tweaks.module.SpongesBetterModule
[26Oct2025 04:40:56.378] [modloading-worker-0/INFO] [quark/]: Found Quark module class vazkii.quark.content.tweaks.module.SignEditingModule
[26Oct2025 04:40:56.387] [modloading-worker-0/INFO] [quark/]: Found Quark module class vazkii.quark.content.tweaks.module.SimpleHarvestModule
[26Oct2025 04:40:56.388] [modloading-worker-0/INFO] [quark/]: Found Quark module class vazkii.quark.content.tweaks.module.DragonScalesModule
[26Oct2025 04:40:56.389] [modloading-worker-0/INFO] [quark/]: Found Quark module class vazkii.quark.content.tweaks.module.ShulkerPackingModule
[26Oct2025 04:40:56.390] [modloading-worker-0/INFO] [quark/]: Found Quark module class vazkii.quark.content.mobs.module.FoxhoundModule
[26Oct2025 04:40:56.395] [modloading-worker-0/INFO] [quark/]: Found Quark module class vazkii.quark.content.mobs.module.WraithModule
[26Oct2025 04:40:56.396] [modloading-worker-0/INFO] [quark/]: Found Quark module class vazkii.quark.content.mobs.module.CrabsModule
[26Oct2025 04:40:56.402] [modloading-worker-0/INFO] [quark/]: Found Quark module class vazkii.quark.content.mobs.module.ForgottenModule
[26Oct2025 04:40:56.418] [modloading-worker-0/INFO] [quark/]: Found Quark module class vazkii.quark.content.mobs.module.ShibaModule
[26Oct2025 04:40:56.419] [modloading-worker-0/INFO] [quark/]: Found Quark module class vazkii.quark.content.mobs.module.StonelingsModule
[26Oct2025 04:40:56.425] [modloading-worker-0/INFO] [quark/]: Found Quark module class vazkii.quark.content.mobs.module.ToretoiseModule
[26Oct2025 04:40:56.427] [modloading-worker-0/INFO] [quark/]: Found Quark module class vazkii.quark.content.tools.module.BeaconRedirectionModule
[26Oct2025 04:40:56.435] [modloading-worker-0/INFO] [quark/]: Found Quark module class vazkii.quark.content.tools.module.AmbientDiscsModule
[26Oct2025 04:40:56.437] [modloading-worker-0/INFO] [quark/]: Found Quark module class vazkii.quark.content.tools.module.PathfinderMapsModule
[26Oct2025 04:40:56.452] [modloading-worker-0/INFO] [quark/]: Found Quark module class vazkii.quark.content.tools.module.ColorRunesModule
[26Oct2025 04:40:56.455] [modloading-worker-0/INFO] [quark/]: Found Quark module class vazkii.quark.content.tools.module.PickarangModule
[26Oct2025 04:40:56.469] [modloading-worker-0/INFO] [quark/]: Found Quark module class vazkii.quark.content.tools.module.ParrotEggsModule
[26Oct2025 04:40:56.469] [modloading-worker-0/INFO] [quark/]: Found Quark module class vazkii.quark.content.tools.module.TrowelModule
[26Oct2025 04:40:56.477] [modloading-worker-0/INFO] [quark/]: Found Quark module class vazkii.quark.content.tools.module.AbacusModule
[26Oct2025 04:40:56.481] [modloading-worker-0/INFO] [quark/]: Found Quark module class vazkii.quark.content.tools.module.BottledCloudModule
[26Oct2025 04:40:56.489] [modloading-worker-0/INFO] [quark/]: Found Quark module class vazkii.quark.content.tools.module.TorchArrowModule
[26Oct2025 04:40:56.506] [modloading-worker-0/INFO] [quark/]: Found Quark module class vazkii.quark.content.tools.module.BundleRecipeModule
[26Oct2025 04:40:56.675] [modloading-worker-0/INFO] [net.minecraftforge.coremod.CoreMod.apotheosis/COREMODLOG]: Replaced 5 calls to Enchantment#getMaxLevel() in vazkii/quark/content/tools/module/AncientTomesModule
[26Oct2025 04:40:56.681] [modloading-worker-0/INFO] [quark/]: Found Quark module class vazkii.quark.content.tools.module.AncientTomesModule
[26Oct2025 04:40:56.702] [modloading-worker-0/INFO] [net.minecraftforge.coremod.CoreMod.apotheosis/COREMODLOG]: Replaced 3 calls to Enchantment#getMaxLevel() in vazkii/quark/content/tools/item/AncientTomeItem
[26Oct2025 04:40:56.709] [modloading-worker-0/INFO] [quark/]: Found Quark module class vazkii.quark.content.tools.module.EndermoshMusicDiscModule
[26Oct2025 04:40:56.714] [modloading-worker-0/INFO] [quark/]: Found Quark module class vazkii.quark.content.tools.module.SeedPouchModule
[26Oct2025 04:40:56.716] [modloading-worker-0/INFO] [quark/]: Found Quark module class vazkii.quark.content.tools.module.SkullPikesModule
[26Oct2025 04:40:56.724] [modloading-worker-0/INFO] [quark/]: Found Quark module class vazkii.quark.content.tools.module.SlimeInABucketModule
[26Oct2025 04:40:56.717] [modloading-worker-0/INFO] [com.teampotato.redirector.Redirector/]: Redirecting net/minecraft/server/packs/repository/Pack$Position
[26Oct2025 04:40:56.728] [modloading-worker-0/INFO] [quark/]: Found Quark module class vazkii.quark.addons.oddities.module.PipesModule
[26Oct2025 04:40:56.739] [modloading-worker-0/INFO] [quark/]: Found Quark module class vazkii.quark.addons.oddities.module.BackpackModule
[26Oct2025 04:40:56.747] [modloading-worker-0/INFO] [quark/]: Found Quark module class vazkii.quark.addons.oddities.module.TinyPotatoModule
[26Oct2025 04:40:56.749] [modloading-worker-0/INFO] [com.teampotato.redirector.Redirector/]: Redirecting io/redspace/ironsspellbooks/gui/overlays/ManaBarOverlay$Display
[26Oct2025 04:40:56.750] [modloading-worker-0/INFO] [com.teampotato.redirector.Redirector/]: Redirecting io/redspace/ironsspellbooks/gui/overlays/ManaBarOverlay$Anchor
[26Oct2025 04:40:56.752] [modloading-worker-0/INFO] [com.teampotato.redirector.Redirector/]: Redirecting io/redspace/ironsspellbooks/gui/overlays/SpellBarOverlay$Anchor
[26Oct2025 04:40:56.753] [modloading-worker-0/INFO] [com.teampotato.redirector.Redirector/]: Redirecting io/redspace/ironsspellbooks/gui/overlays/RecastOverlay$Anchor
[26Oct2025 04:40:56.750] [modloading-worker-0/INFO] [quark/]: Found Quark module class vazkii.quark.addons.oddities.module.MatrixEnchantingModule
[26Oct2025 04:40:56.756] [modloading-worker-0/INFO] [quark/]: Found Quark module class vazkii.quark.addons.oddities.module.TotemOfHoldingModule
[26Oct2025 04:40:56.763] [modloading-worker-0/INFO] [quark/]: Found Quark module class vazkii.quark.addons.oddities.module.CrateModule
[26Oct2025 04:40:56.770] [modloading-worker-0/INFO] [quark/]: Found Quark module class vazkii.quark.addons.oddities.module.MagnetsModule
[26Oct2025 04:40:56.778] [modloading-worker-0/INFO] [com.teampotato.redirector.Redirector/]: Redirecting vazkii/quark/base/module/ModuleLoader$Step
[26Oct2025 04:40:56.778] [modloading-worker-0/INFO] [quark/]: Dispatching Module Step CONSTRUCT
[26Oct2025 04:40:57.122] [modloading-worker-0/INFO] [com.teampotato.redirector.Redirector/]: Redirecting com/minecolonies/core/colony/fields/FarmField$Stage
[26Oct2025 04:40:57.123] [modloading-worker-0/INFO] [TrustManager/]: Loading mod 'fantasyfurniture' TrustWorthiness...
[26Oct2025 04:40:57.126] [modloading-worker-0/FATAL] [TrustManager/]: Could not determine mod trust worthiness, Assuming Jar was downloaded from trusted source!
[26Oct2025 04:40:57.126] [modloading-worker-0/INFO] [TrustManager/]: Loaded mod 'fantasyfurniture' TrustWorthiness: UNKNOWN
[26Oct2025 04:40:57.123] [modloading-worker-0/INFO] [TrustManager/]: Loading mod 'apexcore' TrustWorthiness...
[26Oct2025 04:40:57.127] [modloading-worker-0/FATAL] [TrustManager/]: Could not determine mod trust worthiness, Assuming Jar was downloaded from trusted source!
[26Oct2025 04:40:57.127] [modloading-worker-0/INFO] [TrustManager/]: Loaded mod 'apexcore' TrustWorthiness: UNKNOWN
[26Oct2025 04:40:57.138] [modloading-worker-0/INFO] [quark/]: Loading Module Pistons Move Tile Entities
[26Oct2025 04:40:57.146] [modloading-worker-0/INFO] [quark/]: Loading Module Ender Watcher
[26Oct2025 04:40:57.146] [modloading-worker-0/INFO] [quark/]: Loading Module Redstone Randomizer
[26Oct2025 04:40:57.146] [modloading-worker-0/INFO] [quark/]: Loading Module Feeding Trough
[26Oct2025 04:40:57.148] [modloading-worker-0/INFO] [quark/]: Loading Module Metal Buttons
[26Oct2025 04:40:57.148] [modloading-worker-0/INFO] [quark/]: Loading Module Iron Rod
[26Oct2025 04:40:57.148] [modloading-worker-0/INFO] [quark/]: Loading Module Obsidian Plate
[26Oct2025 04:40:57.148] [modloading-worker-0/INFO] [quark/]: Loading Module Chains Connect Blocks
[26Oct2025 04:40:57.154] [modloading-worker-0/INFO] [quark/]: Loading Module Gravisand
[26Oct2025 04:40:57.154] [modloading-worker-0/INFO] [quark/]: Loading Module Jukebox Automation
[26Oct2025 04:40:57.155] [modloading-worker-0/INFO] [quark/]: Loading Module Dispensers Place Blocks
[26Oct2025 04:40:57.155] [modloading-worker-0/INFO] [quark/]: Loading Module Chute
[26Oct2025 04:40:57.155] [modloading-worker-0/INFO] [quark/]: Loading Module Variant Ladders
[26Oct2025 04:40:57.155] [modloading-worker-0/INFO] [quark/]: Loading Module Variant Bookshelves
[26Oct2025 04:40:57.155] [modloading-worker-0/INFO] [quark/]: Loading Module Bamboo Backport
[26Oct2025 04:40:57.155] [modloading-worker-0/INFO] [quark/]: Loading Module Compressed Blocks
[26Oct2025 04:40:57.155] [modloading-worker-0/INFO] [quark/]: Loading Module More Potted Plants
[26Oct2025 04:40:57.156] [modloading-worker-0/INFO] [quark/]: Loading Module Duskbound Blocks
[26Oct2025 04:40:57.156] [modloading-worker-0/INFO] [quark/]: Loading Module Wooden Posts
[26Oct2025 04:40:57.156] [modloading-worker-0/INFO] [quark/]: Loading Module Thatch
[26Oct2025 04:40:57.156] [modloading-worker-0/INFO] [quark/]: Loading Module More Stone Variants
[26Oct2025 04:40:57.156] [modloading-worker-0/INFO] [quark/]: Loading Module Shear Vines
[26Oct2025 04:40:57.157] [modloading-worker-0/INFO] [quark/]: Loading Module Nether Brick Fence Gate
[26Oct2025 04:40:57.157] [modloading-worker-0/INFO] [quark/]: Loading Module Gold Bars
[26Oct2025 04:40:57.157] [modloading-worker-0/INFO] [quark/]: Loading Module Rope
[26Oct2025 04:40:57.157] [modloading-worker-0/INFO] [quark/]: Loading Module Celebratory Lamps
[26Oct2025 04:40:57.157] [modloading-worker-0/INFO] [quark/]: Loading Module Soul Sandstone
[26Oct2025 04:40:57.157] [modloading-worker-0/INFO] [quark/]: Loading Module Variant Chests
[26Oct2025 04:40:57.158] [modloading-worker-0/INFO] [quark/]: Loading Module Leaf Carpet
[26Oct2025 04:40:57.158] [modloading-worker-0/INFO] [quark/]: Loading Module Framed Glass
[26Oct2025 04:40:57.158] [modloading-worker-0/INFO] [quark/]: Loading Module Vertical Planks
[26Oct2025 04:40:57.158] [modloading-worker-0/INFO] [quark/]: Loading Module Variant Furnaces
[26Oct2025 04:40:57.158] [modloading-worker-0/INFO] [quark/]: Loading Module Hedges
[26Oct2025 04:40:57.158] [modloading-worker-0/INFO] [quark/]: Loading Module Hollow Logs
[26Oct2025 04:40:57.159] [modloading-worker-0/INFO] [quark/]: Loading Module Midori
[26Oct2025 04:40:57.159] [modloading-worker-0/INFO] [quark/]: Loading Module Rainbow Lamps
[26Oct2025 04:40:57.159] [modloading-worker-0/INFO] [quark/]: Loading Module Vertical Slabs
[26Oct2025 04:40:57.159] [modloading-worker-0/INFO] [quark/]: Loading Module Shingles
[26Oct2025 04:40:57.159] [modloading-worker-0/INFO] [quark/]: Loading Module Sturdy Stone
[26Oct2025 04:40:57.159] [modloading-worker-0/INFO] [quark/]: Loading Module Stools
[26Oct2025 04:40:57.160] [modloading-worker-0/INFO] [quark/]: Loading Module Raw Metal Bricks
[26Oct2025 04:40:57.160] [modloading-worker-0/INFO] [quark/]: Loading Module More Mud Blocks
[26Oct2025 04:40:57.161] [modloading-worker-0/INFO] [quark/]: Loading Module Grate
[26Oct2025 04:40:57.161] [modloading-worker-0/INFO] [quark/]: Loading Module Japanese Palette
[26Oct2025 04:40:57.161] [modloading-worker-0/INFO] [quark/]: Loading Module More Brick Types
[26Oct2025 04:40:57.161] [modloading-worker-0/INFO] [quark/]: Loading Module Glass Item Frame
[26Oct2025 04:40:57.161] [modloading-worker-0/INFO] [quark/]: Loading Module Industrial Palette
[26Oct2025 04:40:57.161] [modloading-worker-0/INFO] [quark/]: Loading Module Quick Armor Swapping
[26Oct2025 04:40:57.162] [modloading-worker-0/INFO] [quark/]: Loading Module Item Sharing
[26Oct2025 04:40:57.162] [modloading-worker-0/INFO] [quark/]: Loading Module Automatic Tool Restock
[26Oct2025 04:40:57.164] [modloading-worker-0/INFO] [quark/]: Loading Module Expanded Item Interactions
[26Oct2025 04:40:57.164] [modloading-worker-0/INFO] [quark/]: Loading Module Inventory Sorting
[26Oct2025 04:40:57.164] [modloading-worker-0/INFO] [quark/]: Loading Module Hotbar Changer
[26Oct2025 04:40:57.164] [modloading-worker-0/INFO] [quark/]: Loading Module Easy Transfering
[26Oct2025 04:40:57.166] [modloading-worker-0/INFO] [quark/]: Loading Module Beacon Redirection
[26Oct2025 04:40:57.166] [modloading-worker-0/INFO] [quark/]: Loading Module Ambient Discs
[26Oct2025 04:40:57.166] [modloading-worker-0/INFO] [quark/]: Loading Module Pathfinder Maps
[26Oct2025 04:40:57.169] [modloading-worker-0/INFO] [quark/]: Loading Module Color Runes
[26Oct2025 04:40:57.177] [modloading-worker-0/INFO] [quark/]: Loading Module Pickarang
[26Oct2025 04:40:57.178] [modloading-worker-0/INFO] [quark/]: Loading Module Parrot Eggs
[26Oct2025 04:40:57.187] [modloading-worker-0/INFO] [quark/]: Loading Module Trowel
[26Oct2025 04:40:57.187] [modloading-worker-0/INFO] [quark/]: Loading Module Abacus
[26Oct2025 04:40:57.187] [modloading-worker-0/INFO] [quark/]: Loading Module Bottled Cloud
[26Oct2025 04:40:57.190] [modloading-worker-0/INFO] [quark/]: Loading Module Torch Arrow
[26Oct2025 04:40:57.190] [modloading-worker-0/INFO] [quark/]: Loading Module Bundle Recipe
[26Oct2025 04:40:57.192] [modloading-worker-0/INFO] [quark/]: Loading Module Ancient Tomes
[26Oct2025 04:40:57.195] [modloading-worker-0/INFO] [quark/]: Loading Module Endermosh Music Disc
[26Oct2025 04:40:57.200] [modloading-worker-0/INFO] [quark/]: Loading Module Seed Pouch
[26Oct2025 04:40:57.201] [modloading-worker-0/INFO] [quark/]: Loading Module Skull Pikes
[26Oct2025 04:40:57.202] [modloading-worker-0/INFO] [quark/]: Loading Module Slime In A Bucket
[26Oct2025 04:40:57.207] [modloading-worker-0/INFO] [quark/]: Loading Module Gold Tools Have Fortune
[26Oct2025 04:40:57.207] [modloading-worker-0/INFO] [quark/]: Loading Module Automatic Recipe Unlock
[26Oct2025 04:40:57.209] [modloading-worker-0/INFO] [quark/]: Loading Module Utility Recipes
[26Oct2025 04:40:57.212] [modloading-worker-0/INFO] [quark/]: Loading Module Poison Potato Usage
[26Oct2025 04:40:57.216] [modloading-worker-0/INFO] [quark/]: Loading Module Better Elytra Rocket
[26Oct2025 04:40:57.216] [modloading-worker-0/INFO] [quark/]: Loading Module Renewable Spore Blossoms
[26Oct2025 04:40:57.218] [modloading-worker-0/INFO] [quark/]: Loading Module Coral On Cactus
[26Oct2025 04:40:57.219] [modloading-worker-0/INFO] [quark/]: Loading Module Glass Shard
[26Oct2025 04:40:57.219] [modloading-worker-0/INFO] [quark/]: Loading Module Pig Litters
[26Oct2025 04:40:57.220] [modloading-worker-0/INFO] [quark/]: Loading Module Campfires Boost Elytra
[26Oct2025 04:40:57.223] [modloading-worker-0/INFO] [quark/]: Loading Module Dyeable Item Frames
[26Oct2025 04:40:57.225] [modloading-worker-0/INFO] [quark/]: Loading Module Slabs To Blocks
[26Oct2025 04:40:57.229] [modloading-worker-0/INFO] [quark/]: Loading Module Map Washing
[26Oct2025 04:40:57.229] [modloading-worker-0/INFO] [quark/]: Loading Module Enhanced Ladders
[26Oct2025 04:40:57.230] [modloading-worker-0/INFO] [quark/]: Loading Module Reacharound Placing
[26Oct2025 04:40:57.231] [modloading-worker-0/INFO] [quark/]: Loading Module Horses Swim
[26Oct2025 04:40:57.231] [modloading-worker-0/INFO] [quark/]: Loading Module Sponge On Water Placement
[26Oct2025 04:40:57.232] [modloading-worker-0/INFO] [quark/]: Loading Module Armed Armor Stands
[26Oct2025 04:40:57.233] [modloading-worker-0/INFO] [quark/]: Loading Module Double Door Opening
[26Oct2025 04:40:57.233] [modloading-worker-0/INFO] [quark/]: Loading Module Zombie Villagers On Normal
[26Oct2025 04:40:57.234] [modloading-worker-0/INFO] [quark/]: Loading Module Hoe Harvesting
[26Oct2025 04:40:57.234] [modloading-worker-0/INFO] [quark/]: Loading Module Emotes
[26Oct2025 04:40:57.235] [modloading-worker-0/INFO] [quark/]: Loading Module Slimes To Magma Cubes
[26Oct2025 04:40:57.235] [modloading-worker-0/INFO] [quark/]: Loading Module Snow Golem Player Heads
[26Oct2025 04:40:57.236] [modloading-worker-0/INFO] [quark/]: Loading Module Vexes Die With Their Masters
[26Oct2025 04:40:57.237] [modloading-worker-0/INFO] [quark/]: Loading Module More Note Block Sounds
[26Oct2025 04:40:57.237] [modloading-worker-0/INFO] [quark/]: Loading Module Pat The Dogs
[26Oct2025 04:40:57.239] [modloading-worker-0/INFO] [quark/]: Loading Module Grab Chickens
[26Oct2025 04:40:57.240] [modloading-worker-0/INFO] [quark/]: Loading Module More Banner Layers
[26Oct2025 04:40:57.240] [modloading-worker-0/INFO] [quark/]: Loading Module Replace Scaffolding
[26Oct2025 04:40:57.240] [modloading-worker-0/INFO] [quark/]: Loading Module Diamond Repair
[26Oct2025 04:40:57.241] [modloading-worker-0/INFO] [quark/]: Loading Module Safer Creatures
[26Oct2025 04:40:57.241] [modloading-worker-0/INFO] [quark/]: Loading Module Lock Rotation
[26Oct2025 04:40:57.243] [modloading-worker-0/INFO] [quark/]: Loading Module Villagers Follow Emeralds
[26Oct2025 04:40:57.243] [modloading-worker-0/INFO] [quark/]: Loading Module Compasses Work Everywhere
[26Oct2025 04:40:57.244] [modloading-worker-0/INFO] [quark/]: Loading Module No Durability On Cosmetics
[26Oct2025 04:40:57.245] [modloading-worker-0/INFO] [quark/]: Loading Module Sponges Better
[26Oct2025 04:40:57.245] [modloading-worker-0/INFO] [quark/]: Loading Module Sign Editing
[26Oct2025 04:40:57.248] [modloading-worker-0/INFO] [quark/]: Loading Module Simple Harvest
[26Oct2025 04:40:57.250] [modloading-worker-0/INFO] [com.teampotato.redirector.Redirector/]: Redirecting vazkii/quark/api/event/SimpleHarvestEvent$ActionType
[26Oct2025 04:40:57.251] [modloading-worker-0/INFO] [quark/]: Loading Module Dragon Scales
[26Oct2025 04:40:57.251] [modloading-worker-0/INFO] [quark/]: Loading Module Shulker Packing
[26Oct2025 04:40:57.252] [modloading-worker-0/INFO] [quark/]: Loading Module Nether Obsidian Spikes
[26Oct2025 04:40:57.252] [modloading-worker-0/INFO] [quark/]: Loading Module Permafrost
[26Oct2025 04:40:57.252] [modloading-worker-0/INFO] [quark/]: Loading Module Fairy Rings
[26Oct2025 04:40:57.252] [modloading-worker-0/INFO] [quark/]: Loading Module Big Stone Clusters
[26Oct2025 04:40:57.253] [modloading-worker-0/INFO] [quark/]: Loading Module Spiral Spires
[26Oct2025 04:40:57.254] [modloading-worker-0/INFO] [quark/]: Loading Module Ancient Wood
[26Oct2025 04:40:57.255] [modloading-worker-0/INFO] [quark/]: Loading Module New Stone Types
[26Oct2025 04:40:57.256] [modloading-worker-0/INFO] [quark/]: Loading Module Blossom Trees
[26Oct2025 04:40:57.257] [modloading-worker-0/INFO] [quark/]: Loading Module Glimmering Weald
[26Oct2025 04:40:57.257] [modloading-worker-0/INFO] [quark/]: Loading Module Monster Box
[26Oct2025 04:40:57.257] [modloading-worker-0/INFO] [quark/]: Loading Module Azalea Wood
[26Oct2025 04:40:57.258] [modloading-worker-0/INFO] [quark/]: Loading Module No More Lava Pockets
[26Oct2025 04:40:57.258] [modloading-worker-0/INFO] [quark/]: Loading Module Corundum
[26Oct2025 04:40:57.258] [modloading-worker-0/INFO] [quark/]: Loading Module Chorus Vegetation
[26Oct2025 04:40:57.258] [modloading-worker-0/INFO] [quark/]: Loading Module Foxhound
[26Oct2025 04:40:57.269] [modloading-worker-0/INFO] [quark/]: Loading Module Wraith
[26Oct2025 04:40:57.269] [modloading-worker-0/INFO] [quark/]: Loading Module Crabs
[26Oct2025 04:40:57.276] [modloading-worker-0/INFO] [com.teampotato.redirector.Redirector/]: Redirecting com/minecolonies/api/sounds/EventType
[26Oct2025 04:40:57.278] [modloading-worker-0/INFO] [quark/]: Loading Module Forgotten
[26Oct2025 04:40:57.285] [modloading-worker-0/INFO] [quark/]: Loading Module Shiba
[26Oct2025 04:40:57.285] [modloading-worker-0/INFO] [quark/]: Loading Module Stonelings
[26Oct2025 04:40:57.307] [modloading-worker-0/INFO] [quark/]: Loading Module Toretoise
[26Oct2025 04:40:57.316] [modloading-worker-0/INFO] [quark/]: Loading Module Camera
[26Oct2025 04:40:57.322] [modloading-worker-0/INFO] [quark/]: Loading Module Elytra Indicator
[26Oct2025 04:40:57.322] [modloading-worker-0/INFO] [quark/]: Loading Module Improved Tooltips
[26Oct2025 04:40:57.322] [modloading-worker-0/INFO] [quark/]: Loading Module Greener Grass
[26Oct2025 04:40:57.323] [modloading-worker-0/INFO] [quark/]: Loading Module Buckets Show Inhabitants
[26Oct2025 04:40:57.323] [modloading-worker-0/INFO] [quark/]: Loading Module Soul Candles
[26Oct2025 04:40:57.323] [modloading-worker-0/INFO] [quark/]: Loading Module Auto Walk Keybind
[26Oct2025 04:40:57.323] [modloading-worker-0/INFO] [quark/]: Loading Module Variant Animal Textures
[26Oct2025 04:40:57.323] [modloading-worker-0/INFO] [quark/]: Loading Module Microcrafting Helper
[26Oct2025 04:40:57.323] [modloading-worker-0/INFO] [quark/]: Loading Module Uses For Curses
[26Oct2025 04:40:57.324] [modloading-worker-0/INFO] [quark/]: Loading Module Wool Shuts Up Minecarts
[26Oct2025 04:40:57.326] [modloading-worker-0/INFO] [quark/]: Loading Module Back Button Keybind
[26Oct2025 04:40:57.327] [modloading-worker-0/INFO] [quark/]: Loading Module Chest Searching
[26Oct2025 04:40:57.327] [modloading-worker-0/INFO] [quark/]: Loading Module Long Range Pick Block
[26Oct2025 04:40:57.327] [modloading-worker-0/INFO] [quark/]: Loading Module Usage Ticker
[26Oct2025 04:40:57.327] [modloading-worker-0/INFO] [quark/]: Loading Module Variant Selector
[26Oct2025 04:40:57.327] [modloading-worker-0/INFO] [quark/]: Loading Module Narrator Readout
[26Oct2025 04:40:57.328] [modloading-worker-0/INFO] [quark/]: Loading Module Climate Control Remover
[26Oct2025 04:40:57.328] [modloading-worker-0/INFO] [quark/]: Loading Module Enchantments Begone
[26Oct2025 04:40:57.328] [modloading-worker-0/INFO] [quark/]: Loading Module Game Nerfs
[26Oct2025 04:40:57.328] [modloading-worker-0/INFO] [quark/]: Loading Module Spawner Replacer
[26Oct2025 04:40:57.328] [modloading-worker-0/INFO] [quark/]: Loading Module Adjustable Chat
[26Oct2025 04:40:57.328] [modloading-worker-0/INFO] [quark/]: Loading Module Villager Rerolling Rework
[26Oct2025 04:40:57.328] [modloading-worker-0/INFO] [quark/]: Loading Module Overlay Shader
[26Oct2025 04:40:57.328] [modloading-worker-0/INFO] [quark/]: Loading Module Enchantment Predicates
[26Oct2025 04:40:57.328] [modloading-worker-0/INFO] [quark/]: Loading Module Pipes
[26Oct2025 04:40:57.328] [modloading-worker-0/INFO] [quark/]: Loading Module Backpack
[26Oct2025 04:40:57.328] [modloading-worker-0/INFO] [quark/]: Loading Module Tiny Potato
[26Oct2025 04:40:57.328] [modloading-worker-0/INFO] [quark/]: Loading Module Matrix Enchanting
[26Oct2025 04:40:57.329] [modloading-worker-0/INFO] [quark/]: Loading Module Totem Of Holding
[26Oct2025 04:40:57.329] [modloading-worker-0/INFO] [quark/]: Loading Module Crate
[26Oct2025 04:40:57.329] [modloading-worker-0/INFO] [quark/]: Loading Module Magnets
[26Oct2025 04:40:57.400] [modloading-worker-0/INFO] [com.teampotato.redirector.Redirector/]: Redirecting net/valhelsia/valhelsia_core/client/cosmetics/CosmeticsCategory
[26Oct2025 04:40:57.415] [modloading-worker-0/INFO] [com.teampotato.redirector.Redirector/]: Redirecting com/minecolonies/api/entity/mobs/RaiderType
[26Oct2025 04:40:57.421] [modloading-worker-0/INFO] [com.teampotato.redirector.Redirector/]: Redirecting com/minecolonies/api/sounds/RaiderSounds$RaiderSoundTypes
[26Oct2025 04:40:57.492] [modloading-worker-0/INFO] [com.teampotato.redirector.Redirector/]: Redirecting com/minecolonies/api/colony/permissions/Explosions
[26Oct2025 04:40:57.632] [modloading-worker-0/INFO] [Puzzles Lib/]: Constructing common components for mod overflowingbars
[26Oct2025 04:40:58.017] [main/INFO] [com.teampotato.redirector.Redirector/]: Redirecting com/blamejared/crafttweaker/api/ingredient/transform/serializer/TransformReplaceSerializer
[26Oct2025 04:40:58.018] [main/INFO] [com.teampotato.redirector.Redirector/]: Redirecting com/blamejared/crafttweaker/api/ingredient/transform/serializer/TransformDamageSerializer
[26Oct2025 04:40:58.020] [main/INFO] [com.teampotato.redirector.Redirector/]: Redirecting com/blamejared/crafttweaker/api/ingredient/transform/serializer/TransformCustomSerializer
[26Oct2025 04:40:58.020] [main/INFO] [com.teampotato.redirector.Redirector/]: Redirecting com/blamejared/crafttweaker/api/ingredient/condition/serializer/ConditionDamagedSerializer
[26Oct2025 04:40:58.021] [main/INFO] [com.teampotato.redirector.Redirector/]: Redirecting com/blamejared/crafttweaker/api/ingredient/condition/serializer/ConditionAnyDamagedSerializer
[26Oct2025 04:40:58.022] [main/INFO] [com.teampotato.redirector.Redirector/]: Redirecting com/blamejared/crafttweaker/api/ingredient/condition/serializer/ConditionCustomSerializer
[26Oct2025 04:40:58.059] [main/INFO] [com.teampotato.redirector.Redirector/]: Redirecting com/github/kay9/dragonmounts/habitats/DragonBreathHabitat
[26Oct2025 04:40:58.067] [main/INFO] [com.teampotato.redirector.Redirector/]: Redirecting net/mehvahdjukaar/moonlight/api/fluids/SoftFluid$TintMethod
[26Oct2025 04:40:58.123] [main/INFO] [com.teampotato.redirector.Redirector/]: Redirecting io/github/apace100/origins/origin/Impact
[26Oct2025 04:40:58.215] [main/INFO] [com.teampotato.redirector.Redirector/]: Redirecting com/fizzware/dramaticdoors/forge/state/properties/TripleBlockPart
[26Oct2025 04:40:58.216] [main/INFO] [com.teampotato.redirector.Redirector/]: Redirecting com/fizzware/dramaticdoors/forge/state/properties/Orientation
[26Oct2025 04:40:58.341] [main/INFO] [quark/]: Dispatching Module Step REGISTER
[26Oct2025 04:40:58.346] [main/INFO] [com.teampotato.redirector.Redirector/]: Redirecting vazkii/quark/base/handler/RenderLayerHandler$RenderTypeSkeleton
[26Oct2025 04:40:58.585] [main/INFO] [com.teampotato.redirector.Redirector/]: Redirecting vazkii/quark/base/util/CorundumColor
[26Oct2025 04:40:58.689] [main/INFO] [com.teampotato.redirector.Redirector/]: Redirecting vazkii/quark/content/automation/base/RandomizerPowerState
[26Oct2025 04:40:58.779] [main/INFO] [quark/]: Dispatching Module Step POST_REGISTER
[26Oct2025 04:40:58.850] [main/INFO] [com.teampotato.redirector.Redirector/]: Redirecting vazkii/quark/content/building/block/VerticalSlabBlock$VerticalSlabType
[26Oct2025 04:40:58.881] [main/INFO] [com.teampotato.redirector.Redirector/]: Redirecting immersive_paintings/resources/Painting$Type
[26Oct2025 04:40:58.885] [main/INFO] [com.teampotato.redirector.Redirector/]: Redirecting immersive_paintings/network/s2c/OpenGuiRequest$Type
[26Oct2025 04:40:59.100] [main/INFO] [com.teampotato.redirector.Redirector/]: Redirecting com/legacy/structure_gel/api/block/base/IStructureGel$Behavior
[26Oct2025 04:40:59.155] [main/INFO] [com.teampotato.redirector.Redirector/]: Redirecting com/naterbobber/darkerdepths/blocks/VerticalSlabBlock$VerticalSlabType
[26Oct2025 04:40:59.171] [main/INFO] [com.teampotato.redirector.Redirector/]: Redirecting com/naterbobber/darkerdepths/blocks/RopeBlock$RopePart
[26Oct2025 04:40:59.183] [main/INFO] [com.teampotato.redirector.Redirector/]: Redirecting com/tom/storagemod/block/AbstractStorageTerminalBlock$TerminalPos
[26Oct2025 04:40:59.440] [main/INFO] [com.teampotato.redirector.Redirector/]: Redirecting com/tom/storagemod/block/InventoryProxyBlock$DirectionWithNull
[26Oct2025 04:40:59.445] [main/INFO] [com.teampotato.redirector.Redirector/]: Redirecting com/bobmowzie/mowziesmobs/server/block/GongBlock$GongPart
[26Oct2025 04:40:59.447] [main/INFO] [com.teampotato.redirector.Redirector/]: Redirecting com/bobmowzie/mowziesmobs/server/block/RakedSandBlock$RakedSandShape
[26Oct2025 04:40:59.476] [main/INFO] [com.teampotato.redirector.Redirector/]: Redirecting com/ldtteam/domumornamentum/block/types/ShingleSlabShapeType
[26Oct2025 04:40:59.477] [main/INFO] [com.teampotato.redirector.Redirector/]: Redirecting com/ldtteam/domumornamentum/block/types/PillarShapeType
[26Oct2025 04:40:59.483] [main/INFO] [com.teampotato.redirector.Redirector/]: Redirecting com/ldtteam/domumornamentum/block/types/TrapdoorType
[26Oct2025 04:40:59.485] [main/INFO] [com.teampotato.redirector.Redirector/]: Redirecting com/ldtteam/domumornamentum/block/types/DoorType
[26Oct2025 04:40:59.488] [main/INFO] [com.teampotato.redirector.Redirector/]: Redirecting com/ldtteam/domumornamentum/block/types/FancyDoorType
[26Oct2025 04:40:59.489] [main/INFO] [com.teampotato.redirector.Redirector/]: Redirecting com/ldtteam/domumornamentum/block/types/FancyTrapdoorType
[26Oct2025 04:40:59.499] [main/INFO] [com.teampotato.redirector.Redirector/]: Redirecting dev/itsmeow/whisperwoods/block/HandOfFateBlock$Orientation
[26Oct2025 04:40:59.500] [main/INFO] [com.teampotato.redirector.Redirector/]: Redirecting vectorwing/farmersdelight/common/block/state/CookingPotSupport
[26Oct2025 04:40:59.799] [main/INFO] [com.teampotato.redirector.Redirector/]: Redirecting com/legacy/blue_skies/blocks/natural/BrewberryBushBlock$Type
[26Oct2025 04:40:59.808] [main/INFO] [com.teampotato.redirector.Redirector/]: Redirecting com/legacy/blue_skies/blocks/util/IFluidLoggable$FluidLogging
[26Oct2025 04:40:59.809] [main/INFO] [com.teampotato.redirector.Redirector/]: Redirecting com/legacy/blue_skies/blocks/natural/SkyDripstoneBlock$Section
[26Oct2025 04:40:59.810] [main/INFO] [com.teampotato.redirector.Redirector/]: Redirecting com/legacy/blue_skies/blocks/natural/SkyDripstoneBlock$Type
[26Oct2025 04:40:59.813] [main/INFO] [com.teampotato.redirector.Redirector/]: Redirecting com/legacy/blue_skies/blocks/natural/LargeLilyPadBlock$Corner
[26Oct2025 04:40:59.827] [main/INFO] [com.teampotato.redirector.Redirector/]: Redirecting com/legacy/blue_skies/blocks/natural/FruitLeavesBlock$Growth
[26Oct2025 04:40:59.857] [main/INFO] [com.teampotato.redirector.Redirector/]: Redirecting com/legacy/blue_skies/blocks/construction/SkyPressurePlateBlock$Sensitivity
[26Oct2025 04:40:59.860] [main/INFO] [com.teampotato.redirector.Redirector/]: Redirecting com/legacy/blue_skies/entities/util/SkiesDungeonType
[26Oct2025 04:40:59.887] [main/INFO] [com.teampotato.redirector.Redirector/]: Redirecting com/legacy/blue_skies/blocks/misc/TrophyBlock$Tier
[26Oct2025 04:41:00.169] [main/INFO] [com.teampotato.redirector.Redirector/]: Redirecting com/ninni/twigs/block/enums/TwigsColumnShape
[26Oct2025 04:41:00.226] [main/INFO] [com.teampotato.redirector.Redirector/]: Redirecting com/izofar/bygonenether/block/VerticalSlabBlock$VerticalSlabType
[26Oct2025 04:41:00.235] [main/INFO] [com.teampotato.redirector.Redirector/]: Redirecting twilightforest/enums/FireJetVariant
[26Oct2025 04:41:00.242] [main/INFO] [com.teampotato.redirector.Redirector/]: Redirecting twilightforest/enums/HugeLilypadPiece
[26Oct2025 04:41:00.246] [main/INFO] [com.teampotato.redirector.Redirector/]: Redirecting twilightforest/enums/NagastoneVariant
[26Oct2025 04:41:00.247] [main/INFO] [com.teampotato.redirector.Redirector/]: Redirecting twilightforest/enums/Diagonals
[26Oct2025 04:41:00.253] [main/INFO] [com.teampotato.redirector.Redirector/]: Redirecting twilightforest/enums/BlockLoggingEnum
[26Oct2025 04:41:00.256] [main/INFO] [com.teampotato.redirector.Redirector/]: Redirecting twilightforest/block/AbstractLightableBlock$Lighting
[26Oct2025 04:41:00.263] [main/INFO] [com.teampotato.redirector.Redirector/]: Redirecting twilightforest/enums/TowerDeviceVariant
[26Oct2025 04:41:00.287] [main/INFO] [com.teampotato.redirector.Redirector/]: Redirecting twilightforest/enums/BossVariant
[26Oct2025 04:41:00.288] [main/INFO] [com.teampotato.redirector.Redirector/]: Redirecting twilightforest/enums/BossVariant$TrophyType
[26Oct2025 04:41:00.292] [main/INFO] [com.teampotato.redirector.Redirector/]: Redirecting twilightforest/enums/BanisterShape
[26Oct2025 04:41:00.295] [main/INFO] [com.teampotato.redirector.Redirector/]: Redirecting twilightforest/enums/HollowLogVariants$Horizontal
[26Oct2025 04:41:00.297] [main/INFO] [com.teampotato.redirector.Redirector/]: Redirecting twilightforest/enums/HollowLogVariants$Climbable
[26Oct2025 04:41:00.343] [main/INFO] [com.teampotato.redirector.Redirector/]: Redirecting com/teamremastered/endrem/blocks/ERFrameProperties
[26Oct2025 04:41:00.356] [main/INFO] [com.teampotato.redirector.Redirector/]: Redirecting com/github/L_Ender/cataclysm/blocks/Door_of_Seal_Block$Door_Of_Seal_Part
[26Oct2025 04:41:00.358] [main/INFO] [com.teampotato.redirector.Redirector/]: Redirecting com/github/L_Ender/cataclysm/blocks/Cataclysm_Skull_Block$Types
[26Oct2025 04:41:00.558] [main/INFO] [com.teampotato.redirector.Redirector/]: Redirecting com/hollingsworth/arsnouveau/common/block/ThreePartBlock
[26Oct2025 04:41:00.559] [main/INFO] [com.teampotato.redirector.Redirector/]: Redirecting net/minecraft/world/level/pathfinder/PathComputationType
[26Oct2025 04:41:00.560] [main/INFO] [com.teampotato.redirector.Redirector/]: Redirecting net/minecraft/world/level/block/RenderShape
[26Oct2025 04:41:00.767] [main/INFO] [com.teampotato.redirector.Redirector/]: Redirecting satisfyu/vinery/util/VineryLineConnectingType
[26Oct2025 04:41:00.836] [main/INFO] [com.teampotato.redirector.Redirector/]: Redirecting com/obscuria/aquamirae/common/blocks/OxygeliumBlock$Type
[26Oct2025 04:41:00.844] [main/INFO] [com.teampotato.redirector.Redirector/]: Redirecting com/illusivesoulworks/comforts/common/block/BaseComfortsBlock$BedType
[26Oct2025 04:41:00.851] [main/INFO] [com.teampotato.redirector.Redirector/]: Redirecting lilypuree/decorative_blocks/blocks/state/SupportFaceShape
[26Oct2025 04:41:00.875] [main/INFO] [com.teampotato.redirector.Redirector/]: Redirecting com/cerbon/bosses_of_mass_destruction/block/custom/TripleBlockPart
[26Oct2025 04:41:00.881] [main/INFO] [com.teampotato.redirector.Redirector/]: Redirecting com/teamabnormals/blueprint/common/block/VerticalSlabBlock$VerticalSlabType
[26Oct2025 04:41:00.969] [main/INFO] [com.teampotato.redirector.Redirector/]: Redirecting com/teamabnormals/atmospheric/common/block/state/properties/PassionVineAttachment
[26Oct2025 04:41:00.978] [main/INFO] [com.teampotato.redirector.Redirector/]: Redirecting com/teamabnormals/blueprint/common/block/DirectionalVerticalSlabBlock$VerticalSlabType
[26Oct2025 04:41:01.074] [main/INFO] [com.teampotato.redirector.Redirector/]: Redirecting com/teamabnormals/atmospheric/common/block/state/properties/DragonRootsStage
[26Oct2025 04:41:01.125] [main/INFO] [com.teampotato.redirector.Redirector/]: Redirecting net/mehvahdjukaar/supplementaries/common/block/ModBlockProperties$DisplayStatus
[26Oct2025 04:41:01.129] [main/INFO] [com.teampotato.redirector.Redirector/]: Redirecting net/mehvahdjukaar/supplementaries/common/block/ModBlockProperties$Topping
[26Oct2025 04:41:01.130] [main/INFO] [com.teampotato.redirector.Redirector/]: Redirecting net/mehvahdjukaar/supplementaries/common/block/ModBlockProperties$Winding
[26Oct2025 04:41:01.133] [main/INFO] [com.teampotato.redirector.Redirector/]: Redirecting net/mehvahdjukaar/supplementaries/common/block/ModBlockProperties$RakeDirection
[26Oct2025 04:41:01.134] [main/INFO] [com.teampotato.redirector.Redirector/]: Redirecting net/mehvahdjukaar/supplementaries/common/block/ModBlockProperties$PostType
[26Oct2025 04:41:01.135] [main/INFO] [com.teampotato.redirector.Redirector/]: Redirecting net/mehvahdjukaar/supplementaries/common/block/ModBlockProperties$SignAttachment
[26Oct2025 04:41:01.140] [main/INFO] [com.teampotato.redirector.Redirector/]: Redirecting net/mehvahdjukaar/supplementaries/common/block/ModBlockProperties$BlockAttachment
[26Oct2025 04:41:01.144] [main/INFO] [com.teampotato.redirector.Redirector/]: Redirecting net/mehvahdjukaar/supplementaries/common/block/ModBlockProperties$Rune
[26Oct2025 04:41:01.417] [main/INFO] [com.teampotato.redirector.Redirector/]: Redirecting net/mehvahdjukaar/moonlight/api/block/VerticalSlabBlock$VerticalSlabType
[26Oct2025 04:41:01.478] [main/INFO] [com.teampotato.redirector.Redirector/]: Redirecting com/jaquadro/minecraft/storagedrawers/block/EnumCompDrawer
[26Oct2025 04:41:01.480] [main/INFO] [com.teampotato.redirector.Redirector/]: Redirecting com/jaquadro/minecraft/storagedrawers/block/EnumKeyType
[26Oct2025 04:41:01.602] [main/INFO] [com.teampotato.redirector.Redirector/]: Redirecting com/minecolonies/api/blocks/types/RackType
[26Oct2025 04:41:01.606] [main/INFO] [com.teampotato.redirector.Redirector/]: Redirecting com/minecolonies/api/blocks/types/GraveType
[26Oct2025 04:41:01.621] [main/INFO] [com.teampotato.redirector.Redirector/]: Redirecting com/minecolonies/api/blocks/types/BarrelType
[26Oct2025 04:41:01.686] [main/INFO] [com.teampotato.redirector.Redirector/]: Redirecting xyz/apex/forge/fantasyfurniture/common/block/decorations/CookieJarBlock$FillStage
[26Oct2025 04:41:01.818] [main/INFO] [com.teampotato.redirector.Redirector/]: Redirecting xyz/apex/forge/fantasyfurniture/common/block/furniture/FloorLightBlock$Part
[26Oct2025 04:41:01.821] [main/INFO] [com.teampotato.redirector.Redirector/]: Redirecting xyz/apex/forge/fantasyfurniture/common/block/furniture/ShelfBlock$Connection
[26Oct2025 04:41:01.822] [main/INFO] [com.teampotato.redirector.Redirector/]: Redirecting xyz/apex/forge/fantasyfurniture/common/block/furniture/SofaBlock$Connection
[26Oct2025 04:41:01.834] [main/INFO] [com.teampotato.redirector.Redirector/]: Redirecting xyz/apex/forge/fantasyfurniture/common/block/furniture/CounterBlock$Connection
[26Oct2025 04:41:01.923] [main/INFO] [com.teampotato.redirector.Redirector/]: Redirecting com/stal111/forbidden_arcanus/common/block/properties/PillarType
[26Oct2025 04:41:01.924] [main/INFO] [com.teampotato.redirector.Redirector/]: Redirecting com/stal111/forbidden_arcanus/common/block/properties/ObeliskPart
[26Oct2025 04:41:01.924] [main/INFO] [com.teampotato.redirector.Redirector/]: Redirecting com/stal111/forbidden_arcanus/common/block/properties/ClibanoCenterType
[26Oct2025 04:41:01.925] [main/INFO] [com.teampotato.redirector.Redirector/]: Redirecting com/stal111/forbidden_arcanus/common/block/properties/ClibanoSideType
[26Oct2025 04:41:02.027] [main/WARN] [moonlight/]: Failed to find custom wood type byg:embur
[26Oct2025 04:41:02.027] [main/WARN] [moonlight/]: Failed to find custom wood type twigs:bamboo
[26Oct2025 04:41:02.045] [main/INFO] [moonlight/]: Initialized block sets in 30ms
[26Oct2025 04:41:02.131] [main/INFO] [com.teampotato.redirector.Redirector/]: Redirecting daripher/skilltree/skill/bonus/multiplier/NoneLivingMultiplier
[26Oct2025 04:41:02.132] [main/INFO] [com.teampotato.redirector.Redirector/]: Redirecting daripher/skilltree/skill/bonus/condition/living/NoneLivingCondition
[26Oct2025 04:41:02.133] [main/INFO] [com.teampotato.redirector.Redirector/]: Redirecting daripher/skilltree/skill/bonus/condition/damage/NoneDamageCondition
[26Oct2025 04:41:02.187] [main/ERROR] [net.minecraftforge.eventbus.EventSubclassTransformer/EVENTBUS]: Could not find parent net/minecraft/client/particle/TextureSheetParticle for class it/hurts/sskirillss/octolib/particle/BasicColoredParticle in classloader cpw.mods.modlauncher.TransformingClassLoader@10a0a1e on thread Thread[main,5,main]
[26Oct2025 04:41:02.187] [main/ERROR] [net.minecraftforge.eventbus.EventSubclassTransformer/EVENTBUS]: An error occurred building event handler
java.lang.ClassNotFoundException: net.minecraft.client.particle.TextureSheetParticle
	at cpw.mods.cl.ModuleClassLoader.loadClass(ModuleClassLoader.java:141) ~[securejarhandler-2.1.4.jar:?]
	at java.lang.ClassLoader.loadClass(ClassLoader.java:525) ~[?:?]
	at net.minecraftforge.eventbus.EventSubclassTransformer.buildEvents(EventSubclassTransformer.java:92) ~[eventbus-6.0.3.jar%2349!/:?]
	at net.minecraftforge.eventbus.EventSubclassTransformer.transform(EventSubclassTransformer.java:44) ~[eventbus-6.0.3.jar%2349!/:?]
	at net.minecraftforge.eventbus.EventBusEngine.processClass(EventBusEngine.java:26) ~[eventbus-6.0.3.jar%2349!/:?]
	at net.minecraftforge.eventbus.service.ModLauncherService.processClassWithFlags(ModLauncherService.java:32) ~[eventbus-6.0.3.jar%2349!/:6.0.3+6.0.3+master.039e4ea9]
	at cpw.mods.modlauncher.LaunchPluginHandler.offerClassNodeToPlugins(LaunchPluginHandler.java:88) ~[modlauncher-10.0.8.jar%2352!/:?]
	at cpw.mods.modlauncher.ClassTransformer.transform(ClassTransformer.java:120) ~[modlauncher-10.0.8.jar%2352!/:?]
	at cpw.mods.modlauncher.TransformingClassLoader.maybeTransformClassBytes(TransformingClassLoader.java:50) ~[modlauncher-10.0.8.jar%2352!/:?]
	at cpw.mods.cl.ModuleClassLoader.readerToClass(ModuleClassLoader.java:113) ~[securejarhandler-2.1.4.jar:?]
	at cpw.mods.cl.ModuleClassLoader.lambda$findClass$15(ModuleClassLoader.java:219) ~[securejarhandler-2.1.4.jar:?]
	at cpw.mods.cl.ModuleClassLoader.loadFromModule(ModuleClassLoader.java:229) ~[securejarhandler-2.1.4.jar:?]
	at cpw.mods.cl.ModuleClassLoader.findClass(ModuleClassLoader.java:219) ~[securejarhandler-2.1.4.jar:?]
	at cpw.mods.cl.ModuleClassLoader.loadClass(ModuleClassLoader.java:135) ~[securejarhandler-2.1.4.jar:?]
	at java.lang.ClassLoader.loadClass(ClassLoader.java:525) ~[?:?]
	at java.lang.ClassLoader.defineClass0(Native Method) ~[?:?]
	at java.lang.System$2.defineClass(System.java:2324) ~[?:?]
	at java.lang.invoke.MethodHandles$Lookup$ClassDefiner.defineClass(MethodHandles.java:2439) ~[?:?]
	at java.lang.invoke.MethodHandles$Lookup$ClassDefiner.defineClassAsLookup(MethodHandles.java:2420) ~[?:?]
	at java.lang.invoke.MethodHandles$Lookup.defineHiddenClass(MethodHandles.java:2127) ~[?:?]
	at java.lang.invoke.InnerClassLambdaMetafactory.generateInnerClass(InnerClassLambdaMetafactory.java:407) ~[?:?]
	at java.lang.invoke.InnerClassLambdaMetafactory.spinInnerClass(InnerClassLambdaMetafactory.java:315) ~[?:?]
	at java.lang.invoke.InnerClassLambdaMetafactory.buildCallSite(InnerClassLambdaMetafactory.java:228) ~[?:?]
	at java.lang.invoke.LambdaMetafactory.metafactory(LambdaMetafactory.java:341) ~[?:?]
	at java.lang.invoke.BootstrapMethodInvoker.invoke(BootstrapMethodInvoker.java:134) ~[?:?]
	at java.lang.invoke.CallSite.makeSite(CallSite.java:315) ~[?:?]
	at java.lang.invoke.MethodHandleNatives.linkCallSiteImpl(MethodHandleNatives.java:281) ~[?:?]
	at java.lang.invoke.MethodHandleNatives.linkCallSite(MethodHandleNatives.java:271) ~[?:?]
	at it.hurts.sskirillss.octolib.particle.BasicColoredParticle$Options.<clinit>(BasicColoredParticle.java:270) ~[octolib-1.19.2-0.3.jar%23563!/:1.19.2-0.3]
	at it.hurts.sskirillss.octolib.particle.BasicColoredParticle$Factory$Type.<init>(BasicColoredParticle.java:328) ~[octolib-1.19.2-0.3.jar%23563!/:1.19.2-0.3]
	at net.minecraftforge.registries.DeferredRegister.lambda$addEntries$1(DeferredRegister.java:388) ~[forge-1.19.2-43.4.2-universal.jar%23660!/:?]
	at net.minecraftforge.registries.RegisterEvent.register(RegisterEvent.java:59) ~[forge-1.19.2-43.4.2-universal.jar%23660!/:?]
	at net.minecraftforge.registries.DeferredRegister.addEntries(DeferredRegister.java:388) ~[forge-1.19.2-43.4.2-universal.jar%23660!/:?]
	at net.minecraftforge.registries.DeferredRegister$EventDispatcher.handleEvent(DeferredRegister.java:330) ~[forge-1.19.2-43.4.2-universal.jar%23660!/:?]
	at net.minecraftforge.registries.__EventDispatcher_handleEvent_RegisterEvent.invoke(.dynamic) ~[forge-1.19.2-43.4.2-universal.jar%23660!/:?]
	at net.minecraftforge.eventbus.ASMEventHandler.invoke(ASMEventHandler.java:73) ~[eventbus-6.0.3.jar%2349!/:?]
	at net.minecraftforge.eventbus.EventBus.post(EventBus.java:315) ~[eventbus-6.0.3.jar%2349!/:?]
	at net.minecraftforge.eventbus.EventBus.post(EventBus.java:296) ~[eventbus-6.0.3.jar%2349!/:?]
	at net.minecraftforge.fml.javafmlmod.FMLModContainer.acceptEvent(FMLModContainer.java:114) ~[javafmllanguage-1.19.2-43.4.2.jar%23657!/:?]
	at net.minecraftforge.fml.ModLoader.lambda$postEventWithWrapInModOrder$35(ModLoader.java:315) ~[fmlcore-1.19.2-43.4.2.jar%23656!/:?]
	at java.lang.Iterable.forEach(Iterable.java:75) ~[?:?]
	at net.minecraftforge.fml.ModList.forEachModInOrder(ModList.java:225) ~[fmlcore-1.19.2-43.4.2.jar%23656!/:?]
	at net.minecraftforge.fml.ModLoader.postEventWithWrapInModOrder(ModLoader.java:313) ~[fmlcore-1.19.2-43.4.2.jar%23656!/:?]
	at net.minecraftforge.registries.GameData.postRegisterEvents(GameData.java:341) ~[forge-1.19.2-43.4.2-universal.jar%23660!/:?]
	at net.minecraftforge.common.ForgeStatesProvider.lambda$new$4(ForgeStatesProvider.java:25) ~[forge-1.19.2-43.4.2-universal.jar%23660!/:?]
	at net.minecraftforge.fml.ModLoader.lambda$dispatchAndHandleError$23(ModLoader.java:207) ~[fmlcore-1.19.2-43.4.2.jar%23656!/:?]
	at java.util.Optional.ifPresent(Optional.java:178) ~[?:?]
	at net.minecraftforge.fml.ModLoader.dispatchAndHandleError(ModLoader.java:207) ~[fmlcore-1.19.2-43.4.2.jar%23656!/:?]
	at net.minecraftforge.fml.ModLoader.lambda$gatherAndInitializeMods$14(ModLoader.java:185) ~[fmlcore-1.19.2-43.4.2.jar%23656!/:?]
	at java.lang.Iterable.forEach(Iterable.java:75) ~[?:?]
	at net.minecraftforge.fml.ModLoader.gatherAndInitializeMods(ModLoader.java:185) ~[fmlcore-1.19.2-43.4.2.jar%23656!/:?]
	at net.minecraftforge.server.loading.ServerModLoader.load(ServerModLoader.java:32) ~[forge-1.19.2-43.4.2-universal.jar%23660!/:?]
	at net.minecraft.server.Main.main(Main.java:113) ~[server-1.19.2-20220805.130853-srg.jar%23655!/:?]
	at jdk.internal.reflect.NativeMethodAccessorImpl.invoke0(Native Method) ~[?:?]
	at jdk.internal.reflect.NativeMethodAccessorImpl.invoke(NativeMethodAccessorImpl.java:77) ~[?:?]
	at jdk.internal.reflect.DelegatingMethodAccessorImpl.invoke(DelegatingMethodAccessorImpl.java:43) ~[?:?]
	at java.lang.reflect.Method.invoke(Method.java:569) ~[?:?]
	at net.minecraftforge.fml.loading.targets.CommonServerLaunchHandler.lambda$launchService$0(CommonServerLaunchHandler.java:29) ~[fmlloader-1.19.2-43.4.2.jar%2365!/:?]
	at cpw.mods.modlauncher.LaunchServiceHandlerDecorator.launch(LaunchServiceHandlerDecorator.java:30) [modlauncher-10.0.8.jar%2352!/:?]
	at cpw.mods.modlauncher.LaunchServiceHandler.launch(LaunchServiceHandler.java:53) [modlauncher-10.0.8.jar%2352!/:?]
	at cpw.mods.modlauncher.LaunchServiceHandler.launch(LaunchServiceHandler.java:71) [modlauncher-10.0.8.jar%2352!/:?]
	at cpw.mods.modlauncher.Launcher.run(Launcher.java:106) [modlauncher-10.0.8.jar%2352!/:?]
	at cpw.mods.modlauncher.Launcher.main(Launcher.java:77) [modlauncher-10.0.8.jar%2352!/:?]
	at cpw.mods.modlauncher.BootstrapLaunchConsumer.accept(BootstrapLaunchConsumer.java:26) [modlauncher-10.0.8.jar%2352!/:?]
	at cpw.mods.modlauncher.BootstrapLaunchConsumer.accept(BootstrapLaunchConsumer.java:23) [modlauncher-10.0.8.jar%2352!/:?]
	at cpw.mods.bootstraplauncher.BootstrapLauncher.main(BootstrapLauncher.java:141) [bootstraplauncher-1.1.2.jar:?]
[26Oct2025 04:41:02.291] [main/INFO] [com.teampotato.redirector.Redirector/]: Redirecting potionstudios/byg/common/world/feature/config/RadiusMatcher
[26Oct2025 04:41:02.643] [main/ERROR] [net.minecraft.Util/]: Adding duplicate key 'ResourceKey[minecraft:worldgen/structure_processor / minecraft:capped]' to registry
[26Oct2025 04:41:02.644] [main/ERROR] [net.minecraft.Util/]: Adding duplicate value 'com.min01.archaeology.init.ArchaeologyStructureProcessorType$$Lambda$29798/0x000079f0eb74f8e8@1a52be7c' to registry
[26Oct2025 04:41:02.710] [main/INFO] [com.teampotato.redirector.Redirector/]: Redirecting com/bobmowzie/mowziesmobs/server/entity/umvuthana/MaskType
[26Oct2025 04:41:03.940] [main/INFO] [com.teampotato.redirector.Redirector/]: Redirecting net/mehvahdjukaar/supplementaries/common/entities/BombEntity$BombType
[26Oct2025 04:41:04.217] [main/INFO] [com.teampotato.redirector.Redirector/]: Redirecting com/legacy/blue_skies/world/general_features/structures/villages/SkiesVillageProfessions
[26Oct2025 04:41:04.294] [main/INFO] [com.teampotato.redirector.Redirector/]: Redirecting com/legacy/blue_skies/registries/SkiesSurfaceRules$CrystalRoughness
[26Oct2025 04:41:04.295] [main/INFO] [com.teampotato.redirector.Redirector/]: Redirecting com/legacy/blue_skies/registries/SkiesSurfaceRules$ReservoirMuddiness
[26Oct2025 04:41:04.305] [main/INFO] [com.teampotato.redirector.Redirector/]: Redirecting dev/limonblaze/oriacs/common/item/OriacsArmorMaterials
[26Oct2025 04:41:04.324] [main/INFO] [com.teampotato.redirector.Redirector/]: Redirecting com/rolfmao/upgradedcore/compat/ExternalMods
[26Oct2025 04:41:04.360] [main/INFO] [com.teampotato.redirector.Redirector/]: Redirecting com/rolfmao/upgradednetherite/utils/enums/ModItemTier
[26Oct2025 04:41:04.365] [main/INFO] [com.teampotato.redirector.Redirector/]: Redirecting com/rolfmao/upgradednetherite/utils/enums/ModArmorMaterial
[26Oct2025 04:41:04.392] [main/INFO] [com.teampotato.redirector.Redirector/]: Redirecting com/naterbobber/darkerdepths/entities/PetrifiedBoatEntity$BoatType
[26Oct2025 04:41:04.418] [main/INFO] [com.teampotato.redirector.Redirector/]: Redirecting net/xylonity/knightquest/common/material/KQItemMaterials
[26Oct2025 04:41:04.420] [main/INFO] [com.teampotato.redirector.Redirector/]: Redirecting net/xylonity/knightquest/common/material/KQArmorMaterials
[26Oct2025 04:41:04.444] [main/INFO] [com.teampotato.redirector.Redirector/]: Redirecting samebutdifferent/ecologics/entity/ModBoat$Type
[26Oct2025 04:41:04.448] [main/INFO] [com.teampotato.redirector.Redirector/]: Redirecting com/rolfmao/upgradednetherite_ultimate/utils/enums/ModItemTier
[26Oct2025 04:41:04.450] [main/INFO] [com.teampotato.redirector.Redirector/]: Redirecting com/rolfmao/upgradednetherite_ultimate/utils/enums/ModArmorMaterial
[26Oct2025 04:41:04.531] [main/INFO] [com.teampotato.redirector.Redirector/]: Redirecting com/legacy/blue_skies/items/util/SkiesItemTier
[26Oct2025 04:41:04.535] [main/INFO] [com.teampotato.redirector.Redirector/]: Redirecting com/legacy/blue_skies/items/util/SkiesArmorMaterial
[26Oct2025 04:41:04.542] [main/INFO] [com.teampotato.redirector.Redirector/]: Redirecting com/aetherteam/aether/item/combat/AetherItemTiers
[26Oct2025 04:41:04.546] [main/INFO] [com.teampotato.redirector.Redirector/]: Redirecting com/aetherteam/aether/item/combat/AetherArmorMaterials
[26Oct2025 04:41:04.564] [main/INFO] [com.teampotato.redirector.Redirector/]: Redirecting teamrazor/deepaether/init/DATiers
[26Oct2025 04:41:04.565] [main/INFO] [com.teampotato.redirector.Redirector/]: Redirecting teamrazor/deepaether/item/gear/DaArmorMaterials
[26Oct2025 04:41:04.568] [main/INFO] [com.teampotato.redirector.Redirector/]: Redirecting teamrazor/deepaether/entity/DABoatEntity$Type
[26Oct2025 04:41:04.587] [main/INFO] [com.teampotato.redirector.Redirector/]: Redirecting shadows/apotheosis/village/fletching/arrows/MiningArrowEntity$Type
[26Oct2025 04:41:04.592] [main/INFO] [com.teampotato.redirector.Redirector/]: Redirecting com/github/alexthe666/alexsmobs/item/ItemEcholocator$EchoType
[26Oct2025 04:41:04.603] [main/INFO] [com.teampotato.redirector.Redirector/]: Redirecting net/p3pp3rf1y/sophisticatedcore/upgrades/filter/Direction
[26Oct2025 04:41:04.629] [main/INFO] [com.teampotato.redirector.Redirector/]: Redirecting it/hurts/sskirillss/relics/items/relics/base/data/leveling/misc/UpgradeOperation
[26Oct2025 04:41:04.646] [main/INFO] [com.teampotato.redirector.Redirector/]: Redirecting com/izofar/bygonenether/item/ModArmorMaterial
[26Oct2025 04:41:04.649] [main/INFO] [com.teampotato.redirector.Redirector/]: Redirecting twilightforest/enums/TwilightArmorMaterial
[26Oct2025 04:41:04.832] [main/INFO] [com.teampotato.redirector.Redirector/]: Redirecting com/github/L_Ender/cataclysm/items/ModItemTier
[26Oct2025 04:41:04.835] [main/INFO] [com.teampotato.redirector.Redirector/]: Redirecting com/github/L_Ender/cataclysm/items/Armortier
[26Oct2025 04:41:04.879] [main/INFO] [com.teampotato.redirector.Redirector/]: Redirecting net/brnbrd/delightful/common/item/DelightfulTiers
[26Oct2025 04:41:04.892] [main/INFO] [com.teampotato.redirector.Redirector/]: Redirecting com/aizistral/enigmaticlegacy/items/RevelationTome$TomeType
[26Oct2025 04:41:04.904] [main/INFO] [com.teampotato.redirector.Redirector/]: Redirecting com/aizistral/enigmaticlegacy/api/items/IAdvancedPotionItem$PotionType
[26Oct2025 04:41:04.909] [main/INFO] [com.teampotato.redirector.Redirector/]: Redirecting com/kyanite/deeperdarker/util/DDTiers
[26Oct2025 04:41:04.910] [main/INFO] [com.teampotato.redirector.Redirector/]: Redirecting com/kyanite/deeperdarker/util/DDArmorMaterials
[26Oct2025 04:41:04.924] [main/INFO] [com.teampotato.redirector.Redirector/]: Redirecting net/mindoth/dreadsteel/item/armor/DreadsteelArmor$MaterialDreadsteel
[26Oct2025 04:41:04.926] [main/INFO] [com.teampotato.redirector.Redirector/]: Redirecting net/mindoth/dreadsteel/item/weapon/DreadsteelTier
[26Oct2025 04:41:04.927] [main/INFO] [com.teampotato.redirector.Redirector/]: Redirecting dev/ftb/mods/ftbquests/item/ScreenBlockItem$ScreenSize
[26Oct2025 04:41:04.936] [main/INFO] [com.teampotato.redirector.Redirector/]: Redirecting com/obscuria/obscureapi/api/common/classes/Ability$Cost$Type
[26Oct2025 04:41:04.939] [main/INFO] [com.teampotato.redirector.Redirector/]: Redirecting com/obscuria/obscureapi/api/common/classes/Ability$Style
[26Oct2025 04:41:04.942] [main/INFO] [com.teampotato.redirector.Redirector/]: Redirecting com/obscuria/obscureapi/api/common/classes/Bonus$Type
[26Oct2025 04:41:04.942] [main/INFO] [com.teampotato.redirector.Redirector/]: Redirecting com/obscuria/obscureapi/api/common/classes/Bonus$Operation
[26Oct2025 04:41:05.006] [main/INFO] [com.teampotato.redirector.Redirector/]: Redirecting net/sweenus/simplyswords/item/ModToolMaterial
[26Oct2025 04:41:05.165] [main/INFO] [com.teampotato.redirector.Redirector/]: Redirecting com/jaquadro/minecraft/storagedrawers/item/EnumUpgradeStorage
[26Oct2025 04:41:05.166] [main/INFO] [com.teampotato.redirector.Redirector/]: Redirecting com/jaquadro/minecraft/storagedrawers/item/EnumUpgradeRedstone
[26Oct2025 04:41:05.176] [main/INFO] [com.teampotato.redirector.Redirector/]: Redirecting io/redspace/ironsspellbooks/item/weapons/ExtendedWeaponTiers
[26Oct2025 04:41:05.181] [main/INFO] [com.teampotato.redirector.Redirector/]: Redirecting io/redspace/ironsspellbooks/item/armor/UpgradeTypes
[26Oct2025 04:41:05.185] [main/INFO] [com.teampotato.redirector.Redirector/]: Redirecting io/redspace/ironsspellbooks/item/armor/ExtendedArmorMaterials
[26Oct2025 04:41:05.248] [main/INFO] [com.teampotato.redirector.Redirector/]: Redirecting com/stal111/forbidden_arcanus/common/item/ModTiers
[26Oct2025 04:41:05.255] [main/INFO] [com.teampotato.redirector.Redirector/]: Redirecting com/stal111/forbidden_arcanus/common/entity/ModBoat$Type
[26Oct2025 04:41:05.257] [main/INFO] [com.teampotato.redirector.Redirector/]: Redirecting com/stal111/forbidden_arcanus/common/item/ModArmorMaterials
[26Oct2025 04:41:05.624] [main/INFO] [com.teampotato.redirector.Redirector/]: Redirecting com/blamejared/crafttweaker/impl/script/ScriptRecipeType
[26Oct2025 04:41:05.713] [main/INFO] [com.teampotato.redirector.Redirector/]: Redirecting com/legacy/blue_skies/crafting/ToolRecipe$Materials
[26Oct2025 04:41:05.715] [main/INFO] [com.teampotato.redirector.Redirector/]: Redirecting com/legacy/blue_skies/crafting/ToolRecipe$RecipeShapes
[26Oct2025 04:41:05.786] [main/INFO] [com.teampotato.redirector.Redirector/]: Redirecting com/hollingsworth/arsnouveau/api/recipe/SummonRitualRecipe$MobSource
[26Oct2025 04:41:05.846] [main/INFO] [com.teampotato.redirector.Redirector/]: Redirecting net/darkhax/bookshelf/impl/commands/CommandHand$OutputType
[26Oct2025 04:41:06.076] [main/ERROR] [net.minecraft.Util/]: Adding duplicate key 'ResourceKey[minecraft:worldgen/structure_type / bosses_of_mass_destruction:void_blossom]' to registry
[26Oct2025 04:41:06.076] [main/ERROR] [net.minecraft.Util/]: Adding duplicate value 'com.cerbon.bosses_of_mass_destruction.structure.BMDStructures$$Lambda$32430/0x000079f0ebedd000@1f9d1cb2' to registry
[26Oct2025 04:41:06.292] [main/INFO] [com.teampotato.redirector.Redirector/]: Redirecting io/github/edwinmindcraft/apoli/common/action/meta/SideConfiguration$Side
[26Oct2025 04:41:06.308] [main/INFO] [com.teampotato.redirector.Redirector/]: Redirecting io/github/apace100/apoli/power/factory/condition/bientity/RelativeRotationCondition$RotationType
[26Oct2025 04:41:06.344] [main/INFO] [com.teampotato.redirector.Redirector/]: Redirecting net/minecraft/world/level/LightLayer
[26Oct2025 04:41:06.350] [main/INFO] [com.teampotato.redirector.Redirector/]: Redirecting io/github/edwinmindcraft/apoli/common/action/configuration/ReferencePoint
[26Oct2025 04:41:06.353] [main/INFO] [com.teampotato.redirector.Redirector/]: Redirecting io/github/apace100/apoli/util/Shape
[26Oct2025 04:41:06.458] [main/INFO] [com.teampotato.redirector.Redirector/]: Redirecting io/github/apace100/apoli/util/InventoryUtil$InventoryType
[26Oct2025 04:41:06.502] [main/INFO] [com.teampotato.redirector.Redirector/]: Redirecting io/github/edwinmindcraft/apoli/common/condition/configuration/EnchantmentConfiguration$Calculation
[26Oct2025 04:41:06.578] [main/INFO] [com.teampotato.redirector.Redirector/]: Redirecting io/github/edwinmindcraft/apoli/api/power/factory/ModifierOperation$Phase
[26Oct2025 04:41:06.617] [main/INFO] [com.teampotato.redirector.Redirector/]: Redirecting io/github/edwinmindcraft/apoli/common/power/InventoryPower$ContainerType
[26Oct2025 04:41:06.636] [main/INFO] [com.teampotato.redirector.Redirector/]: Redirecting io/github/edwinmindcraft/apoli/common/power/configuration/PhasingConfiguration$RenderType
[26Oct2025 04:41:06.663] [main/INFO] [com.teampotato.redirector.Redirector/]: Redirecting io/github/edwinmindcraft/apoli/common/power/configuration/OverlayConfiguration$DrawMode
[26Oct2025 04:41:06.663] [main/INFO] [com.teampotato.redirector.Redirector/]: Redirecting io/github/edwinmindcraft/apoli/common/power/configuration/OverlayConfiguration$DrawPhase
[26Oct2025 04:41:06.670] [main/INFO] [com.teampotato.redirector.Redirector/]: Redirecting io/github/edwinmindcraft/apoli/common/power/ModifyGrindstonePower$ResultType
[26Oct2025 04:41:06.777] [main/INFO] [com.teampotato.redirector.Redirector/]: Redirecting com/telepathicgrunt/repurposedstructures/world/biomemodifiers/AdditionsTemperatureModifier$TEMPERATURE_RANGE
[26Oct2025 04:41:07.008] [main/INFO] [com.teampotato.redirector.Redirector/]: Redirecting com/minecolonies/api/entity/citizen/Skill
[26Oct2025 04:41:07.140] [main/INFO] [mixin/]: Mixing MixinForgeHooks from enigmaticlegacy.mixins.json into net.minecraftforge.common.ForgeHooks
[26Oct2025 04:41:07.227] [main/INFO] [com.teampotato.redirector.Redirector/]: Redirecting com/izofar/bygonenether/entity/WarpedEnderMan$WarpedEnderManVariant
[26Oct2025 04:41:07.292] [main/INFO] [com.teampotato.redirector.Redirector/]: Redirecting net/minecraftforge/event/entity/SpawnPlacementRegisterEvent$Operation
[26Oct2025 04:41:07.338] [main/INFO] [com.tom.storagemod.StorageMod/]: Loaded Tom's Simple Storage config file toms_storage-common.toml
[26Oct2025 04:41:07.361] [main/INFO] [Puzzles Lib/]: Loading common config for mutantmonsters
[26Oct2025 04:41:07.398] [main/INFO] [com.teampotato.redirector.Redirector/]: Redirecting com/github/alexthe666/citadel/config/biome/BiomeEntryType
[26Oct2025 04:41:07.559] [main/INFO] [com.teampotato.redirector.Redirector/]: Redirecting tschipp/carryon/client/modeloverride/ModelOverride$Type
[26Oct2025 04:41:07.584] [main/INFO] [com.teampotato.redirector.Redirector/]: Redirecting com/github/L_Ender/lionfishapi/config/biome/BiomeEntryType
[26Oct2025 04:41:07.667] [main/INFO] [quark/]: Dispatching Module Step CONFIG_CHANGED
[26Oct2025 04:41:07.699] [modloading-worker-0/INFO] [com.teampotato.redirector.Redirector/]: Redirecting shadows/gateways/entity/GatewayEntity$GatewaySize
[26Oct2025 04:41:07.788] [modloading-worker-0/INFO] [io.github.jamalam360.rightclickharvest.RightClickHarvestModInit/]: Initialized
[26Oct2025 04:41:07.788] [modloading-worker-0/INFO] [thetadev.constructionwand.ConstructionWand/]: ConstructionWand says hello - may the odds be ever in your favor.
[26Oct2025 04:41:07.806] [modloading-worker-0/INFO] [com.teampotato.redirector.Redirector/]: Redirecting top/theillusivec4/curios/common/network/server/sync/SPacketSyncStack$HandlerType
[26Oct2025 04:41:07.811] [modloading-worker-0/INFO] [com.tom.storagemod.StorageMod/]: Tom's Storage Setup starting
[26Oct2025 04:41:07.817] [modloading-worker-0/INFO] [com.tom.storagemod.StorageMod/]: Initilaized Network Handler
[26Oct2025 04:41:07.830] [modloading-worker-0/INFO] [com.teampotato.redirector.Redirector/]: Redirecting mezz/jei/common/network/PacketIdServer
[26Oct2025 04:41:07.833] [modloading-worker-0/INFO] [com.teampotato.redirector.Redirector/]: Redirecting mezz/jei/common/config/GiveMode
[26Oct2025 04:41:07.855] [modloading-worker-0/INFO] [com.teampotato.redirector.Redirector/]: Redirecting com/blamejared/crafttweaker/api/zencode/scriptrun/ScriptRunConfiguration$RunKind
[26Oct2025 04:41:07.858] [modloading-worker-0/INFO] [com.teampotato.redirector.Redirector/]: Redirecting com/blamejared/crafttweaker/api/zencode/scriptrun/ScriptDiscoveryConfiguration$SuspiciousNamesBehavior
[26Oct2025 04:41:07.860] [modloading-worker-0/INFO] [com.teampotato.redirector.Redirector/]: Redirecting com/hypherionmc/craterlib/core/networking/data/PacketSide
[26Oct2025 04:41:07.887] [modloading-worker-0/INFO] [com.teampotato.redirector.Redirector/]: Redirecting de/maxhenkel/voicechat/logging/LogLevel
[26Oct2025 04:41:07.888] [modloading-worker-0/INFO] [voicechat/]: [voicechat] Compatibility version 20
[26Oct2025 04:41:07.888] [modloading-worker-0/INFO] [necronomicon/]: Necronomicon Initialized
[26Oct2025 04:41:07.889] [modloading-worker-0/INFO] [com.teampotato.redirector.Redirector/]: Redirecting shadows/apotheosis/adventure/boss/BossEvents$BossSpawnRules
[26Oct2025 04:41:07.892] [modloading-worker-0/INFO] [com.teampotato.redirector.Redirector/]: Redirecting de/maxhenkel/voicechat/config/ServerConfig$Codec
[26Oct2025 04:41:07.895] [modloading-worker-0/INFO] [com.teampotato.redirector.Redirector/]: Redirecting com/blamejared/crafttweaker/impl/script/scriptrun/DecoratedRunKind
[26Oct2025 04:41:07.908] [modloading-worker-0/INFO] [necronomicon/]: File exists, reading config for elocindev.necronomicon.NecronomiconConfig.
[26Oct2025 04:41:07.916] [modloading-worker-0/INFO] [necronomicon/]: Config for elocindev.necronomicon.NecronomiconConfig read successfully.
[26Oct2025 04:41:07.931] [modloading-worker-0/INFO] [com.teampotato.redirector.Redirector/]: Redirecting de/maxhenkel/opus4j/OpusEncoder$Application
[26Oct2025 04:41:07.932] [modloading-worker-0/INFO] [com.teampotato.redirector.Redirector/]: Redirecting de/maxhenkel/voicechat/api/opus/OpusEncoderMode
[26Oct2025 04:41:07.940] [modloading-worker-0/INFO] [com.teampotato.redirector.Redirector/]: Redirecting org/openzen/zenscript/lexer/ZSTokenType
[26Oct2025 04:41:07.969] [modloading-worker-0/INFO] [dev.itsmeow.whisperwoods.WhisperwoodsMod/]: Summoning a hidebehind to eat you...
[26Oct2025 04:41:07.987] [Forge Version Check/INFO] [net.minecraftforge.fml.VersionChecker/]: [saturn] Starting version check at https://github.com/AbdElAziz333/Saturn/raw/mc1.20.1/dev/updates.json
[26Oct2025 04:41:08.001] [modloading-worker-0/INFO] [com.teampotato.redirector.Redirector/]: Redirecting shadows/apotheosis/adventure/affix/effect/PotionAffix$Target
[26Oct2025 04:41:08.008] [modloading-worker-0/INFO] [com.teampotato.redirector.Redirector/]: Redirecting shadows/apotheosis/adventure/affix/effect/DamageReductionAffix$DamageType
[26Oct2025 04:41:08.045] [modloading-worker-0/INFO] [voicechat/]: [voicechat] Loading plugins
[26Oct2025 04:41:08.085] [modloading-worker-0/INFO] [voicechat/]: [voicechat] Loaded 0 plugin(s)
[26Oct2025 04:41:08.089] [modloading-worker-0/INFO] [voicechat/]: [voicechat] Initializing plugins
[26Oct2025 04:41:08.089] [modloading-worker-0/INFO] [voicechat/]: [voicechat] Initialized 0 plugin(s)
[26Oct2025 04:41:08.111] [modloading-worker-0/INFO] [com.teampotato.redirector.Redirector/]: Redirecting de/maxhenkel/voicechat/permission/PermissionType
[26Oct2025 04:41:08.132] [modloading-worker-0/INFO] [com.biomemusic.BiomeMusic/]: biomemusic mod initialized
[26Oct2025 04:41:08.153] [modloading-worker-0/INFO] [CorgiLib/]: Initializing network...
[26Oct2025 04:41:08.155] [modloading-worker-0/INFO] [com.teampotato.redirector.Redirector/]: Redirecting corgitaco/corgilib/network/Packet$PacketDirection
[26Oct2025 04:41:08.160] [modloading-worker-0/INFO] [com.teampotato.redirector.Redirector/]: Redirecting stdlib/Result$Discriminant
[26Oct2025 04:41:08.166] [modloading-worker-0/INFO] [CorgiLib/]: Initialized network!
[26Oct2025 04:41:08.168] [modloading-worker-0/INFO] [com.chunksending.ChunkSending/]: chunksending mod initialized
[26Oct2025 04:41:08.192] [modloading-worker-0/INFO] [com.recipeessentials.RecipeEssentials/]: recipeessentials mod initialized
[26Oct2025 04:41:08.199] [modloading-worker-0/INFO] [com.teampotato.redirector.Redirector/]: Redirecting org/openzen/zenscript/parser/type/ParsedTypeBasic
[26Oct2025 04:41:08.251] [modloading-worker-0/INFO] [com.connectivity.Connectivity/]: Connectivity initialized
[26Oct2025 04:41:08.262] [modloading-worker-0/INFO] [com.teampotato.redirector.Redirector/]: Redirecting org/openzen/zenscript/codemodel/CompareType
[26Oct2025 04:41:08.326] [modloading-worker-0/INFO] [com.gpumemleakfix.Gpumemleakfix/]: gpumemleakfix mod initialized
[26Oct2025 04:41:08.326] [modloading-worker-0/INFO] [com.structureessentials.StructureEssentials/]: structureessentials mod initialized
[26Oct2025 04:41:08.332] [modloading-worker-0/INFO] [com.teampotato.redirector.Redirector/]: Redirecting com/aetherteam/nitrogen/api/users/User$Tier
[26Oct2025 04:41:08.342] [modloading-worker-0/INFO] [com.teampotato.redirector.Redirector/]: Redirecting org/openzen/zenscript/codemodel/type/member/TypeMemberPriority
[26Oct2025 04:41:08.373] [Forge Version Check/WARN] [net.minecraftforge.fml.VersionChecker/]: Failed to process update information
com.google.gson.JsonSyntaxException: java.lang.IllegalStateException: Expected BEGIN_OBJECT but was STRING at line 9 column 1 path $
	at com.google.gson.Gson.fromJson(Gson.java:975) ~[gson-2.8.9.jar%2368!/:?]
	at com.google.gson.Gson.fromJson(Gson.java:928) ~[gson-2.8.9.jar%2368!/:?]
	at com.google.gson.Gson.fromJson(Gson.java:877) ~[gson-2.8.9.jar%2368!/:?]
	at com.google.gson.Gson.fromJson(Gson.java:848) ~[gson-2.8.9.jar%2368!/:?]
	at net.minecraftforge.fml.VersionChecker$1.process(VersionChecker.java:183) ~[fmlcore-1.19.2-43.4.2.jar%23656!/:?]
	at java.lang.Iterable.forEach(Iterable.java:75) [?:?]
	at net.minecraftforge.fml.VersionChecker$1.run(VersionChecker.java:114) [fmlcore-1.19.2-43.4.2.jar%23656!/:?]
Caused by: java.lang.IllegalStateException: Expected BEGIN_OBJECT but was STRING at line 9 column 1 path $
	at com.google.gson.stream.JsonReader.beginObject(JsonReader.java:384) ~[gson-2.8.9.jar%2368!/:?]
	at com.google.gson.internal.bind.MapTypeAdapterFactory$Adapter.read(MapTypeAdapterFactory.java:183) ~[gson-2.8.9.jar%2368!/:?]
	at com.google.gson.internal.bind.MapTypeAdapterFactory$Adapter.read(MapTypeAdapterFactory.java:145) ~[gson-2.8.9.jar%2368!/:?]
	at com.google.gson.Gson.fromJson(Gson.java:963) ~[gson-2.8.9.jar%2368!/:?]
	... 6 more
[26Oct2025 04:41:08.375] [Forge Version Check/INFO] [net.minecraftforge.fml.VersionChecker/]: [majruszsdifficulty] Starting version check at https://raw.githubusercontent.com/Majrusz/MinecraftCommon/main/ProgressiveDifficulty/update.json
[26Oct2025 04:41:08.375] [modloading-worker-0/INFO] [com.teampotato.redirector.Redirector/]: Redirecting org/openzen/zenscript/codemodel/type/member/BuiltinID
[26Oct2025 04:41:08.407] [modloading-worker-0/INFO] [com.lootintegrations.LootintegrationsMod/]: lootintegrations mod initialized
[26Oct2025 04:41:08.408] [modloading-worker-0/INFO] [necronomicon/]: File exists, reading config for elocindev.item_obliterator.forge.config.ConfigEntries.
[26Oct2025 04:41:08.413] [modloading-worker-0/INFO] [necronomicon/]: Config for elocindev.item_obliterator.forge.config.ConfigEntries read successfully.
[26Oct2025 04:41:08.424] [modloading-worker-0/INFO] [elocindev.item_obliterator.forge.ItemObliterator/]: Loaded Item Obliterator Config
[26Oct2025 04:41:08.431] [Forge Version Check/INFO] [net.minecraftforge.fml.VersionChecker/]: [majruszsdifficulty] Found status: AHEAD Current: 1.9.9-backport.1 Target: null
[26Oct2025 04:41:08.433] [Forge Version Check/INFO] [net.minecraftforge.fml.VersionChecker/]: [maxhealthfix] Starting version check at https://updates.blamejared.com/get?n=maxhealthfix&gv=1.19.2
[26Oct2025 04:41:08.438] [modloading-worker-0/INFO] [com.teampotato.redirector.Redirector/]: Redirecting it/hurts/sskirillss/relics/network/packets/leveling/PacketRelicTweak$Operation
[26Oct2025 04:41:08.440] [modloading-worker-0/INFO] [com.teampotato.redirector.Redirector/]: Redirecting it/hurts/sskirillss/relics/network/packets/PacketSyncEntityEffects$Action
[26Oct2025 04:41:08.470] [modloading-worker-0/INFO] [com.teampotato.redirector.Redirector/]: Redirecting org/openzen/zenscript/codemodel/member/FunctionalKind
[26Oct2025 04:41:08.511] [modloading-worker-0/INFO] [com.teampotato.redirector.Redirector/]: Redirecting org/openzen/zenscript/codemodel/SemanticModule$State
[26Oct2025 04:41:08.554] [modloading-worker-0/INFO] [com.teampotato.redirector.Redirector/]: Redirecting org/openzen/zenscript/validator/visitors/DefinitionMemberContext
[26Oct2025 04:41:08.565] [modloading-worker-0/INFO] [com.teampotato.redirector.Redirector/]: Redirecting org/openzen/zenscript/validator/TypeContext
[26Oct2025 04:41:08.676] [modloading-worker-0/INFO] [com.teampotato.redirector.Redirector/]: Redirecting org/openzen/zenscript/javashared/JavaClass$Kind
[26Oct2025 04:41:08.686] [modloading-worker-0/INFO] [com.teampotato.redirector.Redirector/]: Redirecting org/openzen/zencode/java/module/converters/JavaAnnotatedType$ElementType
[26Oct2025 04:41:08.693] [modloading-worker-0/INFO] [com.teampotato.redirector.Redirector/]: Redirecting org/openzen/zenscript/javashared/JavaMethod$Kind
[26Oct2025 04:41:08.796] [Forge Version Check/INFO] [net.minecraftforge.fml.VersionChecker/]: [maxhealthfix] Found status: BETA Current: 8.0.2 Target: 8.0.2
[26Oct2025 04:41:08.796] [Forge Version Check/INFO] [net.minecraftforge.fml.VersionChecker/]: [ctov] Starting version check at https://api.modrinth.com/updates/fgmhI8kH/forge_updates.json
[26Oct2025 04:41:08.859] [modloading-worker-0/INFO] [Enigmatic Legacy/INFO]: Initializing common setup phase...
[26Oct2025 04:41:08.860] [modloading-worker-0/INFO] [Enigmatic Legacy/INFO]: Registering packets...
[26Oct2025 04:41:08.940] [modloading-worker-0/INFO] [Enigmatic Legacy/INFO]: Registering triggers...
[26Oct2025 04:41:08.951] [modloading-worker-0/INFO] [Enigmatic Legacy/INFO]: Registering stats...
[26Oct2025 04:41:08.959] [modloading-worker-0/INFO] [Enigmatic Legacy/INFO]: Common setup phase finished successfully.
[26Oct2025 04:41:08.966] [Forge Version Check/INFO] [net.minecraftforge.fml.VersionChecker/]: [ctov] Found status: AHEAD Current: 3.2.6c Target: null
[26Oct2025 04:41:08.966] [Forge Version Check/INFO] [net.minecraftforge.fml.VersionChecker/]: [leavesbegone] Starting version check at https://raw.githubusercontent.com/Fuzss/modresources/main/update/leavesbegone.json
[26Oct2025 04:41:08.969] [modloading-worker-0/INFO] [Enigmatic Addons/INFO]: Initializing common setup phase...
[26Oct2025 04:41:08.971] [modloading-worker-0/INFO] [Enigmatic Addons/INFO]: Registering packets...
[26Oct2025 04:41:08.976] [modloading-worker-0/INFO] [Dungeon Crawl/]: Common Setup
[26Oct2025 04:41:08.983] [Forge Version Check/INFO] [net.minecraftforge.fml.VersionChecker/]: [leavesbegone] Found status: UP_TO_DATE Current: 4.0.1 Target: null
[26Oct2025 04:41:08.983] [Forge Version Check/INFO] [net.minecraftforge.fml.VersionChecker/]: [corpse] Starting version check at https://update.maxhenkel.de/forge/corpse
[26Oct2025 04:41:08.988] [modloading-worker-0/INFO] [Enigmatic Addons/INFO]: Common setup phase finished successfully.
[26Oct2025 04:41:08.992] [modloading-worker-0/INFO] [com.teampotato.redirector.Redirector/]: Redirecting net/minecraft/world/entity/raid/Raid$RaiderType
[26Oct2025 04:41:09.063] [modloading-worker-0/INFO] [quark/]: Dispatching Module Step CONFIG_CHANGED
[26Oct2025 04:41:09.064] [modloading-worker-0/INFO] [com.brutalbosses.BrutalBosses/]: brutalbosses mod initialized
[26Oct2025 04:41:09.066] [modloading-worker-0/INFO] [com.teampotato.redirector.Redirector/]: Redirecting net/mehvahdjukaar/supplementaries/common/utils/MiscUtils$Festivity
[26Oct2025 04:41:09.075] [modloading-worker-0/INFO] [com.teampotato.redirector.Redirector/]: Redirecting net/mehvahdjukaar/supplementaries/reg/LootTablesInjects$TableType
[26Oct2025 04:41:09.081] [modloading-worker-0/INFO] [quark/]: Dispatching Module Step SETUP
[26Oct2025 04:41:09.088] [modloading-worker-0/INFO] [com.jaquadro.minecraft.storagedrawers.StorageDrawers/]: New compacting rule 4 clay_ball = 1 clay
[26Oct2025 04:41:09.089] [modloading-worker-0/INFO] [com.jaquadro.minecraft.storagedrawers.StorageDrawers/]: New compacting rule 4 snowball = 1 snow_block
[26Oct2025 04:41:09.089] [modloading-worker-0/INFO] [com.jaquadro.minecraft.storagedrawers.StorageDrawers/]: New compacting rule 4 glowstone_dust = 1 glowstone
[26Oct2025 04:41:09.089] [modloading-worker-0/INFO] [com.jaquadro.minecraft.storagedrawers.StorageDrawers/]: New compacting rule 4 brick = 1 bricks
[26Oct2025 04:41:09.089] [modloading-worker-0/INFO] [com.jaquadro.minecraft.storagedrawers.StorageDrawers/]: New compacting rule 4 nether_brick = 1 nether_bricks
[26Oct2025 04:41:09.089] [modloading-worker-0/INFO] [com.jaquadro.minecraft.storagedrawers.StorageDrawers/]: New compacting rule 9 nether_wart = 1 nether_wart_block
[26Oct2025 04:41:09.089] [modloading-worker-0/INFO] [com.jaquadro.minecraft.storagedrawers.StorageDrawers/]: New compacting rule 4 quartz = 1 quartz_block
[26Oct2025 04:41:09.089] [modloading-worker-0/INFO] [com.jaquadro.minecraft.storagedrawers.StorageDrawers/]: New compacting rule 9 melon_slice = 1 melon
[26Oct2025 04:41:09.089] [modloading-worker-0/INFO] [com.jaquadro.minecraft.storagedrawers.StorageDrawers/]: New compacting rule 4 sand = 1 sandstone
[26Oct2025 04:41:09.089] [modloading-worker-0/INFO] [com.jaquadro.minecraft.storagedrawers.StorageDrawers/]: New compacting rule 4 red_sand = 1 red_sandstone
[26Oct2025 04:41:09.090] [modloading-worker-0/INFO] [com.teampotato.redirector.Redirector/]: Redirecting io/redspace/ironsspellbooks/api/spells/CastSource
[26Oct2025 04:41:09.135] [modloading-worker-0/INFO] [com.jaquadro.minecraft.storagedrawers.StorageDrawers/]: New compacting rule 4 clay_ball = 1 clay
[26Oct2025 04:41:09.151] [modloading-worker-0/INFO] [com.teampotato.redirector.Redirector/]: Redirecting io/redspace/ironsspellbooks/network/ClientboundCastErrorMessage$ErrorType
[26Oct2025 04:41:09.351] [modloading-worker-0/INFO] [com.teampotato.redirector.Redirector/]: Redirecting com/minecolonies/api/colony/requestsystem/request/RequestState
[26Oct2025 04:41:09.496] [Forge Version Check/INFO] [net.minecraftforge.fml.VersionChecker/]: [corpse] Found status: AHEAD Current: 1.19.2-1.0.17 Target: null
[26Oct2025 04:41:09.497] [Forge Version Check/INFO] [net.minecraftforge.fml.VersionChecker/]: [advancementplaques] Starting version check at https://mc-update-check.anthonyhilyard.com/499826
[26Oct2025 04:41:09.578] [Forge Version Check/WARN] [net.minecraftforge.fml.VersionChecker/]: Failed to process update information
javax.net.ssl.SSLHandshakeException: PKIX path validation failed: java.security.cert.CertPathValidatorException: validity check failed
	at jdk.internal.net.http.HttpClientImpl.send(HttpClientImpl.java:579) ~[java.net.http:?]
	at jdk.internal.net.http.HttpClientFacade.send(HttpClientFacade.java:123) ~[java.net.http:?]
	at net.minecraftforge.fml.VersionChecker$1.openUrlString(VersionChecker.java:139) ~[fmlcore-1.19.2-43.4.2.jar%23656!/:?]
	at net.minecraftforge.fml.VersionChecker$1.process(VersionChecker.java:177) ~[fmlcore-1.19.2-43.4.2.jar%23656!/:?]
	at java.lang.Iterable.forEach(Iterable.java:75) [?:?]
	at net.minecraftforge.fml.VersionChecker$1.run(VersionChecker.java:114) [fmlcore-1.19.2-43.4.2.jar%23656!/:?]
Caused by: javax.net.ssl.SSLHandshakeException: PKIX path validation failed: java.security.cert.CertPathValidatorException: validity check failed
	at sun.security.ssl.Alert.createSSLException(Alert.java:131) ~[?:?]
	at sun.security.ssl.TransportContext.fatal(TransportContext.java:383) ~[?:?]
	at sun.security.ssl.TransportContext.fatal(TransportContext.java:326) ~[?:?]
	at sun.security.ssl.TransportContext.fatal(TransportContext.java:321) ~[?:?]
	at sun.security.ssl.CertificateMessage$T12CertificateConsumer.checkServerCerts(CertificateMessage.java:654) ~[?:?]
	at sun.security.ssl.CertificateMessage$T12CertificateConsumer.onCertificate(CertificateMessage.java:473) ~[?:?]
	at sun.security.ssl.CertificateMessage$T12CertificateConsumer.consume(CertificateMessage.java:369) ~[?:?]
	at sun.security.ssl.SSLHandshake.consume(SSLHandshake.java:396) ~[?:?]
	at sun.security.ssl.HandshakeContext.dispatch(HandshakeContext.java:480) ~[?:?]
	at sun.security.ssl.SSLEngineImpl$DelegatedTask$DelegatedAction.run(SSLEngineImpl.java:1277) ~[?:?]
	at sun.security.ssl.SSLEngineImpl$DelegatedTask$DelegatedAction.run(SSLEngineImpl.java:1264) ~[?:?]
	at java.security.AccessController.doPrivileged(AccessController.java:712) ~[?:?]
	at sun.security.ssl.SSLEngineImpl$DelegatedTask.run(SSLEngineImpl.java:1209) ~[?:?]
	at java.util.ArrayList.forEach(ArrayList.java:1511) ~[?:?]
	at jdk.internal.net.http.common.SSLFlowDelegate.lambda$executeTasks$3(SSLFlowDelegate.java:1132) ~[java.net.http:?]
	at jdk.internal.net.http.HttpClientImpl$DelegatingExecutor.execute(HttpClientImpl.java:158) ~[java.net.http:?]
	at jdk.internal.net.http.common.SSLFlowDelegate.executeTasks(SSLFlowDelegate.java:1127) ~[java.net.http:?]
	at jdk.internal.net.http.common.SSLFlowDelegate.doHandshake(SSLFlowDelegate.java:1093) ~[java.net.http:?]
	at jdk.internal.net.http.common.SSLFlowDelegate$Reader.processData(SSLFlowDelegate.java:498) ~[java.net.http:?]
	at jdk.internal.net.http.common.SSLFlowDelegate$Reader$ReaderDownstreamPusher.run(SSLFlowDelegate.java:282) ~[java.net.http:?]
	at jdk.internal.net.http.common.SequentialScheduler$LockingRestartableTask.run(SequentialScheduler.java:205) ~[java.net.http:?]
	at jdk.internal.net.http.common.SequentialScheduler$CompleteRestartableTask.run(SequentialScheduler.java:149) ~[java.net.http:?]
	at jdk.internal.net.http.common.SequentialScheduler$TryEndDeferredCompleter.complete(SequentialScheduler.java:347) ~[java.net.http:?]
	at jdk.internal.net.http.common.SequentialScheduler$CompleteRestartableTask.run(SequentialScheduler.java:151) ~[java.net.http:?]
	at jdk.internal.net.http.common.SequentialScheduler$SchedulableTask.run(SequentialScheduler.java:230) ~[java.net.http:?]
	at java.util.concurrent.ThreadPoolExecutor.runWorker(ThreadPoolExecutor.java:1136) ~[?:?]
	at java.util.concurrent.ThreadPoolExecutor$Worker.run(ThreadPoolExecutor.java:635) ~[?:?]
	at java.lang.Thread.run(Thread.java:840) ~[?:?]
Caused by: sun.security.validator.ValidatorException: PKIX path validation failed: java.security.cert.CertPathValidatorException: validity check failed
	at sun.security.validator.PKIXValidator.doValidate(PKIXValidator.java:369) ~[?:?]
	at sun.security.validator.PKIXValidator.engineValidate(PKIXValidator.java:275) ~[?:?]
	at sun.security.validator.Validator.validate(Validator.java:264) ~[?:?]
	at sun.security.ssl.X509TrustManagerImpl.checkTrusted(X509TrustManagerImpl.java:285) ~[?:?]
	at sun.security.ssl.X509TrustManagerImpl.checkServerTrusted(X509TrustManagerImpl.java:144) ~[?:?]
	at sun.security.ssl.CertificateMessage$T12CertificateConsumer.checkServerCerts(CertificateMessage.java:632) ~[?:?]
	at sun.security.ssl.CertificateMessage$T12CertificateConsumer.onCertificate(CertificateMessage.java:473) ~[?:?]
	at sun.security.ssl.CertificateMessage$T12CertificateConsumer.consume(CertificateMessage.java:369) ~[?:?]
	at sun.security.ssl.SSLHandshake.consume(SSLHandshake.java:396) ~[?:?]
	at sun.security.ssl.HandshakeContext.dispatch(HandshakeContext.java:480) ~[?:?]
	at sun.security.ssl.SSLEngineImpl$DelegatedTask$DelegatedAction.run(SSLEngineImpl.java:1277) ~[?:?]
	at sun.security.ssl.SSLEngineImpl$DelegatedTask$DelegatedAction.run(SSLEngineImpl.java:1264) ~[?:?]
	at java.security.AccessController.doPrivileged(AccessController.java:712) ~[?:?]
	at sun.security.ssl.SSLEngineImpl$DelegatedTask.run(SSLEngineImpl.java:1209) ~[?:?]
	at java.util.ArrayList.forEach(ArrayList.java:1511) ~[?:?]
	at jdk.internal.net.http.common.SSLFlowDelegate.lambda$executeTasks$3(SSLFlowDelegate.java:1132) ~[java.net.http:?]
	at jdk.internal.net.http.HttpClientImpl$DelegatingExecutor.execute(HttpClientImpl.java:158) ~[java.net.http:?]
	at jdk.internal.net.http.common.SSLFlowDelegate.executeTasks(SSLFlowDelegate.java:1127) ~[java.net.http:?]
	at jdk.internal.net.http.common.SSLFlowDelegate.doHandshake(SSLFlowDelegate.java:1093) ~[java.net.http:?]
	at jdk.internal.net.http.common.SSLFlowDelegate$Reader.processData(SSLFlowDelegate.java:498) ~[java.net.http:?]
	at jdk.internal.net.http.common.SSLFlowDelegate$Reader$ReaderDownstreamPusher.run(SSLFlowDelegate.java:282) ~[java.net.http:?]
	at jdk.internal.net.http.common.SequentialScheduler$LockingRestartableTask.run(SequentialScheduler.java:205) ~[java.net.http:?]
	at jdk.internal.net.http.common.SequentialScheduler$CompleteRestartableTask.run(SequentialScheduler.java:149) ~[java.net.http:?]
	at jdk.internal.net.http.common.SequentialScheduler$TryEndDeferredCompleter.complete(SequentialScheduler.java:347) ~[java.net.http:?]
	at jdk.internal.net.http.common.SequentialScheduler$CompleteRestartableTask.run(SequentialScheduler.java:151) ~[java.net.http:?]
	at jdk.internal.net.http.common.SequentialScheduler$SchedulableTask.run(SequentialScheduler.java:230) ~[java.net.http:?]
	at java.util.concurrent.ThreadPoolExecutor.runWorker(ThreadPoolExecutor.java:1136) ~[?:?]
	at java.util.concurrent.ThreadPoolExecutor$Worker.run(ThreadPoolExecutor.java:635) ~[?:?]
	at java.lang.Thread.run(Thread.java:840) ~[?:?]
Caused by: java.security.cert.CertPathValidatorException: validity check failed
	at sun.security.provider.certpath.PKIXMasterCertPathValidator.validate(PKIXMasterCertPathValidator.java:135) ~[?:?]
	at sun.security.provider.certpath.PKIXCertPathValidator.validate(PKIXCertPathValidator.java:224) ~[?:?]
	at sun.security.provider.certpath.PKIXCertPathValidator.validate(PKIXCertPathValidator.java:144) ~[?:?]
	at sun.security.provider.certpath.PKIXCertPathValidator.engineValidate(PKIXCertPathValidator.java:83) ~[?:?]
	at java.security.cert.CertPathValidator.validate(CertPathValidator.java:309) ~[?:?]
	at sun.security.validator.PKIXValidator.doValidate(PKIXValidator.java:364) ~[?:?]
	at sun.security.validator.PKIXValidator.engineValidate(PKIXValidator.java:275) ~[?:?]
	at sun.security.validator.Validator.validate(Validator.java:264) ~[?:?]
	at sun.security.ssl.X509TrustManagerImpl.checkTrusted(X509TrustManagerImpl.java:285) ~[?:?]
	at sun.security.ssl.X509TrustManagerImpl.checkServerTrusted(X509TrustManagerImpl.java:144) ~[?:?]
	at sun.security.ssl.CertificateMessage$T12CertificateConsumer.checkServerCerts(CertificateMessage.java:632) ~[?:?]
	at sun.security.ssl.CertificateMessage$T12CertificateConsumer.onCertificate(CertificateMessage.java:473) ~[?:?]
	at sun.security.ssl.CertificateMessage$T12CertificateConsumer.consume(CertificateMessage.java:369) ~[?:?]
	at sun.security.ssl.SSLHandshake.consume(SSLHandshake.java:396) ~[?:?]
	at sun.security.ssl.HandshakeContext.dispatch(HandshakeContext.java:480) ~[?:?]
	at sun.security.ssl.SSLEngineImpl$DelegatedTask$DelegatedAction.run(SSLEngineImpl.java:1277) ~[?:?]
	at sun.security.ssl.SSLEngineImpl$DelegatedTask$DelegatedAction.run(SSLEngineImpl.java:1264) ~[?:?]
	at java.security.AccessController.doPrivileged(AccessController.java:712) ~[?:?]
	at sun.security.ssl.SSLEngineImpl$DelegatedTask.run(SSLEngineImpl.java:1209) ~[?:?]
	at java.util.ArrayList.forEach(ArrayList.java:1511) ~[?:?]
	at jdk.internal.net.http.common.SSLFlowDelegate.lambda$executeTasks$3(SSLFlowDelegate.java:1132) ~[java.net.http:?]
	at jdk.internal.net.http.HttpClientImpl$DelegatingExecutor.execute(HttpClientImpl.java:158) ~[java.net.http:?]
	at jdk.internal.net.http.common.SSLFlowDelegate.executeTasks(SSLFlowDelegate.java:1127) ~[java.net.http:?]
	at jdk.internal.net.http.common.SSLFlowDelegate.doHandshake(SSLFlowDelegate.java:1093) ~[java.net.http:?]
	at jdk.internal.net.http.common.SSLFlowDelegate$Reader.processData(SSLFlowDelegate.java:498) ~[java.net.http:?]
	at jdk.internal.net.http.common.SSLFlowDelegate$Reader$ReaderDownstreamPusher.run(SSLFlowDelegate.java:282) ~[java.net.http:?]
	at jdk.internal.net.http.common.SequentialScheduler$LockingRestartableTask.run(SequentialScheduler.java:205) ~[java.net.http:?]
	at jdk.internal.net.http.common.SequentialScheduler$CompleteRestartableTask.run(SequentialScheduler.java:149) ~[java.net.http:?]
	at jdk.internal.net.http.common.SequentialScheduler$TryEndDeferredCompleter.complete(SequentialScheduler.java:347) ~[java.net.http:?]
	at jdk.internal.net.http.common.SequentialScheduler$CompleteRestartableTask.run(SequentialScheduler.java:151) ~[java.net.http:?]
	at jdk.internal.net.http.common.SequentialScheduler$SchedulableTask.run(SequentialScheduler.java:230) ~[java.net.http:?]
	at java.util.concurrent.ThreadPoolExecutor.runWorker(ThreadPoolExecutor.java:1136) ~[?:?]
	at java.util.concurrent.ThreadPoolExecutor$Worker.run(ThreadPoolExecutor.java:635) ~[?:?]
	at java.lang.Thread.run(Thread.java:840) ~[?:?]
Caused by: java.security.cert.CertificateExpiredException: NotAfter: Sat Sep 06 14:33:56 UTC 2025
	at sun.security.x509.CertificateValidity.valid(CertificateValidity.java:274) ~[?:?]
	at sun.security.x509.X509CertImpl.checkValidity(X509CertImpl.java:621) ~[?:?]
	at sun.security.provider.certpath.BasicChecker.verifyValidity(BasicChecker.java:190) ~[?:?]
	at sun.security.provider.certpath.BasicChecker.check(BasicChecker.java:144) ~[?:?]
	at sun.security.provider.certpath.PKIXMasterCertPathValidator.validate(PKIXMasterCertPathValidator.java:125) ~[?:?]
	at sun.security.provider.certpath.PKIXCertPathValidator.validate(PKIXCertPathValidator.java:224) ~[?:?]
	at sun.security.provider.certpath.PKIXCertPathValidator.validate(PKIXCertPathValidator.java:144) ~[?:?]
	at sun.security.provider.certpath.PKIXCertPathValidator.engineValidate(PKIXCertPathValidator.java:83) ~[?:?]
	at java.security.cert.CertPathValidator.validate(CertPathValidator.java:309) ~[?:?]
	at sun.security.validator.PKIXValidator.doValidate(PKIXValidator.java:364) ~[?:?]
	at sun.security.validator.PKIXValidator.engineValidate(PKIXValidator.java:275) ~[?:?]
	at sun.security.validator.Validator.validate(Validator.java:264) ~[?:?]
	at sun.security.ssl.X509TrustManagerImpl.checkTrusted(X509TrustManagerImpl.java:285) ~[?:?]
	at sun.security.ssl.X509TrustManagerImpl.checkServerTrusted(X509TrustManagerImpl.java:144) ~[?:?]
	at sun.security.ssl.CertificateMessage$T12CertificateConsumer.checkServerCerts(CertificateMessage.java:632) ~[?:?]
	at sun.security.ssl.CertificateMessage$T12CertificateConsumer.onCertificate(CertificateMessage.java:473) ~[?:?]
	at sun.security.ssl.CertificateMessage$T12CertificateConsumer.consume(CertificateMessage.java:369) ~[?:?]
	at sun.security.ssl.SSLHandshake.consume(SSLHandshake.java:396) ~[?:?]
	at sun.security.ssl.HandshakeContext.dispatch(HandshakeContext.java:480) ~[?:?]
	at sun.security.ssl.SSLEngineImpl$DelegatedTask$DelegatedAction.run(SSLEngineImpl.java:1277) ~[?:?]
	at sun.security.ssl.SSLEngineImpl$DelegatedTask$DelegatedAction.run(SSLEngineImpl.java:1264) ~[?:?]
	at java.security.AccessController.doPrivileged(AccessController.java:712) ~[?:?]
	at sun.security.ssl.SSLEngineImpl$DelegatedTask.run(SSLEngineImpl.java:1209) ~[?:?]
	at java.util.ArrayList.forEach(ArrayList.java:1511) ~[?:?]
	at jdk.internal.net.http.common.SSLFlowDelegate.lambda$executeTasks$3(SSLFlowDelegate.java:1132) ~[java.net.http:?]
	at jdk.internal.net.http.HttpClientImpl$DelegatingExecutor.execute(HttpClientImpl.java:158) ~[java.net.http:?]
	at jdk.internal.net.http.common.SSLFlowDelegate.executeTasks(SSLFlowDelegate.java:1127) ~[java.net.http:?]
	at jdk.internal.net.http.common.SSLFlowDelegate.doHandshake(SSLFlowDelegate.java:1093) ~[java.net.http:?]
	at jdk.internal.net.http.common.SSLFlowDelegate$Reader.processData(SSLFlowDelegate.java:498) ~[java.net.http:?]
	at jdk.internal.net.http.common.SSLFlowDelegate$Reader$ReaderDownstreamPusher.run(SSLFlowDelegate.java:282) ~[java.net.http:?]
	at jdk.internal.net.http.common.SequentialScheduler$LockingRestartableTask.run(SequentialScheduler.java:205) ~[java.net.http:?]
	at jdk.internal.net.http.common.SequentialScheduler$CompleteRestartableTask.run(SequentialScheduler.java:149) ~[java.net.http:?]
	at jdk.internal.net.http.common.SequentialScheduler$TryEndDeferredCompleter.complete(SequentialScheduler.java:347) ~[java.net.http:?]
	at jdk.internal.net.http.common.SequentialScheduler$CompleteRestartableTask.run(SequentialScheduler.java:151) ~[java.net.http:?]
	at jdk.internal.net.http.common.SequentialScheduler$SchedulableTask.run(SequentialScheduler.java:230) ~[java.net.http:?]
	at java.util.concurrent.ThreadPoolExecutor.runWorker(ThreadPoolExecutor.java:1136) ~[?:?]
	at java.util.concurrent.ThreadPoolExecutor$Worker.run(ThreadPoolExecutor.java:635) ~[?:?]
	at java.lang.Thread.run(Thread.java:840) ~[?:?]
[26Oct2025 04:41:09.586] [Forge Version Check/INFO] [net.minecraftforge.fml.VersionChecker/]: [highlighter] Starting version check at https://mc-update-check.anthonyhilyard.com/521590
[26Oct2025 04:41:09.626] [Forge Version Check/WARN] [net.minecraftforge.fml.VersionChecker/]: Failed to process update information
javax.net.ssl.SSLHandshakeException: PKIX path validation failed: java.security.cert.CertPathValidatorException: validity check failed
	at jdk.internal.net.http.HttpClientImpl.send(HttpClientImpl.java:579) ~[java.net.http:?]
	at jdk.internal.net.http.HttpClientFacade.send(HttpClientFacade.java:123) ~[java.net.http:?]
	at net.minecraftforge.fml.VersionChecker$1.openUrlString(VersionChecker.java:139) ~[fmlcore-1.19.2-43.4.2.jar%23656!/:?]
	at net.minecraftforge.fml.VersionChecker$1.process(VersionChecker.java:177) ~[fmlcore-1.19.2-43.4.2.jar%23656!/:?]
	at java.lang.Iterable.forEach(Iterable.java:75) [?:?]
	at net.minecraftforge.fml.VersionChecker$1.run(VersionChecker.java:114) [fmlcore-1.19.2-43.4.2.jar%23656!/:?]
Caused by: javax.net.ssl.SSLHandshakeException: PKIX path validation failed: java.security.cert.CertPathValidatorException: validity check failed
	at sun.security.ssl.Alert.createSSLException(Alert.java:131) ~[?:?]
	at sun.security.ssl.TransportContext.fatal(TransportContext.java:383) ~[?:?]
	at sun.security.ssl.TransportContext.fatal(TransportContext.java:326) ~[?:?]
	at sun.security.ssl.TransportContext.fatal(TransportContext.java:321) ~[?:?]
	at sun.security.ssl.CertificateMessage$T12CertificateConsumer.checkServerCerts(CertificateMessage.java:654) ~[?:?]
	at sun.security.ssl.CertificateMessage$T12CertificateConsumer.onCertificate(CertificateMessage.java:473) ~[?:?]
	at sun.security.ssl.CertificateMessage$T12CertificateConsumer.consume(CertificateMessage.java:369) ~[?:?]
	at sun.security.ssl.SSLHandshake.consume(SSLHandshake.java:396) ~[?:?]
	at sun.security.ssl.HandshakeContext.dispatch(HandshakeContext.java:480) ~[?:?]
	at sun.security.ssl.SSLEngineImpl$DelegatedTask$DelegatedAction.run(SSLEngineImpl.java:1277) ~[?:?]
	at sun.security.ssl.SSLEngineImpl$DelegatedTask$DelegatedAction.run(SSLEngineImpl.java:1264) ~[?:?]
	at java.security.AccessController.doPrivileged(AccessController.java:712) ~[?:?]
	at sun.security.ssl.SSLEngineImpl$DelegatedTask.run(SSLEngineImpl.java:1209) ~[?:?]
	at java.util.ArrayList.forEach(ArrayList.java:1511) ~[?:?]
	at jdk.internal.net.http.common.SSLFlowDelegate.lambda$executeTasks$3(SSLFlowDelegate.java:1132) ~[java.net.http:?]
	at jdk.internal.net.http.HttpClientImpl$DelegatingExecutor.execute(HttpClientImpl.java:158) ~[java.net.http:?]
	at jdk.internal.net.http.common.SSLFlowDelegate.executeTasks(SSLFlowDelegate.java:1127) ~[java.net.http:?]
	at jdk.internal.net.http.common.SSLFlowDelegate.doHandshake(SSLFlowDelegate.java:1093) ~[java.net.http:?]
	at jdk.internal.net.http.common.SSLFlowDelegate$Reader.processData(SSLFlowDelegate.java:498) ~[java.net.http:?]
	at jdk.internal.net.http.common.SSLFlowDelegate$Reader$ReaderDownstreamPusher.run(SSLFlowDelegate.java:282) ~[java.net.http:?]
	at jdk.internal.net.http.common.SequentialScheduler$LockingRestartableTask.run(SequentialScheduler.java:205) ~[java.net.http:?]
	at jdk.internal.net.http.common.SequentialScheduler$CompleteRestartableTask.run(SequentialScheduler.java:149) ~[java.net.http:?]
	at jdk.internal.net.http.common.SequentialScheduler$TryEndDeferredCompleter.complete(SequentialScheduler.java:347) ~[java.net.http:?]
	at jdk.internal.net.http.common.SequentialScheduler$CompleteRestartableTask.run(SequentialScheduler.java:151) ~[java.net.http:?]
	at jdk.internal.net.http.common.SequentialScheduler$SchedulableTask.run(SequentialScheduler.java:230) ~[java.net.http:?]
	at java.util.concurrent.ThreadPoolExecutor.runWorker(ThreadPoolExecutor.java:1136) ~[?:?]
	at java.util.concurrent.ThreadPoolExecutor$Worker.run(ThreadPoolExecutor.java:635) ~[?:?]
	at java.lang.Thread.run(Thread.java:840) ~[?:?]
Caused by: sun.security.validator.ValidatorException: PKIX path validation failed: java.security.cert.CertPathValidatorException: validity check failed
	at sun.security.validator.PKIXValidator.doValidate(PKIXValidator.java:369) ~[?:?]
	at sun.security.validator.PKIXValidator.engineValidate(PKIXValidator.java:275) ~[?:?]
	at sun.security.validator.Validator.validate(Validator.java:264) ~[?:?]
	at sun.security.ssl.X509TrustManagerImpl.checkTrusted(X509TrustManagerImpl.java:285) ~[?:?]
	at sun.security.ssl.X509TrustManagerImpl.checkServerTrusted(X509TrustManagerImpl.java:144) ~[?:?]
	at sun.security.ssl.CertificateMessage$T12CertificateConsumer.checkServerCerts(CertificateMessage.java:632) ~[?:?]
	at sun.security.ssl.CertificateMessage$T12CertificateConsumer.onCertificate(CertificateMessage.java:473) ~[?:?]
	at sun.security.ssl.CertificateMessage$T12CertificateConsumer.consume(CertificateMessage.java:369) ~[?:?]
	at sun.security.ssl.SSLHandshake.consume(SSLHandshake.java:396) ~[?:?]
	at sun.security.ssl.HandshakeContext.dispatch(HandshakeContext.java:480) ~[?:?]
	at sun.security.ssl.SSLEngineImpl$DelegatedTask$DelegatedAction.run(SSLEngineImpl.java:1277) ~[?:?]
	at sun.security.ssl.SSLEngineImpl$DelegatedTask$DelegatedAction.run(SSLEngineImpl.java:1264) ~[?:?]
	at java.security.AccessController.doPrivileged(AccessController.java:712) ~[?:?]
	at sun.security.ssl.SSLEngineImpl$DelegatedTask.run(SSLEngineImpl.java:1209) ~[?:?]
	at java.util.ArrayList.forEach(ArrayList.java:1511) ~[?:?]
	at jdk.internal.net.http.common.SSLFlowDelegate.lambda$executeTasks$3(SSLFlowDelegate.java:1132) ~[java.net.http:?]
	at jdk.internal.net.http.HttpClientImpl$DelegatingExecutor.execute(HttpClientImpl.java:158) ~[java.net.http:?]
	at jdk.internal.net.http.common.SSLFlowDelegate.executeTasks(SSLFlowDelegate.java:1127) ~[java.net.http:?]
	at jdk.internal.net.http.common.SSLFlowDelegate.doHandshake(SSLFlowDelegate.java:1093) ~[java.net.http:?]
	at jdk.internal.net.http.common.SSLFlowDelegate$Reader.processData(SSLFlowDelegate.java:498) ~[java.net.http:?]
	at jdk.internal.net.http.common.SSLFlowDelegate$Reader$ReaderDownstreamPusher.run(SSLFlowDelegate.java:282) ~[java.net.http:?]
	at jdk.internal.net.http.common.SequentialScheduler$LockingRestartableTask.run(SequentialScheduler.java:205) ~[java.net.http:?]
	at jdk.internal.net.http.common.SequentialScheduler$CompleteRestartableTask.run(SequentialScheduler.java:149) ~[java.net.http:?]
	at jdk.internal.net.http.common.SequentialScheduler$TryEndDeferredCompleter.complete(SequentialScheduler.java:347) ~[java.net.http:?]
	at jdk.internal.net.http.common.SequentialScheduler$CompleteRestartableTask.run(SequentialScheduler.java:151) ~[java.net.http:?]
	at jdk.internal.net.http.common.SequentialScheduler$SchedulableTask.run(SequentialScheduler.java:230) ~[java.net.http:?]
	at java.util.concurrent.ThreadPoolExecutor.runWorker(ThreadPoolExecutor.java:1136) ~[?:?]
	at java.util.concurrent.ThreadPoolExecutor$Worker.run(ThreadPoolExecutor.java:635) ~[?:?]
	at java.lang.Thread.run(Thread.java:840) ~[?:?]
Caused by: java.security.cert.CertPathValidatorException: validity check failed
	at sun.security.provider.certpath.PKIXMasterCertPathValidator.validate(PKIXMasterCertPathValidator.java:135) ~[?:?]
	at sun.security.provider.certpath.PKIXCertPathValidator.validate(PKIXCertPathValidator.java:224) ~[?:?]
	at sun.security.provider.certpath.PKIXCertPathValidator.validate(PKIXCertPathValidator.java:144) ~[?:?]
	at sun.security.provider.certpath.PKIXCertPathValidator.engineValidate(PKIXCertPathValidator.java:83) ~[?:?]
	at java.security.cert.CertPathValidator.validate(CertPathValidator.java:309) ~[?:?]
	at sun.security.validator.PKIXValidator.doValidate(PKIXValidator.java:364) ~[?:?]
	at sun.security.validator.PKIXValidator.engineValidate(PKIXValidator.java:275) ~[?:?]
	at sun.security.validator.Validator.validate(Validator.java:264) ~[?:?]
	at sun.security.ssl.X509TrustManagerImpl.checkTrusted(X509TrustManagerImpl.java:285) ~[?:?]
	at sun.security.ssl.X509TrustManagerImpl.checkServerTrusted(X509TrustManagerImpl.java:144) ~[?:?]
	at sun.security.ssl.CertificateMessage$T12CertificateConsumer.checkServerCerts(CertificateMessage.java:632) ~[?:?]
	at sun.security.ssl.CertificateMessage$T12CertificateConsumer.onCertificate(CertificateMessage.java:473) ~[?:?]
	at sun.security.ssl.CertificateMessage$T12CertificateConsumer.consume(CertificateMessage.java:369) ~[?:?]
	at sun.security.ssl.SSLHandshake.consume(SSLHandshake.java:396) ~[?:?]
	at sun.security.ssl.HandshakeContext.dispatch(HandshakeContext.java:480) ~[?:?]
	at sun.security.ssl.SSLEngineImpl$DelegatedTask$DelegatedAction.run(SSLEngineImpl.java:1277) ~[?:?]
	at sun.security.ssl.SSLEngineImpl$DelegatedTask$DelegatedAction.run(SSLEngineImpl.java:1264) ~[?:?]
	at java.security.AccessController.doPrivileged(AccessController.java:712) ~[?:?]
	at sun.security.ssl.SSLEngineImpl$DelegatedTask.run(SSLEngineImpl.java:1209) ~[?:?]
	at java.util.ArrayList.forEach(ArrayList.java:1511) ~[?:?]
	at jdk.internal.net.http.common.SSLFlowDelegate.lambda$executeTasks$3(SSLFlowDelegate.java:1132) ~[java.net.http:?]
	at jdk.internal.net.http.HttpClientImpl$DelegatingExecutor.execute(HttpClientImpl.java:158) ~[java.net.http:?]
	at jdk.internal.net.http.common.SSLFlowDelegate.executeTasks(SSLFlowDelegate.java:1127) ~[java.net.http:?]
	at jdk.internal.net.http.common.SSLFlowDelegate.doHandshake(SSLFlowDelegate.java:1093) ~[java.net.http:?]
	at jdk.internal.net.http.common.SSLFlowDelegate$Reader.processData(SSLFlowDelegate.java:498) ~[java.net.http:?]
	at jdk.internal.net.http.common.SSLFlowDelegate$Reader$ReaderDownstreamPusher.run(SSLFlowDelegate.java:282) ~[java.net.http:?]
	at jdk.internal.net.http.common.SequentialScheduler$LockingRestartableTask.run(SequentialScheduler.java:205) ~[java.net.http:?]
	at jdk.internal.net.http.common.SequentialScheduler$CompleteRestartableTask.run(SequentialScheduler.java:149) ~[java.net.http:?]
	at jdk.internal.net.http.common.SequentialScheduler$TryEndDeferredCompleter.complete(SequentialScheduler.java:347) ~[java.net.http:?]
	at jdk.internal.net.http.common.SequentialScheduler$CompleteRestartableTask.run(SequentialScheduler.java:151) ~[java.net.http:?]
	at jdk.internal.net.http.common.SequentialScheduler$SchedulableTask.run(SequentialScheduler.java:230) ~[java.net.http:?]
	at java.util.concurrent.ThreadPoolExecutor.runWorker(ThreadPoolExecutor.java:1136) ~[?:?]
	at java.util.concurrent.ThreadPoolExecutor$Worker.run(ThreadPoolExecutor.java:635) ~[?:?]
	at java.lang.Thread.run(Thread.java:840) ~[?:?]
Caused by: java.security.cert.CertificateExpiredException: NotAfter: Sat Sep 06 14:33:56 UTC 2025
	at sun.security.x509.CertificateValidity.valid(CertificateValidity.java:274) ~[?:?]
	at sun.security.x509.X509CertImpl.checkValidity(X509CertImpl.java:621) ~[?:?]
	at sun.security.provider.certpath.BasicChecker.verifyValidity(BasicChecker.java:190) ~[?:?]
	at sun.security.provider.certpath.BasicChecker.check(BasicChecker.java:144) ~[?:?]
	at sun.security.provider.certpath.PKIXMasterCertPathValidator.validate(PKIXMasterCertPathValidator.java:125) ~[?:?]
	at sun.security.provider.certpath.PKIXCertPathValidator.validate(PKIXCertPathValidator.java:224) ~[?:?]
	at sun.security.provider.certpath.PKIXCertPathValidator.validate(PKIXCertPathValidator.java:144) ~[?:?]
	at sun.security.provider.certpath.PKIXCertPathValidator.engineValidate(PKIXCertPathValidator.java:83) ~[?:?]
	at java.security.cert.CertPathValidator.validate(CertPathValidator.java:309) ~[?:?]
	at sun.security.validator.PKIXValidator.doValidate(PKIXValidator.java:364) ~[?:?]
	at sun.security.validator.PKIXValidator.engineValidate(PKIXValidator.java:275) ~[?:?]
	at sun.security.validator.Validator.validate(Validator.java:264) ~[?:?]
	at sun.security.ssl.X509TrustManagerImpl.checkTrusted(X509TrustManagerImpl.java:285) ~[?:?]
	at sun.security.ssl.X509TrustManagerImpl.checkServerTrusted(X509TrustManagerImpl.java:144) ~[?:?]
	at sun.security.ssl.CertificateMessage$T12CertificateConsumer.checkServerCerts(CertificateMessage.java:632) ~[?:?]
	at sun.security.ssl.CertificateMessage$T12CertificateConsumer.onCertificate(CertificateMessage.java:473) ~[?:?]
	at sun.security.ssl.CertificateMessage$T12CertificateConsumer.consume(CertificateMessage.java:369) ~[?:?]
	at sun.security.ssl.SSLHandshake.consume(SSLHandshake.java:396) ~[?:?]
	at sun.security.ssl.HandshakeContext.dispatch(HandshakeContext.java:480) ~[?:?]
	at sun.security.ssl.SSLEngineImpl$DelegatedTask$DelegatedAction.run(SSLEngineImpl.java:1277) ~[?:?]
	at sun.security.ssl.SSLEngineImpl$DelegatedTask$DelegatedAction.run(SSLEngineImpl.java:1264) ~[?:?]
	at java.security.AccessController.doPrivileged(AccessController.java:712) ~[?:?]
	at sun.security.ssl.SSLEngineImpl$DelegatedTask.run(SSLEngineImpl.java:1209) ~[?:?]
	at java.util.ArrayList.forEach(ArrayList.java:1511) ~[?:?]
	at jdk.internal.net.http.common.SSLFlowDelegate.lambda$executeTasks$3(SSLFlowDelegate.java:1132) ~[java.net.http:?]
	at jdk.internal.net.http.HttpClientImpl$DelegatingExecutor.execute(HttpClientImpl.java:158) ~[java.net.http:?]
	at jdk.internal.net.http.common.SSLFlowDelegate.executeTasks(SSLFlowDelegate.java:1127) ~[java.net.http:?]
	at jdk.internal.net.http.common.SSLFlowDelegate.doHandshake(SSLFlowDelegate.java:1093) ~[java.net.http:?]
	at jdk.internal.net.http.common.SSLFlowDelegate$Reader.processData(SSLFlowDelegate.java:498) ~[java.net.http:?]
	at jdk.internal.net.http.common.SSLFlowDelegate$Reader$ReaderDownstreamPusher.run(SSLFlowDelegate.java:282) ~[java.net.http:?]
	at jdk.internal.net.http.common.SequentialScheduler$LockingRestartableTask.run(SequentialScheduler.java:205) ~[java.net.http:?]
	at jdk.internal.net.http.common.SequentialScheduler$CompleteRestartableTask.run(SequentialScheduler.java:149) ~[java.net.http:?]
	at jdk.internal.net.http.common.SequentialScheduler$TryEndDeferredCompleter.complete(SequentialScheduler.java:347) ~[java.net.http:?]
	at jdk.internal.net.http.common.SequentialScheduler$CompleteRestartableTask.run(SequentialScheduler.java:151) ~[java.net.http:?]
	at jdk.internal.net.http.common.SequentialScheduler$SchedulableTask.run(SequentialScheduler.java:230) ~[java.net.http:?]
	at java.util.concurrent.ThreadPoolExecutor.runWorker(ThreadPoolExecutor.java:1136) ~[?:?]
	at java.util.concurrent.ThreadPoolExecutor$Worker.run(ThreadPoolExecutor.java:635) ~[?:?]
	at java.lang.Thread.run(Thread.java:840) ~[?:?]
[26Oct2025 04:41:09.635] [Forge Version Check/INFO] [net.minecraftforge.fml.VersionChecker/]: [gamestages] Starting version check at https://updates.blamejared.com/get?n=gamestages&gv=1.19.2
[26Oct2025 04:41:09.745] [Forge Version Check/INFO] [net.minecraftforge.fml.VersionChecker/]: [gamestages] Found status: BETA_OUTDATED Current: 11.1.4 Target: 11.1.5
[26Oct2025 04:41:09.746] [Forge Version Check/INFO] [net.minecraftforge.fml.VersionChecker/]: [cumulus_menus] Starting version check at https://github.com/The-Aether-Team/Cumulus/raw/1.19.2-develop/update.json
[26Oct2025 04:41:09.868] [Forge Version Check/INFO] [net.minecraftforge.fml.VersionChecker/]: [cumulus_menus] Found status: UP_TO_DATE Current: 1.19.2-1.0.0-forge Target: null
[26Oct2025 04:41:09.868] [Forge Version Check/INFO] [net.minecraftforge.fml.VersionChecker/]: [pluto] Starting version check at https://github.com/AbdElAziz333/Pluto/blob/mc1.19.2/dev/updates.json
[26Oct2025 04:41:10.110] [main/INFO] [ModdingLegacy/StructureGel/]: [structure_gel] Registering data for structure_gel:loot_table_alias
[26Oct2025 04:41:10.119] [main/INFO] [ModdingLegacy/StructureGel/]: [structure_gel] Registering data for structure_gel:data_handler_type
[26Oct2025 04:41:10.120] [main/INFO] [ModdingLegacy/StructureGel/]: [structure_gel] Registering data for structure_gel:dynamic_spawner
[26Oct2025 04:41:10.121] [main/INFO] [ModdingLegacy/StructureGel/]: [structure_gel] Registering data for structure_gel:jigsaw_type
[26Oct2025 04:41:10.229] [main/INFO] [com.teampotato.redirector.Redirector/]: Redirecting terrablender/api/RegionType
[26Oct2025 04:41:10.233] [main/INFO] [terrablender/]: Registered region minecraft:overworld to index 0 for type OVERWORLD
[26Oct2025 04:41:10.233] [main/INFO] [terrablender/]: Registered region minecraft:nether to index 0 for type NETHER
[26Oct2025 04:41:10.233] [main/INFO] [terrablender/]: Registered region aether:the_aether to index 0 for type THE_AETHER
[26Oct2025 04:41:10.233] [main/INFO] [terrablender/]: Registered region deep_aether:deep_aether to index 1 for type THE_AETHER
[26Oct2025 04:41:10.238] [main/INFO] [com.teampotato.redirector.Redirector/]: Redirecting terrablender/api/SurfaceRuleManager$RuleStage
[26Oct2025 04:41:10.245] [main/ERROR] [net.minecraftforge.fml.loading.RuntimeDistCleaner/DISTXFORM]: Attempted to load class net/minecraft/client/multiplayer/ClientLevel for invalid dist DEDICATED_SERVER
[26Oct2025 04:41:10.262] [main/INFO] [com.teampotato.redirector.Redirector/]: Redirecting com/izofar/takesapillage/world/PillageSiege$State
[26Oct2025 04:41:10.300] [main/INFO] [terrablender/]: Registered region ars_nouveau:overworld to index 1 for type OVERWORLD
[26Oct2025 04:41:10.323] [main/INFO] [terrablender/]: Registered region byg:region_0 to index 2 for type OVERWORLD
[26Oct2025 04:41:10.325] [main/INFO] [terrablender/]: Registered region byg:region_1 to index 3 for type OVERWORLD
[26Oct2025 04:41:10.325] [main/INFO] [terrablender/]: Registered region byg:region_2 to index 4 for type OVERWORLD
[26Oct2025 04:41:10.326] [main/INFO] [terrablender/]: Registered region byg:region_3 to index 5 for type OVERWORLD
[26Oct2025 04:41:10.357] [main/INFO] [com.teampotato.redirector.Redirector/]: Redirecting com/cerbon/bosses_of_mass_destruction/api/multipart_entities/client/PlayerInteractMultipartEntity$InteractionType
[26Oct2025 04:41:10.444] [main/INFO] [moonlight/]: Initialized color sets in 79ms
[26Oct2025 04:41:10.495] [main/INFO] [moonlight/]: Initialized color sets in 50ms
[26Oct2025 04:41:10.521] [main/INFO] [com.teampotato.redirector.Redirector/]: Redirecting net/minecraft/network/protocol/PacketFlow
[26Oct2025 04:41:10.533] [main/INFO] [supplementaries/]: Finished mod setup in: [0, 0, 3, 0, 0, 0, 0, 0, 0] ms
[26Oct2025 04:41:10.593] [modloading-worker-0/INFO] [xaero.minimap.XaeroMinimap/]: Loading Xaero's Minimap - Stage 1/2 (Server)
[26Oct2025 04:41:10.593] [modloading-worker-0/INFO] [xaero.map.server.WorldMapServer/]: Loading Xaero's World Map - Stage 1/2 (Server)
[26Oct2025 04:41:10.618] [main/INFO] [xaero.map.server.WorldMapServer/]: Loading Xaero's World Map - Stage 2/2 (Server)
[26Oct2025 04:41:10.618] [main/INFO] [xaero.minimap.XaeroMinimap/]: Loading Xaero's Minimap - Stage 2/2 (Server)
[26Oct2025 04:41:10.651] [modloading-worker-0/INFO] [Enigmatic Legacy/INFO]: Sending messages to Curios API...
[26Oct2025 04:41:10.701] [modloading-worker-0/INFO] [com.choicetheorem.ctov.ctov/]: Got IMC []
[26Oct2025 04:41:10.701] [modloading-worker-0/INFO] [com.amuzil.omegasource.dragonenchants.DragonEnchants/]: Got IMC []
[26Oct2025 04:41:10.701] [modloading-worker-0/INFO] [io.redspace.ironsspellbooks.IronsSpellbooks/]: Got IMC []
[26Oct2025 04:41:10.751] [modloading-worker-0/INFO] [Enigmatic Legacy/INFO]: Initializing load completion phase...
[26Oct2025 04:41:10.752] [modloading-worker-0/INFO] [Enigmatic Addons/INFO]: Initializing load completion phase...
[26Oct2025 04:41:10.752] [modloading-worker-0/INFO] [Enigmatic Addons/INFO]: Registering brewing recipes...
[26Oct2025 04:41:10.753] [modloading-worker-0/INFO] [Enigmatic Legacy/INFO]: Registering brewing recipes...
[26Oct2025 04:41:10.756] [modloading-worker-0/INFO] [AttributeFix/]: Loaded values for 103 compatible attributes.
[26Oct2025 04:41:10.759] [modloading-worker-0/INFO] [Enigmatic Addons/INFO]: Registering triggers...
[26Oct2025 04:41:10.762] [modloading-worker-0/INFO] [Enigmatic Addons/INFO]: Load completion phase finished successfully
[26Oct2025 04:41:10.765] [modloading-worker-0/ERROR] [AttributeFix/]: Attribute ID 'skilltree:attack_speed_per_gem_in_weapon' does not belong to a known attribute. This entry will be ignored.
[26Oct2025 04:41:10.765] [modloading-worker-0/ERROR] [AttributeFix/]: Attribute ID 'skilltree:crafted_necklaces_maximum_life' does not belong to a known attribute. This entry will be ignored.
[26Oct2025 04:41:10.765] [modloading-worker-0/ERROR] [AttributeFix/]: Attribute ID 'skilltree:crafted_quivers_capacity' does not belong to a known attribute. This entry will be ignored.
[26Oct2025 04:41:10.774] [modloading-worker-0/ERROR] [AttributeFix/]: Attribute ID 'skilltree:crit_chance_against_burning' does not belong to a known attribute. This entry will be ignored.
[26Oct2025 04:41:10.775] [modloading-worker-0/ERROR] [AttributeFix/]: Attribute ID 'skilltree:crit_chance_with_shield' does not belong to a known attribute. This entry will be ignored.
[26Oct2025 04:41:10.775] [modloading-worker-0/ERROR] [AttributeFix/]: Attribute ID 'skilltree:damage_per_potion_effect' does not belong to a known attribute. This entry will be ignored.
[26Oct2025 04:41:10.775] [modloading-worker-0/ERROR] [AttributeFix/]: Attribute ID 'skilltree:melee_damage' does not belong to a known attribute. This entry will be ignored.
[26Oct2025 04:41:10.775] [modloading-worker-0/ERROR] [AttributeFix/]: Attribute ID 'puffish_skills:player.ranged_damage' does not belong to a known attribute. This entry will be ignored.
[26Oct2025 04:41:10.775] [modloading-worker-0/ERROR] [AttributeFix/]: Attribute ID 'skilltree:brewed_beneficial_potions_strength' does not belong to a known attribute. This entry will be ignored.
[26Oct2025 04:41:10.776] [modloading-worker-0/ERROR] [AttributeFix/]: Attribute ID 'skilltree:experience_from_mobs' does not belong to a known attribute. This entry will be ignored.
[26Oct2025 04:41:10.776] [modloading-worker-0/ERROR] [AttributeFix/]: Attribute ID 'skilltree:crafted_weapon_attack_speed' does not belong to a known attribute. This entry will be ignored.
[26Oct2025 04:41:10.776] [modloading-worker-0/INFO] [com.teampotato.redirector.Redirector/]: Redirecting software/bernie/geckolib3/core/PlayState
[26Oct2025 04:41:10.777] [modloading-worker-0/ERROR] [AttributeFix/]: Attribute ID 'skilltree:armor_per_evasion_bonus' does not belong to a known attribute. This entry will be ignored.
[26Oct2025 04:41:10.777] [modloading-worker-0/ERROR] [AttributeFix/]: Attribute ID 'skilltree:damage_if_wounded' does not belong to a known attribute. This entry will be ignored.
[26Oct2025 04:41:10.777] [modloading-worker-0/ERROR] [AttributeFix/]: Attribute ID 'skilltree:crit_chance_with_enchanted_weapon' does not belong to a known attribute. This entry will be ignored.
[26Oct2025 04:41:10.777] [modloading-worker-0/ERROR] [AttributeFix/]: Attribute ID 'skilltree:cooked_food_saturation' does not belong to a known attribute. This entry will be ignored.
[26Oct2025 04:41:10.780] [modloading-worker-0/ERROR] [AttributeFix/]: Attribute ID 'skilltree:crit_chance_if_not_hungry' does not belong to a known attribute. This entry will be ignored.
[26Oct2025 04:41:10.780] [modloading-worker-0/ERROR] [AttributeFix/]: Attribute ID 'skilltree:experience_per_hour' does not belong to a known attribute. This entry will be ignored.
[26Oct2025 04:41:10.780] [modloading-worker-0/ERROR] [AttributeFix/]: Attribute ID 'puffish_skills:player.fortune' does not belong to a known attribute. This entry will be ignored.
[26Oct2025 04:41:10.780] [modloading-worker-0/ERROR] [AttributeFix/]: Attribute ID 'skilltree:damage_under_potion_effect' does not belong to a known attribute. This entry will be ignored.
[26Oct2025 04:41:10.780] [modloading-worker-0/ERROR] [AttributeFix/]: Attribute ID 'skilltree:life_regeneration_with_shield' does not belong to a known attribute. This entry will be ignored.
[26Oct2025 04:41:10.780] [modloading-worker-0/ERROR] [AttributeFix/]: Attribute ID 'skilltree:free_enchantment_chance' does not belong to a known attribute. This entry will be ignored.
[26Oct2025 04:41:10.780] [modloading-worker-0/ERROR] [AttributeFix/]: Attribute ID 'skilltree:crit_chance_per_enchantment' does not belong to a known attribute. This entry will be ignored.
[26Oct2025 04:41:10.781] [modloading-worker-0/ERROR] [AttributeFix/]: Attribute ID 'skilltree:crit_damage_per_gem_in_weapon' does not belong to a known attribute. This entry will be ignored.
[26Oct2025 04:41:10.781] [modloading-worker-0/ERROR] [AttributeFix/]: Attribute ID 'skilltree:attack_speed_if_wounded' does not belong to a known attribute. This entry will be ignored.
[26Oct2025 04:41:10.781] [modloading-worker-0/ERROR] [AttributeFix/]: Attribute ID 'skilltree:incoming_healing' does not belong to a known attribute. This entry will be ignored.
[26Oct2025 04:41:10.781] [modloading-worker-0/ERROR] [AttributeFix/]: Attribute ID 'skilltree:projectile_crit_chance' does not belong to a known attribute. This entry will be ignored.
[26Oct2025 04:41:10.781] [modloading-worker-0/ERROR] [AttributeFix/]: Attribute ID 'skilltree:attack_speed_with_enchanted_weapon' does not belong to a known attribute. This entry will be ignored.
[26Oct2025 04:41:10.781] [modloading-worker-0/ERROR] [AttributeFix/]: Attribute ID 'skilltree:equipment_repair_efficiency' does not belong to a known attribute. This entry will be ignored.
[26Oct2025 04:41:10.781] [modloading-worker-0/ERROR] [AttributeFix/]: Attribute ID 'skilltree:maximum_life_per_arrow_in_quiver' does not belong to a known attribute. This entry will be ignored.
[26Oct2025 04:41:10.781] [modloading-worker-0/ERROR] [AttributeFix/]: Attribute ID 'skilltree:crafted_axes_crit_chance' does not belong to a known attribute. This entry will be ignored.
[26Oct2025 04:41:10.781] [modloading-worker-0/ERROR] [AttributeFix/]: Attribute ID 'skilltree:brewed_harmful_potions_strength' does not belong to a known attribute. This entry will be ignored.
[26Oct2025 04:41:10.781] [modloading-worker-0/ERROR] [AttributeFix/]: Attribute ID 'skilltree:evasion_chance_when_wounded' does not belong to a known attribute. This entry will be ignored.
[26Oct2025 04:41:10.781] [modloading-worker-0/ERROR] [AttributeFix/]: Attribute ID 'skilltree:chance_to_apply_better_enchantment' does not belong to a known attribute. This entry will be ignored.
[26Oct2025 04:41:10.781] [modloading-worker-0/ERROR] [AttributeFix/]: Attribute ID 'skilltree:damage_per_satisfied_hunger' does not belong to a known attribute. This entry will be ignored.
[26Oct2025 04:41:10.781] [modloading-worker-0/ERROR] [AttributeFix/]: Attribute ID 'environmental:stealth' does not belong to a known attribute. This entry will be ignored.
[26Oct2025 04:41:10.782] [modloading-worker-0/ERROR] [AttributeFix/]: Attribute ID 'skilltree:life_on_block' does not belong to a known attribute. This entry will be ignored.
[26Oct2025 04:41:10.782] [modloading-worker-0/ERROR] [AttributeFix/]: Attribute ID 'skilltree:cooked_food_healing_per_saturation' does not belong to a known attribute. This entry will be ignored.
[26Oct2025 04:41:10.782] [modloading-worker-0/ERROR] [AttributeFix/]: Attribute ID 'skilltree:crafted_shields_block_chance' does not belong to a known attribute. This entry will be ignored.
[26Oct2025 04:41:10.784] [modloading-worker-0/ERROR] [AttributeFix/]: Attribute ID 'skilltree:crafted_quivers_damage_against_burning' does not belong to a known attribute. This entry will be ignored.
[26Oct2025 04:41:10.784] [modloading-worker-0/ERROR] [AttributeFix/]: Attribute ID 'skilltree:crafted_shields_armor_bonus' does not belong to a known attribute. This entry will be ignored.
[26Oct2025 04:41:10.784] [modloading-worker-0/ERROR] [AttributeFix/]: Attribute ID 'skilltree:crafted_quivers_chance_to_retrieve_arrows' does not belong to a known attribute. This entry will be ignored.
[26Oct2025 04:41:10.785] [modloading-worker-0/ERROR] [AttributeFix/]: Attribute ID 'skilltree:attack_speed_with_gem_in_weapon' does not belong to a known attribute. This entry will be ignored.
[26Oct2025 04:41:10.785] [modloading-worker-0/ERROR] [AttributeFix/]: Attribute ID 'skilltree:luck_while_fishing' does not belong to a known attribute. This entry will be ignored.
[26Oct2025 04:41:10.785] [modloading-worker-0/ERROR] [AttributeFix/]: Attribute ID 'skilltree:chance_to_find_gemstone' does not belong to a known attribute. This entry will be ignored.
[26Oct2025 04:41:10.785] [modloading-worker-0/ERROR] [AttributeFix/]: Attribute ID 'skilltree:crafted_helmets_sockets' does not belong to a known attribute. This entry will be ignored.
[26Oct2025 04:41:10.785] [modloading-worker-0/ERROR] [AttributeFix/]: Attribute ID 'skilltree:chance_to_ignite' does not belong to a known attribute. This entry will be ignored.
[26Oct2025 04:41:10.785] [modloading-worker-0/ERROR] [AttributeFix/]: Attribute ID 'skilltree:jump_height' does not belong to a known attribute. This entry will be ignored.
[26Oct2025 04:41:10.785] [modloading-worker-0/ERROR] [AttributeFix/]: Attribute ID 'cataclysm_spellbooks:abyssal_magic_resist' does not belong to a known attribute. This entry will be ignored.
[26Oct2025 04:41:10.788] [modloading-worker-0/ERROR] [AttributeFix/]: Attribute ID 'skilltree:chance_to_apply_better_weapon_enchantment' does not belong to a known attribute. This entry will be ignored.
[26Oct2025 04:41:10.788] [modloading-worker-0/ERROR] [AttributeFix/]: Attribute ID 'skilltree:brewed_potions_duration' does not belong to a known attribute. This entry will be ignored.
[26Oct2025 04:41:10.788] [modloading-worker-0/ERROR] [AttributeFix/]: Attribute ID 'skilltree:crit_chance' does not belong to a known attribute. This entry will be ignored.
[26Oct2025 04:41:10.788] [modloading-worker-0/ERROR] [AttributeFix/]: Attribute ID 'skilltree:armor_with_shield' does not belong to a known attribute. This entry will be ignored.
[26Oct2025 04:41:10.788] [modloading-worker-0/ERROR] [AttributeFix/]: Attribute ID 'skilltree:gem_power_in_jewelry' does not belong to a known attribute. This entry will be ignored.
[26Oct2025 04:41:10.788] [modloading-worker-0/ERROR] [AttributeFix/]: Attribute ID 'skilltree:brewed_potions_strength' does not belong to a known attribute. This entry will be ignored.
[26Oct2025 04:41:10.788] [modloading-worker-0/ERROR] [AttributeFix/]: Attribute ID 'skilltree:crafted_boots_sockets' does not belong to a known attribute. This entry will be ignored.
[26Oct2025 04:41:10.788] [modloading-worker-0/ERROR] [AttributeFix/]: Attribute ID 'skilltree:crafted_melee_weapon_damage_bonus' does not belong to a known attribute. This entry will be ignored.
[26Oct2025 04:41:10.788] [modloading-worker-0/ERROR] [AttributeFix/]: Attribute ID 'skilltree:life_regeneration_per_gem_in_helmet' does not belong to a known attribute. This entry will be ignored.
[26Oct2025 04:41:10.789] [modloading-worker-0/ERROR] [AttributeFix/]: Attribute ID 'irons_spellbooks:poison_spell_power' does not belong to a known attribute. This entry will be ignored.
[26Oct2025 04:41:10.789] [modloading-worker-0/ERROR] [AttributeFix/]: Attribute ID 'skilltree:attack_speed_under_potion_effect' does not belong to a known attribute. This entry will be ignored.
[26Oct2025 04:41:10.789] [modloading-worker-0/ERROR] [AttributeFix/]: Attribute ID 'skilltree:armor_with_enchanted_shield' does not belong to a known attribute. This entry will be ignored.
[26Oct2025 04:41:10.789] [modloading-worker-0/ERROR] [AttributeFix/]: Attribute ID 'puffish_skills:player.mining_speed' does not belong to a known attribute. This entry will be ignored.
[26Oct2025 04:41:10.789] [modloading-worker-0/ERROR] [AttributeFix/]: Attribute ID 'skilltree:life_per_hit' does not belong to a known attribute. This entry will be ignored.
[26Oct2025 04:41:10.789] [modloading-worker-0/ERROR] [AttributeFix/]: Attribute ID 'skilltree:gem_power_in_armor' does not belong to a known attribute. This entry will be ignored.
[26Oct2025 04:41:10.789] [modloading-worker-0/ERROR] [AttributeFix/]: Attribute ID 'skilltree:damage_if_not_hungry' does not belong to a known attribute. This entry will be ignored.
[26Oct2025 04:41:10.789] [modloading-worker-0/ERROR] [AttributeFix/]: Attribute ID 'skilltree:evasion_chance' does not belong to a known attribute. This entry will be ignored.
[26Oct2025 04:41:10.789] [modloading-worker-0/ERROR] [AttributeFix/]: Attribute ID 'skilltree:damage_per_distance_to_spawn' does not belong to a known attribute. This entry will be ignored.
[26Oct2025 04:41:10.789] [modloading-worker-0/ERROR] [AttributeFix/]: Attribute ID 'skilltree:crafted_boots_movement_speed' does not belong to a known attribute. This entry will be ignored.
[26Oct2025 04:41:10.789] [modloading-worker-0/ERROR] [AttributeFix/]: Attribute ID 'skilltree:cooked_food_life_regeneration' does not belong to a known attribute. This entry will be ignored.
[26Oct2025 04:41:10.789] [modloading-worker-0/ERROR] [AttributeFix/]: Attribute ID 'skilltree:triple_loot_chance' does not belong to a known attribute. This entry will be ignored.
[26Oct2025 04:41:10.792] [modloading-worker-0/ERROR] [AttributeFix/]: Attribute ID 'skilltree:crafted_shields_maximum_life' does not belong to a known attribute. This entry will be ignored.
[26Oct2025 04:41:10.792] [modloading-worker-0/ERROR] [AttributeFix/]: Attribute ID 'skilltree:crit_chance_per_gem_in_weapon' does not belong to a known attribute. This entry will be ignored.
[26Oct2025 04:41:10.792] [modloading-worker-0/ERROR] [AttributeFix/]: Attribute ID 'skilltree:chance_to_retrieve_arrows' does not belong to a known attribute. This entry will be ignored.
[26Oct2025 04:41:10.792] [modloading-worker-0/ERROR] [AttributeFix/]: Attribute ID 'skilltree:damage_if_damaged' does not belong to a known attribute. This entry will be ignored.
[26Oct2025 04:41:10.792] [modloading-worker-0/ERROR] [AttributeFix/]: Attribute ID 'skilltree:block_chance_if_not_hungry' does not belong to a known attribute. This entry will be ignored.
[26Oct2025 04:41:10.792] [modloading-worker-0/ERROR] [AttributeFix/]: Attribute ID 'skilltree:maximum_life_under_potion_effect' does not belong to a known attribute. This entry will be ignored.
[26Oct2025 04:41:10.792] [modloading-worker-0/ERROR] [AttributeFix/]: Attribute ID 'skilltree:armor_per_chestplate_enchantment' does not belong to a known attribute. This entry will be ignored.
[26Oct2025 04:41:10.792] [modloading-worker-0/ERROR] [AttributeFix/]: Attribute ID 'skilltree:double_fishing_loot_chance' does not belong to a known attribute. This entry will be ignored.
[26Oct2025 04:41:10.792] [modloading-worker-0/ERROR] [AttributeFix/]: Attribute ID 'skilltree:life_regeneration_bonus' does not belong to a known attribute. This entry will be ignored.
[26Oct2025 04:41:10.792] [modloading-worker-0/ERROR] [AttributeFix/]: Attribute ID 'skilltree:damage_against_poisoned' does not belong to a known attribute. This entry will be ignored.
[26Oct2025 04:41:10.793] [modloading-worker-0/ERROR] [AttributeFix/]: Attribute ID 'skilltree:maximum_life_with_enchanted_item' does not belong to a known attribute. This entry will be ignored.
[26Oct2025 04:41:10.793] [modloading-worker-0/ERROR] [AttributeFix/]: Attribute ID 'skilltree:attack_speed_with_ranged_weapon' does not belong to a known attribute. This entry will be ignored.
[26Oct2025 04:41:10.793] [modloading-worker-0/ERROR] [AttributeFix/]: Attribute ID 'skilltree:maximum_life_per_boots_armor_bonus' does not belong to a known attribute. This entry will be ignored.
[26Oct2025 04:41:10.793] [modloading-worker-0/ERROR] [AttributeFix/]: Attribute ID 'skilltree:can_poison_weapons' does not belong to a known attribute. This entry will be ignored.
[26Oct2025 04:41:10.793] [modloading-worker-0/ERROR] [AttributeFix/]: Attribute ID 'skilltree:maximum_chestplate_sockets' does not belong to a known attribute. This entry will be ignored.
[26Oct2025 04:41:10.793] [modloading-worker-0/ERROR] [AttributeFix/]: Attribute ID 'skilltree:projectile_damage' does not belong to a known attribute. This entry will be ignored.
[26Oct2025 04:41:10.793] [modloading-worker-0/ERROR] [AttributeFix/]: Attribute ID 'skilltree:can_mix_potions' does not belong to a known attribute. This entry will be ignored.
[26Oct2025 04:41:10.795] [modloading-worker-0/ERROR] [AttributeFix/]: Attribute ID 'skilltree:damage_with_enchanted_weapon' does not belong to a known attribute. This entry will be ignored.
[26Oct2025 04:41:10.795] [modloading-worker-0/ERROR] [AttributeFix/]: Attribute ID 'skilltree:damage_per_enchantment' does not belong to a known attribute. This entry will be ignored.
[26Oct2025 04:41:10.795] [modloading-worker-0/ERROR] [AttributeFix/]: Attribute ID 'skilltree:crafted_weapon_double_loot_chance' does not belong to a known attribute. This entry will be ignored.
[26Oct2025 04:41:10.796] [modloading-worker-0/ERROR] [AttributeFix/]: Attribute ID 'skilltree:crit_damage_per_weapon_enchantment' does not belong to a known attribute. This entry will be ignored.
[26Oct2025 04:41:10.796] [modloading-worker-0/ERROR] [AttributeFix/]: Attribute ID 'skilltree:maximum_ring_sockets' does not belong to a known attribute. This entry will be ignored.
[26Oct2025 04:41:10.796] [modloading-worker-0/ERROR] [AttributeFix/]: Attribute ID 'cataclysm_spellbooks:abyssal_spell_power' does not belong to a known attribute. This entry will be ignored.
[26Oct2025 04:41:10.796] [modloading-worker-0/ERROR] [AttributeFix/]: Attribute ID 'skilltree:brewed_beneficial_potions_duration' does not belong to a known attribute. This entry will be ignored.
[26Oct2025 04:41:10.796] [modloading-worker-0/ERROR] [AttributeFix/]: Attribute ID 'puffish_skills:player.jump' does not belong to a known attribute. This entry will be ignored.
[26Oct2025 04:41:10.796] [modloading-worker-0/ERROR] [AttributeFix/]: Attribute ID 'skilltree:life_per_hit_if_wounded' does not belong to a known attribute. This entry will be ignored.
[26Oct2025 04:41:10.796] [modloading-worker-0/ERROR] [AttributeFix/]: Attribute ID 'skilltree:block_chance_with_enchanted_shield' does not belong to a known attribute. This entry will be ignored.
[26Oct2025 04:41:10.796] [modloading-worker-0/ERROR] [AttributeFix/]: Attribute ID 'skilltree:maximum_life_per_satisfied_hunger' does not belong to a known attribute. This entry will be ignored.
[26Oct2025 04:41:10.796] [modloading-worker-0/ERROR] [AttributeFix/]: Attribute ID 'feathers:feathers.feather_regen' does not belong to a known attribute. This entry will be ignored.
[26Oct2025 04:41:10.797] [modloading-worker-0/ERROR] [AttributeFix/]: Attribute ID 'puffish_skills:player.resistance' does not belong to a known attribute. This entry will be ignored.
[26Oct2025 04:41:10.797] [modloading-worker-0/ERROR] [AttributeFix/]: Attribute ID 'skilltree:life_on_block_if_not_hungry' does not belong to a known attribute. This entry will be ignored.
[26Oct2025 04:41:10.797] [modloading-worker-0/ERROR] [AttributeFix/]: Attribute ID 'skilltree:gem_power' does not belong to a known attribute. This entry will be ignored.
[26Oct2025 04:41:10.797] [modloading-worker-0/ERROR] [AttributeFix/]: Attribute ID 'skilltree:crafted_ranged_weapon_sockets' does not belong to a known attribute. This entry will be ignored.
[26Oct2025 04:41:10.797] [modloading-worker-0/ERROR] [AttributeFix/]: Attribute ID 'skilltree:crafted_melee_weapon_attack_speed' does not belong to a known attribute. This entry will be ignored.
[26Oct2025 04:41:10.797] [modloading-worker-0/ERROR] [AttributeFix/]: Attribute ID 'skilltree:melee_crit_damage' does not belong to a known attribute. This entry will be ignored.
[26Oct2025 04:41:10.797] [modloading-worker-0/ERROR] [AttributeFix/]: Attribute ID 'skilltree:maximum_life_per_armor_enchantment' does not belong to a known attribute. This entry will be ignored.
[26Oct2025 04:41:10.797] [modloading-worker-0/ERROR] [AttributeFix/]: Attribute ID 'skilltree:brewed_poisons_strength' does not belong to a known attribute. This entry will be ignored.
[26Oct2025 04:41:10.797] [modloading-worker-0/ERROR] [AttributeFix/]: Attribute ID 'skilltree:gem_power_in_weapon' does not belong to a known attribute. This entry will be ignored.
[26Oct2025 04:41:10.797] [modloading-worker-0/ERROR] [AttributeFix/]: Attribute ID 'skilltree:damage_against_burning' does not belong to a known attribute. This entry will be ignored.
[26Oct2025 04:41:10.797] [modloading-worker-0/ERROR] [AttributeFix/]: Attribute ID 'skilltree:brewed_healing_potions_strength' does not belong to a known attribute. This entry will be ignored.
[26Oct2025 04:41:10.797] [modloading-worker-0/ERROR] [AttributeFix/]: Attribute ID 'skilltree:crafted_rings_critical_damage' does not belong to a known attribute. This entry will be ignored.
[26Oct2025 04:41:10.797] [modloading-worker-0/ERROR] [AttributeFix/]: Attribute ID 'skilltree:maximum_life_per_equipped_jewelry' does not belong to a known attribute. This entry will be ignored.
[26Oct2025 04:41:10.797] [modloading-worker-0/ERROR] [AttributeFix/]: Attribute ID 'skilltree:crafted_armor_stealth' does not belong to a known attribute. This entry will be ignored.
[26Oct2025 04:41:10.797] [modloading-worker-0/ERROR] [AttributeFix/]: Attribute ID 'skilltree:crafted_melee_weapon_crit_chance' does not belong to a known attribute. This entry will be ignored.
[26Oct2025 04:41:10.797] [modloading-worker-0/ERROR] [AttributeFix/]: Attribute ID 'skilltree:mining_speed' does not belong to a known attribute. This entry will be ignored.
[26Oct2025 04:41:10.797] [modloading-worker-0/ERROR] [AttributeFix/]: Attribute ID 'puffish_skills:player.stamina' does not belong to a known attribute. This entry will be ignored.
[26Oct2025 04:41:10.797] [modloading-worker-0/ERROR] [AttributeFix/]: Attribute ID 'feathers:feathers.max_feathers' does not belong to a known attribute. This entry will be ignored.
[26Oct2025 04:41:10.797] [modloading-worker-0/ERROR] [AttributeFix/]: Attribute ID 'skilltree:projectile_crit_damage' does not belong to a known attribute. This entry will be ignored.
[26Oct2025 04:41:10.797] [modloading-worker-0/ERROR] [AttributeFix/]: Attribute ID 'skilltree:crit_damage_against_poisoned' does not belong to a known attribute. This entry will be ignored.
[26Oct2025 04:41:10.798] [modloading-worker-0/ERROR] [AttributeFix/]: Attribute ID 'puffish_skills:player.healing' does not belong to a known attribute. This entry will be ignored.
[26Oct2025 04:41:10.798] [modloading-worker-0/ERROR] [AttributeFix/]: Attribute ID 'skilltree:crafted_weapon_damage_against_burning' does not belong to a known attribute. This entry will be ignored.
[26Oct2025 04:41:10.798] [modloading-worker-0/ERROR] [AttributeFix/]: Attribute ID 'skilltree:damage_per_distance_to_enemy' does not belong to a known attribute. This entry will be ignored.
[26Oct2025 04:41:10.798] [modloading-worker-0/ERROR] [AttributeFix/]: Attribute ID 'skilltree:crafted_armor_maximum_life' does not belong to a known attribute. This entry will be ignored.
[26Oct2025 04:41:10.798] [modloading-worker-0/ERROR] [AttributeFix/]: Attribute ID 'skilltree:crafted_quivers_chance_to_ignite' does not belong to a known attribute. This entry will be ignored.
[26Oct2025 04:41:10.798] [modloading-worker-0/ERROR] [AttributeFix/]: Attribute ID 'skilltree:crit_damage' does not belong to a known attribute. This entry will be ignored.
[26Oct2025 04:41:10.798] [modloading-worker-0/ERROR] [AttributeFix/]: Attribute ID 'skilltree:maximum_life_if_not_hungry' does not belong to a known attribute. This entry will be ignored.
[26Oct2025 04:41:10.798] [modloading-worker-0/ERROR] [AttributeFix/]: Attribute ID 'skilltree:cooked_food_crit_damage_per_saturation' does not belong to a known attribute. This entry will be ignored.
[26Oct2025 04:41:10.798] [modloading-worker-0/ERROR] [AttributeFix/]: Attribute ID 'skilltree:evasion_per_potion_effect' does not belong to a known attribute. This entry will be ignored.
[26Oct2025 04:41:10.798] [modloading-worker-0/ERROR] [AttributeFix/]: Attribute ID 'skilltree:maximum_life_per_enchantment' does not belong to a known attribute. This entry will be ignored.
[26Oct2025 04:41:10.798] [modloading-worker-0/ERROR] [AttributeFix/]: Attribute ID 'skilltree:experience_from_ore' does not belong to a known attribute. This entry will be ignored.
[26Oct2025 04:41:10.798] [modloading-worker-0/ERROR] [AttributeFix/]: Attribute ID 'skilltree:maximum_life_per_gem_in_armor' does not belong to a known attribute. This entry will be ignored.
[26Oct2025 04:41:10.798] [modloading-worker-0/ERROR] [AttributeFix/]: Attribute ID 'skilltree:experience_from_fishing' does not belong to a known attribute. This entry will be ignored.
[26Oct2025 04:41:10.798] [modloading-worker-0/ERROR] [AttributeFix/]: Attribute ID 'skilltree:brewed_harmful_potions_duration' does not belong to a known attribute. This entry will be ignored.
[26Oct2025 04:41:10.798] [modloading-worker-0/ERROR] [AttributeFix/]: Attribute ID 'skilltree:crafted_quivers_maximum_life' does not belong to a known attribute. This entry will be ignored.
[26Oct2025 04:41:10.798] [modloading-worker-0/ERROR] [AttributeFix/]: Attribute ID 'skilltree:crafted_equipment_durability' does not belong to a known attribute. This entry will be ignored.
[26Oct2025 04:41:10.798] [modloading-worker-0/ERROR] [AttributeFix/]: Attribute ID 'puffish_skills:player.melee_damage' does not belong to a known attribute. This entry will be ignored.
[26Oct2025 04:41:10.798] [modloading-worker-0/ERROR] [AttributeFix/]: Attribute ID 'skilltree:enchantment_level_requirement' does not belong to a known attribute. This entry will be ignored.
[26Oct2025 04:41:10.798] [modloading-worker-0/ERROR] [AttributeFix/]: Attribute ID 'skilltree:damage_with_shield' does not belong to a known attribute. This entry will be ignored.
[26Oct2025 04:41:10.798] [modloading-worker-0/ERROR] [AttributeFix/]: Attribute ID 'skilltree:crit_damage_with_shield' does not belong to a known attribute. This entry will be ignored.
[26Oct2025 04:41:10.798] [modloading-worker-0/ERROR] [AttributeFix/]: Attribute ID 'skilltree:block_chance_per_shield_enchantment' does not belong to a known attribute. This entry will be ignored.
[26Oct2025 04:41:10.798] [modloading-worker-0/ERROR] [AttributeFix/]: Attribute ID 'skilltree:attack_speed_if_not_hungry' does not belong to a known attribute. This entry will be ignored.
[26Oct2025 04:41:10.798] [modloading-worker-0/ERROR] [AttributeFix/]: Attribute ID 'skilltree:cooked_food_damage_per_saturation' does not belong to a known attribute. This entry will be ignored.
[26Oct2025 04:41:10.799] [modloading-worker-0/ERROR] [AttributeFix/]: Attribute ID 'skilltree:maximum_equipment_sockets' does not belong to a known attribute. This entry will be ignored.
[26Oct2025 04:41:10.799] [modloading-worker-0/ERROR] [AttributeFix/]: Attribute ID 'skilltree:damage_per_weapon_enchantment_level' does not belong to a known attribute. This entry will be ignored.
[26Oct2025 04:41:10.799] [modloading-worker-0/ERROR] [AttributeFix/]: Attribute ID 'skilltree:chance_to_craft_tougher_armor' does not belong to a known attribute. This entry will be ignored.
[26Oct2025 04:41:10.805] [modloading-worker-0/ERROR] [AttributeFix/]: Attribute ID 'skilltree:crit_chance_against_poisoned' does not belong to a known attribute. This entry will be ignored.
[26Oct2025 04:41:10.805] [modloading-worker-0/ERROR] [AttributeFix/]: Attribute ID 'skilltree:armor_per_gem_in_helmet' does not belong to a known attribute. This entry will be ignored.
[26Oct2025 04:41:10.809] [modloading-worker-0/ERROR] [AttributeFix/]: Attribute ID 'skilltree:crit_chance_if_wounded' does not belong to a known attribute. This entry will be ignored.
[26Oct2025 04:41:10.809] [modloading-worker-0/ERROR] [AttributeFix/]: Attribute ID 'skilltree:crafted_weapon_life_per_hit' does not belong to a known attribute. This entry will be ignored.
[26Oct2025 04:41:10.809] [modloading-worker-0/ERROR] [AttributeFix/]: Attribute ID 'skilltree:chestplate_armor' does not belong to a known attribute. This entry will be ignored.
[26Oct2025 04:41:10.810] [modloading-worker-0/ERROR] [AttributeFix/]: Attribute ID 'skilltree:crafted_armor_evasion' does not belong to a known attribute. This entry will be ignored.
[26Oct2025 04:41:10.810] [modloading-worker-0/ERROR] [AttributeFix/]: Attribute ID 'skilltree:life_on_block_per_shield_enchantment' does not belong to a known attribute. This entry will be ignored.
[26Oct2025 04:41:10.810] [modloading-worker-0/ERROR] [AttributeFix/]: Attribute ID 'skilltree:double_loot_chance' does not belong to a known attribute. This entry will be ignored.
[26Oct2025 04:41:10.810] [modloading-worker-0/ERROR] [AttributeFix/]: Attribute ID 'skilltree:life_per_hit_under_potion_effect' does not belong to a known attribute. This entry will be ignored.
[26Oct2025 04:41:10.810] [modloading-worker-0/ERROR] [AttributeFix/]: Attribute ID 'skilltree:crafted_weapon_chance_to_ignite' does not belong to a known attribute. This entry will be ignored.
[26Oct2025 04:41:10.810] [modloading-worker-0/ERROR] [AttributeFix/]: Attribute ID 'skilltree:attack_damage_per_armor' does not belong to a known attribute. This entry will be ignored.
[26Oct2025 04:41:10.810] [modloading-worker-0/ERROR] [AttributeFix/]: Attribute ID 'skilltree:crit_damage_per_satisfied_hunger' does not belong to a known attribute. This entry will be ignored.
[26Oct2025 04:41:10.810] [modloading-worker-0/ERROR] [AttributeFix/]: Attribute ID 'skilltree:crafted_ranged_weapon_attack_speed' does not belong to a known attribute. This entry will be ignored.
[26Oct2025 04:41:10.810] [modloading-worker-0/ERROR] [AttributeFix/]: Attribute ID 'skilltree:damage_with_gem_in_weapon' does not belong to a known attribute. This entry will be ignored.
[26Oct2025 04:41:10.810] [modloading-worker-0/ERROR] [AttributeFix/]: Attribute ID 'skilltree:armor_per_gem_in_chestplate' does not belong to a known attribute. This entry will be ignored.
[26Oct2025 04:41:10.810] [modloading-worker-0/ERROR] [AttributeFix/]: Attribute ID 'skilltree:chance_to_apply_better_armor_enchantment' does not belong to a known attribute. This entry will be ignored.
[26Oct2025 04:41:10.810] [modloading-worker-0/ERROR] [AttributeFix/]: Attribute ID 'skilltree:evasion_under_potion_effect' does not belong to a known attribute. This entry will be ignored.
[26Oct2025 04:41:10.810] [modloading-worker-0/ERROR] [AttributeFix/]: Attribute ID 'skilltree:experience_per_minute' does not belong to a known attribute. This entry will be ignored.
[26Oct2025 04:41:10.810] [modloading-worker-0/ERROR] [AttributeFix/]: Attribute ID 'skilltree:maximum_life_per_evasion' does not belong to a known attribute. This entry will be ignored.
[26Oct2025 04:41:10.810] [modloading-worker-0/ERROR] [AttributeFix/]: Attribute ID 'skilltree:block_chance_per_satisfied_hunger' does not belong to a known attribute. This entry will be ignored.
[26Oct2025 04:41:10.811] [modloading-worker-0/ERROR] [AttributeFix/]: Attribute ID 'skilltree:maximum_weapon_sockets' does not belong to a known attribute. This entry will be ignored.
[26Oct2025 04:41:10.811] [modloading-worker-0/ERROR] [AttributeFix/]: Attribute ID 'skilltree:damage_per_gem_in_weapon' does not belong to a known attribute. This entry will be ignored.
[26Oct2025 04:41:10.811] [modloading-worker-0/ERROR] [AttributeFix/]: Attribute ID 'skilltree:crafted_armor_defence' does not belong to a known attribute. This entry will be ignored.
[26Oct2025 04:41:10.811] [modloading-worker-0/ERROR] [AttributeFix/]: Attribute ID 'skilltree:attack_speed_with_shield' does not belong to a known attribute. This entry will be ignored.
[26Oct2025 04:41:10.811] [modloading-worker-0/ERROR] [AttributeFix/]: Attribute ID 'skilltree:chance_to_explode_enemy' does not belong to a known attribute. This entry will be ignored.
[26Oct2025 04:41:10.811] [modloading-worker-0/ERROR] [AttributeFix/]: Attribute ID 'skilltree:crafted_boots_stealth' does not belong to a known attribute. This entry will be ignored.
[26Oct2025 04:41:10.811] [modloading-worker-0/ERROR] [AttributeFix/]: Attribute ID 'skilltree:maximum_life_per_gem_in_helmet' does not belong to a known attribute. This entry will be ignored.
[26Oct2025 04:41:10.811] [modloading-worker-0/ERROR] [AttributeFix/]: Attribute ID 'skilltree:maximum_life_per_armor_bonus' does not belong to a known attribute. This entry will be ignored.
[26Oct2025 04:41:10.811] [modloading-worker-0/ERROR] [AttributeFix/]: Attribute ID 'skilltree:life_per_arrow_hit' does not belong to a known attribute. This entry will be ignored.
[26Oct2025 04:41:10.811] [modloading-worker-0/ERROR] [AttributeFix/]: Attribute ID 'skilltree:block_chance' does not belong to a known attribute. This entry will be ignored.
[26Oct2025 04:41:10.811] [modloading-worker-0/INFO] [AttributeFix/]: Loaded 277 values from config.
[26Oct2025 04:41:10.873] [modloading-worker-0/INFO] [AttributeFix/]: Saving config file. 277 entries.
[26Oct2025 04:41:10.873] [modloading-worker-0/INFO] [AttributeFix/]: Applying changes for 277 attributes.
[26Oct2025 04:41:10.894] [modloading-worker-0/INFO] [Jade/]: Start loading plugin at shadows.gateways.compat.GatewayJadePlugin
[26Oct2025 04:41:10.898] [modloading-worker-0/INFO] [Jade/]: Start loading plugin at shadows.apotheosis.spawn.compat.SpawnerHwylaPlugin
[26Oct2025 04:41:10.900] [modloading-worker-0/INFO] [Jade/]: Start loading plugin at shadows.apotheosis.ench.compat.EnchHwylaPlugin
[26Oct2025 04:41:10.900] [modloading-worker-0/INFO] [Jade/]: Start loading plugin at shadows.apotheosis.adventure.compat.AdventureHwylaPlugin
[26Oct2025 04:41:10.901] [modloading-worker-0/INFO] [Jade/]: Start loading plugin at daripher.autoleveling.integration.jade.AutoLevelingWailaPlugin
[26Oct2025 04:41:10.902] [modloading-worker-0/INFO] [Jade/]: Start loading plugin at de.maxhenkel.corpse.integration.waila.PluginCorpse
[26Oct2025 04:41:10.903] [modloading-worker-0/INFO] [Jade/]: Start loading plugin at com.aetherteam.aether.integration.jade.AetherJadePlugin
[26Oct2025 04:41:10.904] [modloading-worker-0/INFO] [Jade/]: Start loading plugin at twilightforest.compat.jade.JadeCompat
[26Oct2025 04:41:10.904] [modloading-worker-0/INFO] [Jade/]: Start loading plugin at com.hollingsworth.arsnouveau.client.waila.WailaArsNouveauPlugin
[26Oct2025 04:41:10.905] [modloading-worker-0/INFO] [Jade/]: Start loading plugin at net.brnbrd.delightful.compat.jade.JadePlugin
[26Oct2025 04:41:10.905] [modloading-worker-0/INFO] [Jade/]: Start loading plugin at net.blay09.mods.waystones.compat.ForgeJadeWaystonesPlugin
[26Oct2025 04:41:10.905] [modloading-worker-0/INFO] [Jade/]: Start loading plugin at snownee.jade.addon.vanilla.VanillaPlugin
[26Oct2025 04:41:10.907] [modloading-worker-0/INFO] [com.teampotato.redirector.Redirector/]: Redirecting snownee/jade/addon/vanilla/BrewingStandProvider
[26Oct2025 04:41:10.909] [modloading-worker-0/INFO] [com.teampotato.redirector.Redirector/]: Redirecting snownee/jade/addon/vanilla/BeehiveProvider
[26Oct2025 04:41:10.909] [modloading-worker-0/INFO] [com.teampotato.redirector.Redirector/]: Redirecting snownee/jade/addon/vanilla/CommandBlockProvider
[26Oct2025 04:41:10.910] [modloading-worker-0/INFO] [com.teampotato.redirector.Redirector/]: Redirecting snownee/jade/addon/vanilla/JukeboxProvider
[26Oct2025 04:41:10.911] [modloading-worker-0/INFO] [com.teampotato.redirector.Redirector/]: Redirecting snownee/jade/addon/vanilla/LecternProvider
[26Oct2025 04:41:10.912] [modloading-worker-0/INFO] [com.teampotato.redirector.Redirector/]: Redirecting snownee/jade/addon/vanilla/RedstoneProvider
[26Oct2025 04:41:10.912] [modloading-worker-0/INFO] [com.teampotato.redirector.Redirector/]: Redirecting snownee/jade/addon/vanilla/FurnaceProvider
[26Oct2025 04:41:10.914] [modloading-worker-0/INFO] [com.teampotato.redirector.Redirector/]: Redirecting snownee/jade/addon/vanilla/AnimalOwnerProvider
[26Oct2025 04:41:10.914] [modloading-worker-0/INFO] [com.teampotato.redirector.Redirector/]: Redirecting snownee/jade/addon/vanilla/PotionEffectsProvider
[26Oct2025 04:41:10.915] [modloading-worker-0/INFO] [com.teampotato.redirector.Redirector/]: Redirecting snownee/jade/addon/vanilla/MobGrowthProvider
[26Oct2025 04:41:10.916] [modloading-worker-0/INFO] [com.teampotato.redirector.Redirector/]: Redirecting snownee/jade/addon/vanilla/MobBreedingProvider
[26Oct2025 04:41:10.916] [modloading-worker-0/INFO] [com.teampotato.redirector.Redirector/]: Redirecting snownee/jade/addon/vanilla/ChickenEggProvider
[26Oct2025 04:41:10.917] [modloading-worker-0/INFO] [Jade/]: Start loading plugin at snownee.jade.addon.universal.UniversalPlugin
[26Oct2025 04:41:10.918] [modloading-worker-0/INFO] [com.teampotato.redirector.Redirector/]: Redirecting snownee/jade/addon/universal/ItemStorageProvider
[26Oct2025 04:41:10.920] [modloading-worker-0/INFO] [com.teampotato.redirector.Redirector/]: Redirecting snownee/jade/addon/universal/EntityItemStorageProvider
[26Oct2025 04:41:10.920] [modloading-worker-0/INFO] [com.teampotato.redirector.Redirector/]: Redirecting snownee/jade/addon/universal/FluidStorageProvider
[26Oct2025 04:41:10.921] [modloading-worker-0/INFO] [com.teampotato.redirector.Redirector/]: Redirecting snownee/jade/addon/universal/EntityFluidStorageProvider
[26Oct2025 04:41:10.922] [modloading-worker-0/INFO] [com.teampotato.redirector.Redirector/]: Redirecting snownee/jade/addon/universal/EnergyStorageProvider
[26Oct2025 04:41:10.923] [modloading-worker-0/INFO] [com.teampotato.redirector.Redirector/]: Redirecting snownee/jade/addon/universal/EntityEnergyStorageProvider
[26Oct2025 04:41:10.923] [modloading-worker-0/INFO] [com.teampotato.redirector.Redirector/]: Redirecting snownee/jade/addon/universal/ProgressProvider
[26Oct2025 04:41:10.924] [modloading-worker-0/INFO] [com.teampotato.redirector.Redirector/]: Redirecting snownee/jade/addon/universal/EntityProgressProvider
[26Oct2025 04:41:10.925] [modloading-worker-0/INFO] [Jade/]: Start loading plugin at snownee.jade.addon.core.CorePlugin
[26Oct2025 04:41:10.925] [modloading-worker-0/INFO] [com.teampotato.redirector.Redirector/]: Redirecting snownee/jade/addon/core/RegistryNameProvider$Mode
[26Oct2025 04:41:10.926] [modloading-worker-0/INFO] [com.teampotato.redirector.Redirector/]: Redirecting snownee/jade/addon/core/ObjectNameProvider
[26Oct2025 04:41:10.927] [modloading-worker-0/INFO] [quark/]: Dispatching Module Step LOAD_COMPLETE
[26Oct2025 04:41:10.931] [modloading-worker-0/INFO] [Jade/]: Start loading plugin at de.maxhenkel.easyvillagers.integration.waila.PluginEasyVillagers
[26Oct2025 04:41:10.931] [modloading-worker-0/INFO] [Jade/]: Start loading plugin at com.jaquadro.minecraft.storagedrawers.integration.Waila
[26Oct2025 04:41:10.970] [modloading-worker-0/INFO] [Enigmatic Legacy/INFO]: Successfully fetched the list of devoted believers from Enigmatic Legacy's repository.
[26Oct2025 04:41:10.974] [modloading-worker-0/INFO] [Enigmatic Legacy/INFO]: Successfully backed up the list of devoted believers.
[26Oct2025 04:41:10.975] [modloading-worker-0/INFO] [Enigmatic Legacy/]: Believer: ObsidianFlight, UUID: 0cf25168-1b5a-4ac9-90eb-45bb20b0afab
[26Oct2025 04:41:10.975] [modloading-worker-0/INFO] [Enigmatic Legacy/]: Believer: Alexsist, UUID: b77d12d4-627f-47d3-965a-74e4f41854cc
[26Oct2025 04:41:10.975] [modloading-worker-0/INFO] [Enigmatic Legacy/]: Believer: Volsarex, UUID: e9907457-0251-42de-86b7-32289c19a6c4
[26Oct2025 04:41:10.975] [modloading-worker-0/INFO] [Enigmatic Legacy/]: Believer: Tar, UUID: 64d64b70-fde8-467e-ad70-271d5ddf26f6
[26Oct2025 04:41:10.975] [modloading-worker-0/INFO] [Enigmatic Legacy/]: Believer: Strgnv, UUID: 93f46b5e-3f96-4bde-9de9-96e7210441f9
[26Oct2025 04:41:10.975] [modloading-worker-0/INFO] [Enigmatic Legacy/]: Believer: SoulRacer65, UUID: a9ca1491-c6b2-4502-a585-94336fb07e75
[26Oct2025 04:41:10.975] [modloading-worker-0/INFO] [Enigmatic Legacy/]: Believer: legitch, UUID: 64906813-adac-4aa9-8ac9-f25dbb677102
[26Oct2025 04:41:10.975] [modloading-worker-0/INFO] [Enigmatic Legacy/]: Believer: TheOutlander, UUID: 9c22cd32-4dff-42b9-946c-69548781f894
[26Oct2025 04:41:10.975] [modloading-worker-0/INFO] [Enigmatic Legacy/]: Believer: Crobee, UUID: ed207d6d-0bec-4e0b-9674-d8455f017441
[26Oct2025 04:41:10.975] [modloading-worker-0/INFO] [Enigmatic Legacy/]: Believer: Exlor, UUID: d45f7a78-513c-43ed-b2f7-6447a92ddaf2
[26Oct2025 04:41:10.975] [modloading-worker-0/INFO] [Enigmatic Legacy/]: Believer: IaruEmbyr, UUID: 97b38aa9-8c8b-4b50-8b69-f71db9a5c2d3
[26Oct2025 04:41:10.975] [modloading-worker-0/INFO] [Enigmatic Legacy/]: Believer: HunterPhantom, UUID: b818e7a3-997e-4456-a7f0-dc7c97c42892
[26Oct2025 04:41:10.975] [modloading-worker-0/INFO] [Enigmatic Legacy/]: Believer: Azure, UUID: 4aeb4bcc-e4b3-4851-9c1f-13d41ad7f37c
[26Oct2025 04:41:10.975] [modloading-worker-0/INFO] [Enigmatic Legacy/]: Believer: PixelVoxel, UUID: f9e9d0d6-eb43-46db-ae6e-b0950668c06d
[26Oct2025 04:41:10.975] [modloading-worker-0/INFO] [Enigmatic Legacy/]: Believer: Izures, UUID: 4c2145c9-be1a-4ae4-bb9f-0003bd221a98
[26Oct2025 04:41:10.975] [modloading-worker-0/INFO] [Enigmatic Legacy/]: Believer: 0thLaw, UUID: a4ef9810-6c0b-45a6-9895-6bbebc70e001
[26Oct2025 04:41:10.975] [modloading-worker-0/INFO] [Enigmatic Legacy/]: Believer: Nexus, UUID: 08e81c68-0a2f-4625-882b-ddcf3c86e351
[26Oct2025 04:41:10.976] [modloading-worker-0/INFO] [Enigmatic Legacy/]: Believer: Fetrex, UUID: d7d73994-0fa5-4690-a8dd-4dc850563f4e
[26Oct2025 04:41:10.976] [modloading-worker-0/INFO] [Enigmatic Legacy/]: Believer: MasterGentar, UUID: 86a110be-dc85-4d2c-82d3-3669cb61db8f
[26Oct2025 04:41:10.976] [modloading-worker-0/INFO] [Enigmatic Legacy/]: Believer: Dimagic, UUID: 34128f78-ad16-4ef3-a647-bb13f0aea775
[26Oct2025 04:41:10.976] [modloading-worker-0/INFO] [Enigmatic Legacy/]: Believer: probablyastar, UUID: 8f0f3658-5644-4f21-b5ea-324153338d87
[26Oct2025 04:41:10.976] [modloading-worker-0/INFO] [Enigmatic Legacy/]: Believer: Toastr125, UUID: 5cd5f647-d3bb-412e-b60c-0aaae21bcddd
[26Oct2025 04:41:10.976] [modloading-worker-0/INFO] [Enigmatic Legacy/]: Believer: YesPyro, UUID: 82a617a0-56fe-4ead-82d4-9d968ca7c777
[26Oct2025 04:41:10.976] [modloading-worker-0/INFO] [Enigmatic Legacy/]: Believer: Amadhe, UUID: 8bdb26a8-7687-49e5-829b-f298cfc10508
[26Oct2025 04:41:10.976] [modloading-worker-0/INFO] [Enigmatic Legacy/]: Believer: BAN30x, UUID: 4822d847-93c1-4efd-bd9f-b2d56ba1608d
[26Oct2025 04:41:10.976] [modloading-worker-0/INFO] [Enigmatic Legacy/]: Believer: Hyperion, UUID: 143e257c-b945-4700-85d2-ebcf63c1811f
[26Oct2025 04:41:10.976] [modloading-worker-0/INFO] [Enigmatic Legacy/]: Believer: prism182, UUID: f9048245-89cb-456c-aa2b-cc8e9d8b8c76
[26Oct2025 04:41:10.979] [modloading-worker-0/INFO] [Enigmatic Legacy/]: Believer: Celeste-ialGamer, UUID: 4822d847-93c1-4efd-bd9f-b2d56ba1608d
[26Oct2025 04:41:10.979] [modloading-worker-0/INFO] [Enigmatic Legacy/]: Believer: Snow_guy864335, UUID: a4fa93e5-c243-4b7b-b69a-6943152a5d2d
[26Oct2025 04:41:10.979] [modloading-worker-0/INFO] [Enigmatic Legacy/]: Believer: Dvyant, UUID: f75e74cb-d289-459f-8d28-ea3668541e32
[26Oct2025 04:41:10.979] [modloading-worker-0/INFO] [Enigmatic Legacy/]: Believer: Naoro, UUID: 7a195143-a6cd-4efb-8e57-deac4b7636d7
[26Oct2025 04:41:10.979] [modloading-worker-0/INFO] [Enigmatic Legacy/]: Believer: millie, UUID: f4fac73a-0ada-4e50-bbed-61b06f1a4d18
[26Oct2025 04:41:10.979] [modloading-worker-0/INFO] [Enigmatic Legacy/]: Believer: NinjaFox, UUID: 834a2387-6dec-4d57-8bd3-72be2a54ed54
[26Oct2025 04:41:10.979] [modloading-worker-0/INFO] [Enigmatic Legacy/]: Believer: ProstoChel, UUID: 1fd0b74a-536b-4a65-a849-5c607c950396
[26Oct2025 04:41:10.979] [modloading-worker-0/INFO] [Enigmatic Legacy/]: Believer: (Ne)TyMVS, UUID: ac159e63-a757-4f7d-8c2c-73469a715ff3
[26Oct2025 04:41:10.979] [modloading-worker-0/INFO] [Enigmatic Legacy/]: Believer: TheMuffinMan, UUID: 20f48143-1e09-4c89-9c85-085b70c76953
[26Oct2025 04:41:10.979] [modloading-worker-0/INFO] [Enigmatic Legacy/]: Believer: solmortis, UUID: f6dbd5e9-701c-4c76-8a48-0ba4b687c76d
[26Oct2025 04:41:10.979] [modloading-worker-0/INFO] [Enigmatic Legacy/]: Believer: Eternal_Banisher, UUID: 387aa6d4-f388-400f-b9c5-1514f238ceae
[26Oct2025 04:41:10.979] [modloading-worker-0/INFO] [Enigmatic Legacy/]: Believer: AbsorbingSafe11, UUID: 343ad979-87b7-4dfa-88b8-3f3fdc2e00ab
[26Oct2025 04:41:10.979] [modloading-worker-0/INFO] [Enigmatic Legacy/]: Believer: Stygian, UUID: f6c7001f-4ce8-43f7-b4a1-a9d9d5fadb93
[26Oct2025 04:41:10.979] [modloading-worker-0/INFO] [Enigmatic Legacy/]: Believer: PikachuGabe0, UUID: ca7b21a6-76a5-4ea6-af48-b90f66e4f2b1
[26Oct2025 04:41:10.980] [modloading-worker-0/INFO] [Enigmatic Legacy/]: Believer: Purifier, UUID: 58c97c29-2c25-4320-a1d2-8e5651de506b
[26Oct2025 04:41:10.980] [modloading-worker-0/INFO] [Enigmatic Legacy/]: Believer: Sam/Barker, UUID: 0179c9aa-12c8-423c-bf96-d53c9ed479dd
[26Oct2025 04:41:10.980] [modloading-worker-0/INFO] [Enigmatic Legacy/]: Believer: Ciege, UUID: 48b866bf-a574-4a10-b7bd-2d83d056452d
[26Oct2025 04:41:10.980] [modloading-worker-0/INFO] [Enigmatic Legacy/]: Believer: Solbaify, UUID: 5679a7e1-29f4-4bdc-bd60-5f642d95ad68
[26Oct2025 04:41:10.980] [modloading-worker-0/INFO] [Enigmatic Legacy/]: Believer: Samola345, UUID: b657c54f-3174-4434-bed8-14d7be8634b3
[26Oct2025 04:41:10.980] [modloading-worker-0/INFO] [Enigmatic Legacy/]: Believer: Ozzi, UUID: 7d52df8b-963d-45c2-9c8a-aa7f20ae0659
[26Oct2025 04:41:10.980] [modloading-worker-0/INFO] [Enigmatic Legacy/]: Believer: Arix, UUID: c13feccd-e582-4ae1-aee7-35e8acf7e9e1
[26Oct2025 04:41:10.980] [modloading-worker-0/INFO] [Enigmatic Legacy/]: Believer: Nechronom, UUID: 84b933b8-9688-4021-a039-eed55c985548
[26Oct2025 04:41:10.980] [modloading-worker-0/INFO] [Enigmatic Legacy/]: Believer: Thauma, UUID: facc8bc4-a623-47dc-af89-ba979ac159b5
[26Oct2025 04:41:10.974] [modloading-worker-0/WARN] [minecolonies/]: Register mappings
[26Oct2025 04:41:10.980] [modloading-worker-0/INFO] [Enigmatic Legacy/]: Believer: GrekvarZikurah, UUID: f251c109-8214-4882-b0b4-332441843a50
[26Oct2025 04:41:10.980] [modloading-worker-0/INFO] [Enigmatic Legacy/]: Believer: Sebaty5, UUID: c6dd33f1-e851-40b4-840d-6af5ebe4ea3b
[26Oct2025 04:41:10.980] [modloading-worker-0/INFO] [Enigmatic Legacy/]: Believer: MarceDev, UUID: 24b26788-1ce6-44a6-a4df-45202850a9ef
[26Oct2025 04:41:10.980] [modloading-worker-0/INFO] [Enigmatic Legacy/]: Believer: Xathanon, UUID: 806dc0b8-7d90-4776-b870-37fda466a13f
[26Oct2025 04:41:10.981] [modloading-worker-0/INFO] [Enigmatic Legacy/]: Believer: Jusey1, UUID: 5f311b1c-8557-42cc-9c33-3605ea8f524f
[26Oct2025 04:41:10.981] [modloading-worker-0/INFO] [Enigmatic Legacy/]: Believer: swagfredbear27, UUID: c98b3962-3ea9-47f8-820d-134ce2691af0
[26Oct2025 04:41:10.981] [modloading-worker-0/INFO] [Enigmatic Legacy/]: Believer: CrazyHamburger, UUID: 57282a53-522e-4f8c-9f44-19d2068668d7
[26Oct2025 04:41:10.981] [modloading-worker-0/INFO] [Enigmatic Legacy/]: Believer: UwUent, UUID: 43124493-b135-4467-8460-f04e7e845b63
[26Oct2025 04:41:10.981] [modloading-worker-0/INFO] [Enigmatic Legacy/]: Believer: angelman, UUID: 85efda35-7bc1-48c5-a392-f3c23047212f
[26Oct2025 04:41:10.981] [modloading-worker-0/INFO] [Enigmatic Legacy/]: Believer: Madis0, UUID: 581a3f25-db2c-4e52-9823-62e9e4730daa
[26Oct2025 04:41:10.981] [modloading-worker-0/INFO] [Enigmatic Legacy/]: Believer: Destiny, UUID: 38edb8bc-816f-47b7-95d9-f67af6017f2f
[26Oct2025 04:41:10.981] [modloading-worker-0/INFO] [Enigmatic Legacy/INFO]: Load completion phase finished successfully
[26Oct2025 04:41:10.988] [modloading-worker-0/INFO] [com.teampotato.redirector.Redirector/]: Redirecting dev/latvian/mods/kubejs/recipe/component/ComponentRole
[26Oct2025 04:41:11.028] [main/INFO] [terrablender/]: Registered region quark:biome_provider to index 6 for type OVERWORLD
[26Oct2025 04:41:11.049] [Forge Version Check/WARN] [net.minecraftforge.fml.VersionChecker/]: Failed to process update information
com.google.gson.JsonSyntaxException: java.lang.IllegalStateException: Expected BEGIN_OBJECT but was STRING at line 7 column 1 path $
	at com.google.gson.Gson.fromJson(Gson.java:975) ~[gson-2.8.9.jar%2368!/:?]
	at com.google.gson.Gson.fromJson(Gson.java:928) ~[gson-2.8.9.jar%2368!/:?]
	at com.google.gson.Gson.fromJson(Gson.java:877) ~[gson-2.8.9.jar%2368!/:?]
	at com.google.gson.Gson.fromJson(Gson.java:848) ~[gson-2.8.9.jar%2368!/:?]
	at net.minecraftforge.fml.VersionChecker$1.process(VersionChecker.java:183) ~[fmlcore-1.19.2-43.4.2.jar%23656!/:?]
	at java.lang.Iterable.forEach(Iterable.java:75) [?:?]
	at net.minecraftforge.fml.VersionChecker$1.run(VersionChecker.java:114) [fmlcore-1.19.2-43.4.2.jar%23656!/:?]
Caused by: java.lang.IllegalStateException: Expected BEGIN_OBJECT but was STRING at line 7 column 1 path $
	at com.google.gson.stream.JsonReader.beginObject(JsonReader.java:384) ~[gson-2.8.9.jar%2368!/:?]
	at com.google.gson.internal.bind.MapTypeAdapterFactory$Adapter.read(MapTypeAdapterFactory.java:183) ~[gson-2.8.9.jar%2368!/:?]
	at com.google.gson.internal.bind.MapTypeAdapterFactory$Adapter.read(MapTypeAdapterFactory.java:145) ~[gson-2.8.9.jar%2368!/:?]
	at com.google.gson.Gson.fromJson(Gson.java:963) ~[gson-2.8.9.jar%2368!/:?]
	... 6 more
[26Oct2025 04:41:11.050] [Forge Version Check/INFO] [net.minecraftforge.fml.VersionChecker/]: [toms_storage] Starting version check at https://raw.githubusercontent.com/tom5454/Toms-Storage/master/version-check.json
[26Oct2025 04:41:11.061] [Forge Version Check/INFO] [net.minecraftforge.fml.VersionChecker/]: [toms_storage] Found status: BETA Current: 1.5.11 Target: 1.5.11
[26Oct2025 04:41:11.061] [Forge Version Check/INFO] [net.minecraftforge.fml.VersionChecker/]: [majruszlibrary] Starting version check at https://raw.githubusercontent.com/Majrusz/MinecraftCommon/main/Library/update.json
[26Oct2025 04:41:11.071] [Forge Version Check/INFO] [net.minecraftforge.fml.VersionChecker/]: [majruszlibrary] Found status: AHEAD Current: 7.0.5-backport.1 Target: null
[26Oct2025 04:41:11.071] [Forge Version Check/INFO] [net.minecraftforge.fml.VersionChecker/]: [mutantmonsters] Starting version check at https://raw.githubusercontent.com/Fuzss/modresources/main/update/mutantmonsters.json
[26Oct2025 04:41:11.081] [Forge Version Check/INFO] [net.minecraftforge.fml.VersionChecker/]: [mutantmonsters] Found status: UP_TO_DATE Current: 4.0.6 Target: null
[26Oct2025 04:41:11.081] [Forge Version Check/INFO] [net.minecraftforge.fml.VersionChecker/]: [attributefix] Starting version check at https://updates.blamejared.com/get?n=attributefix&gv=1.19.2
[26Oct2025 04:41:11.183] [Forge Version Check/INFO] [net.minecraftforge.fml.VersionChecker/]: [attributefix] Found status: BETA Current: 17.2.8 Target: 17.2.8
[26Oct2025 04:41:11.183] [Forge Version Check/INFO] [net.minecraftforge.fml.VersionChecker/]: [goblintraders] Starting version check at https://mrcrayfish.com/modupdatejson?id=goblintraders
[26Oct2025 04:41:11.257] [main/INFO] [com.teampotato.redirector.Redirector/]: Redirecting org/embeddedt/modernfix/util/BakeReason
[26Oct2025 04:41:11.309] [Forge Version Check/WARN] [net.minecraftforge.fml.VersionChecker/]: Failed to process update information
com.google.gson.JsonSyntaxException: java.lang.IllegalStateException: Expected BEGIN_OBJECT but was STRING at line 1 column 1 path $
	at com.google.gson.Gson.fromJson(Gson.java:975) ~[gson-2.8.9.jar%2368!/:?]
	at com.google.gson.Gson.fromJson(Gson.java:928) ~[gson-2.8.9.jar%2368!/:?]
	at com.google.gson.Gson.fromJson(Gson.java:877) ~[gson-2.8.9.jar%2368!/:?]
	at com.google.gson.Gson.fromJson(Gson.java:848) ~[gson-2.8.9.jar%2368!/:?]
	at net.minecraftforge.fml.VersionChecker$1.process(VersionChecker.java:183) ~[fmlcore-1.19.2-43.4.2.jar%23656!/:?]
	at java.lang.Iterable.forEach(Iterable.java:75) [?:?]
	at net.minecraftforge.fml.VersionChecker$1.run(VersionChecker.java:114) [fmlcore-1.19.2-43.4.2.jar%23656!/:?]
Caused by: java.lang.IllegalStateException: Expected BEGIN_OBJECT but was STRING at line 1 column 1 path $
	at com.google.gson.stream.JsonReader.beginObject(JsonReader.java:384) ~[gson-2.8.9.jar%2368!/:?]
	at com.google.gson.internal.bind.MapTypeAdapterFactory$Adapter.read(MapTypeAdapterFactory.java:183) ~[gson-2.8.9.jar%2368!/:?]
	at com.google.gson.internal.bind.MapTypeAdapterFactory$Adapter.read(MapTypeAdapterFactory.java:145) ~[gson-2.8.9.jar%2368!/:?]
	at com.google.gson.Gson.fromJson(Gson.java:963) ~[gson-2.8.9.jar%2368!/:?]
	... 6 more
[26Oct2025 04:41:11.311] [Forge Version Check/INFO] [net.minecraftforge.fml.VersionChecker/]: [crafttweaker] Starting version check at https://updates.blamejared.com/get?n=crafttweaker&gv=1.19.2
[26Oct2025 04:41:11.411] [Forge Version Check/INFO] [net.minecraftforge.fml.VersionChecker/]: [crafttweaker] Found status: BETA Current: 10.1.56 Target: 10.1.56
[26Oct2025 04:41:11.412] [Forge Version Check/INFO] [net.minecraftforge.fml.VersionChecker/]: [forge] Starting version check at https://files.minecraftforge.net/net/minecraftforge/forge/promotions_slim.json
[26Oct2025 04:41:11.464] [main/INFO] [com.mojang.authlib.yggdrasil.YggdrasilAuthenticationService/]: Environment: authHost='https://authserver.mojang.com', accountsHost='https://api.mojang.com', sessionHost='https://sessionserver.mojang.com', servicesHost='https://api.minecraftservices.com', name='PROD'
[26Oct2025 04:41:11.522] [Forge Version Check/INFO] [net.minecraftforge.fml.VersionChecker/]: [forge] Found status: OUTDATED Current: 43.4.2 Target: 43.5.0
[26Oct2025 04:41:11.523] [Forge Version Check/INFO] [net.minecraftforge.fml.VersionChecker/]: [voicechat] Starting version check at https://update.maxhenkel.de/forge/voicechat
[26Oct2025 04:41:11.618] [Forge Version Check/INFO] [net.minecraftforge.fml.VersionChecker/]: [voicechat] Found status: OUTDATED Current: 1.19.2-2.6.3 Target: 1.19.2-2.6.6
[26Oct2025 04:41:11.619] [Forge Version Check/INFO] [net.minecraftforge.fml.VersionChecker/]: [commonality] Starting version check at https://api.modrinth.com/updates/apexcore/forge_updates.json
[26Oct2025 04:41:11.698] [Forge Version Check/INFO] [net.minecraftforge.fml.VersionChecker/]: [commonality] Found status: OUTDATED Current: 4.2.1 Target: 7.3.1
[26Oct2025 04:41:11.699] [Forge Version Check/INFO] [net.minecraftforge.fml.VersionChecker/]: [canary] Starting version check at https://github.com/AbdElAziz333/Canary/raw/mc1.19.2/dev/updates.json
[26Oct2025 04:41:11.723] [Forge Version Check/INFO] [net.minecraftforge.fml.VersionChecker/]: [canary] Found status: UP_TO_DATE Current: 0.3.3 Target: null
[26Oct2025 04:41:11.723] [Forge Version Check/INFO] [net.minecraftforge.fml.VersionChecker/]: [puzzleslib] Starting version check at https://raw.githubusercontent.com/Fuzss/modresources/main/update/puzzleslib.json
[26Oct2025 04:41:11.734] [Forge Version Check/INFO] [net.minecraftforge.fml.VersionChecker/]: [puzzleslib] Found status: UP_TO_DATE Current: 4.4.3 Target: null
[26Oct2025 04:41:11.734] [Forge Version Check/INFO] [net.minecraftforge.fml.VersionChecker/]: [blue_skies] Starting version check at http://changelogs.moddinglegacy.com/blue-skies.json
[26Oct2025 04:41:11.856] [Forge Version Check/INFO] [net.minecraftforge.fml.VersionChecker/]: [blue_skies] Found status: UP_TO_DATE Current: 1.3.20 Target: null
[26Oct2025 04:41:11.856] [Forge Version Check/INFO] [net.minecraftforge.fml.VersionChecker/]: [aether] Starting version check at https://github.com/The-Aether-Team/The-Aether/raw/1.19.2-develop/update.json
[26Oct2025 04:41:11.886] [Forge Version Check/INFO] [net.minecraftforge.fml.VersionChecker/]: [aether] Found status: OUTDATED Current: 1.19.2-1.4.2-forge Target: 1.19.2-1.5.1-forge
[26Oct2025 04:41:11.886] [Forge Version Check/INFO] [net.minecraftforge.fml.VersionChecker/]: [controlling] Starting version check at https://updates.blamejared.com/get?n=controlling&gv=1.19.2
[26Oct2025 04:41:12.001] [Forge Version Check/INFO] [net.minecraftforge.fml.VersionChecker/]: [controlling] Found status: BETA Current: 10.0+7 Target: 10.0+7
[26Oct2025 04:41:12.001] [Forge Version Check/INFO] [net.minecraftforge.fml.VersionChecker/]: [prism] Starting version check at https://mc-update-check.anthonyhilyard.com/638111
[26Oct2025 04:41:12.046] [Forge Version Check/WARN] [net.minecraftforge.fml.VersionChecker/]: Failed to process update information
javax.net.ssl.SSLHandshakeException: PKIX path validation failed: java.security.cert.CertPathValidatorException: validity check failed
	at jdk.internal.net.http.HttpClientImpl.send(HttpClientImpl.java:579) ~[java.net.http:?]
	at jdk.internal.net.http.HttpClientFacade.send(HttpClientFacade.java:123) ~[java.net.http:?]
	at net.minecraftforge.fml.VersionChecker$1.openUrlString(VersionChecker.java:139) ~[fmlcore-1.19.2-43.4.2.jar%23656!/:?]
	at net.minecraftforge.fml.VersionChecker$1.process(VersionChecker.java:177) ~[fmlcore-1.19.2-43.4.2.jar%23656!/:?]
	at java.lang.Iterable.forEach(Iterable.java:75) [?:?]
	at net.minecraftforge.fml.VersionChecker$1.run(VersionChecker.java:114) [fmlcore-1.19.2-43.4.2.jar%23656!/:?]
Caused by: javax.net.ssl.SSLHandshakeException: PKIX path validation failed: java.security.cert.CertPathValidatorException: validity check failed
	at sun.security.ssl.Alert.createSSLException(Alert.java:131) ~[?:?]
	at sun.security.ssl.TransportContext.fatal(TransportContext.java:383) ~[?:?]
	at sun.security.ssl.TransportContext.fatal(TransportContext.java:326) ~[?:?]
	at sun.security.ssl.TransportContext.fatal(TransportContext.java:321) ~[?:?]
	at sun.security.ssl.CertificateMessage$T12CertificateConsumer.checkServerCerts(CertificateMessage.java:654) ~[?:?]
	at sun.security.ssl.CertificateMessage$T12CertificateConsumer.onCertificate(CertificateMessage.java:473) ~[?:?]
	at sun.security.ssl.CertificateMessage$T12CertificateConsumer.consume(CertificateMessage.java:369) ~[?:?]
	at sun.security.ssl.SSLHandshake.consume(SSLHandshake.java:396) ~[?:?]
	at sun.security.ssl.HandshakeContext.dispatch(HandshakeContext.java:480) ~[?:?]
	at sun.security.ssl.SSLEngineImpl$DelegatedTask$DelegatedAction.run(SSLEngineImpl.java:1277) ~[?:?]
	at sun.security.ssl.SSLEngineImpl$DelegatedTask$DelegatedAction.run(SSLEngineImpl.java:1264) ~[?:?]
	at java.security.AccessController.doPrivileged(AccessController.java:712) ~[?:?]
	at sun.security.ssl.SSLEngineImpl$DelegatedTask.run(SSLEngineImpl.java:1209) ~[?:?]
	at java.util.ArrayList.forEach(ArrayList.java:1511) ~[?:?]
	at jdk.internal.net.http.common.SSLFlowDelegate.lambda$executeTasks$3(SSLFlowDelegate.java:1132) ~[java.net.http:?]
	at jdk.internal.net.http.HttpClientImpl$DelegatingExecutor.execute(HttpClientImpl.java:158) ~[java.net.http:?]
	at jdk.internal.net.http.common.SSLFlowDelegate.executeTasks(SSLFlowDelegate.java:1127) ~[java.net.http:?]
	at jdk.internal.net.http.common.SSLFlowDelegate.doHandshake(SSLFlowDelegate.java:1093) ~[java.net.http:?]
	at jdk.internal.net.http.common.SSLFlowDelegate$Reader.processData(SSLFlowDelegate.java:498) ~[java.net.http:?]
	at jdk.internal.net.http.common.SSLFlowDelegate$Reader$ReaderDownstreamPusher.run(SSLFlowDelegate.java:282) ~[java.net.http:?]
	at jdk.internal.net.http.common.SequentialScheduler$LockingRestartableTask.run(SequentialScheduler.java:205) ~[java.net.http:?]
	at jdk.internal.net.http.common.SequentialScheduler$CompleteRestartableTask.run(SequentialScheduler.java:149) ~[java.net.http:?]
	at jdk.internal.net.http.common.SequentialScheduler$TryEndDeferredCompleter.complete(SequentialScheduler.java:347) ~[java.net.http:?]
	at jdk.internal.net.http.common.SequentialScheduler$CompleteRestartableTask.run(SequentialScheduler.java:151) ~[java.net.http:?]
	at jdk.internal.net.http.common.SequentialScheduler$SchedulableTask.run(SequentialScheduler.java:230) ~[java.net.http:?]
	at java.util.concurrent.ThreadPoolExecutor.runWorker(ThreadPoolExecutor.java:1136) ~[?:?]
	at java.util.concurrent.ThreadPoolExecutor$Worker.run(ThreadPoolExecutor.java:635) ~[?:?]
	at java.lang.Thread.run(Thread.java:840) ~[?:?]
Caused by: sun.security.validator.ValidatorException: PKIX path validation failed: java.security.cert.CertPathValidatorException: validity check failed
	at sun.security.validator.PKIXValidator.doValidate(PKIXValidator.java:369) ~[?:?]
	at sun.security.validator.PKIXValidator.engineValidate(PKIXValidator.java:275) ~[?:?]
	at sun.security.validator.Validator.validate(Validator.java:264) ~[?:?]
	at sun.security.ssl.X509TrustManagerImpl.checkTrusted(X509TrustManagerImpl.java:285) ~[?:?]
	at sun.security.ssl.X509TrustManagerImpl.checkServerTrusted(X509TrustManagerImpl.java:144) ~[?:?]
	at sun.security.ssl.CertificateMessage$T12CertificateConsumer.checkServerCerts(CertificateMessage.java:632) ~[?:?]
	at sun.security.ssl.CertificateMessage$T12CertificateConsumer.onCertificate(CertificateMessage.java:473) ~[?:?]
	at sun.security.ssl.CertificateMessage$T12CertificateConsumer.consume(CertificateMessage.java:369) ~[?:?]
	at sun.security.ssl.SSLHandshake.consume(SSLHandshake.java:396) ~[?:?]
	at sun.security.ssl.HandshakeContext.dispatch(HandshakeContext.java:480) ~[?:?]
	at sun.security.ssl.SSLEngineImpl$DelegatedTask$DelegatedAction.run(SSLEngineImpl.java:1277) ~[?:?]
	at sun.security.ssl.SSLEngineImpl$DelegatedTask$DelegatedAction.run(SSLEngineImpl.java:1264) ~[?:?]
	at java.security.AccessController.doPrivileged(AccessController.java:712) ~[?:?]
	at sun.security.ssl.SSLEngineImpl$DelegatedTask.run(SSLEngineImpl.java:1209) ~[?:?]
	at java.util.ArrayList.forEach(ArrayList.java:1511) ~[?:?]
	at jdk.internal.net.http.common.SSLFlowDelegate.lambda$executeTasks$3(SSLFlowDelegate.java:1132) ~[java.net.http:?]
	at jdk.internal.net.http.HttpClientImpl$DelegatingExecutor.execute(HttpClientImpl.java:158) ~[java.net.http:?]
	at jdk.internal.net.http.common.SSLFlowDelegate.executeTasks(SSLFlowDelegate.java:1127) ~[java.net.http:?]
	at jdk.internal.net.http.common.SSLFlowDelegate.doHandshake(SSLFlowDelegate.java:1093) ~[java.net.http:?]
	at jdk.internal.net.http.common.SSLFlowDelegate$Reader.processData(SSLFlowDelegate.java:498) ~[java.net.http:?]
	at jdk.internal.net.http.common.SSLFlowDelegate$Reader$ReaderDownstreamPusher.run(SSLFlowDelegate.java:282) ~[java.net.http:?]
	at jdk.internal.net.http.common.SequentialScheduler$LockingRestartableTask.run(SequentialScheduler.java:205) ~[java.net.http:?]
	at jdk.internal.net.http.common.SequentialScheduler$CompleteRestartableTask.run(SequentialScheduler.java:149) ~[java.net.http:?]
	at jdk.internal.net.http.common.SequentialScheduler$TryEndDeferredCompleter.complete(SequentialScheduler.java:347) ~[java.net.http:?]
	at jdk.internal.net.http.common.SequentialScheduler$CompleteRestartableTask.run(SequentialScheduler.java:151) ~[java.net.http:?]
	at jdk.internal.net.http.common.SequentialScheduler$SchedulableTask.run(SequentialScheduler.java:230) ~[java.net.http:?]
	at java.util.concurrent.ThreadPoolExecutor.runWorker(ThreadPoolExecutor.java:1136) ~[?:?]
	at java.util.concurrent.ThreadPoolExecutor$Worker.run(ThreadPoolExecutor.java:635) ~[?:?]
	at java.lang.Thread.run(Thread.java:840) ~[?:?]
Caused by: java.security.cert.CertPathValidatorException: validity check failed
	at sun.security.provider.certpath.PKIXMasterCertPathValidator.validate(PKIXMasterCertPathValidator.java:135) ~[?:?]
	at sun.security.provider.certpath.PKIXCertPathValidator.validate(PKIXCertPathValidator.java:224) ~[?:?]
	at sun.security.provider.certpath.PKIXCertPathValidator.validate(PKIXCertPathValidator.java:144) ~[?:?]
	at sun.security.provider.certpath.PKIXCertPathValidator.engineValidate(PKIXCertPathValidator.java:83) ~[?:?]
	at java.security.cert.CertPathValidator.validate(CertPathValidator.java:309) ~[?:?]
	at sun.security.validator.PKIXValidator.doValidate(PKIXValidator.java:364) ~[?:?]
	at sun.security.validator.PKIXValidator.engineValidate(PKIXValidator.java:275) ~[?:?]
	at sun.security.validator.Validator.validate(Validator.java:264) ~[?:?]
	at sun.security.ssl.X509TrustManagerImpl.checkTrusted(X509TrustManagerImpl.java:285) ~[?:?]
	at sun.security.ssl.X509TrustManagerImpl.checkServerTrusted(X509TrustManagerImpl.java:144) ~[?:?]
	at sun.security.ssl.CertificateMessage$T12CertificateConsumer.checkServerCerts(CertificateMessage.java:632) ~[?:?]
	at sun.security.ssl.CertificateMessage$T12CertificateConsumer.onCertificate(CertificateMessage.java:473) ~[?:?]
	at sun.security.ssl.CertificateMessage$T12CertificateConsumer.consume(CertificateMessage.java:369) ~[?:?]
	at sun.security.ssl.SSLHandshake.consume(SSLHandshake.java:396) ~[?:?]
	at sun.security.ssl.HandshakeContext.dispatch(HandshakeContext.java:480) ~[?:?]
	at sun.security.ssl.SSLEngineImpl$DelegatedTask$DelegatedAction.run(SSLEngineImpl.java:1277) ~[?:?]
	at sun.security.ssl.SSLEngineImpl$DelegatedTask$DelegatedAction.run(SSLEngineImpl.java:1264) ~[?:?]
	at java.security.AccessController.doPrivileged(AccessController.java:712) ~[?:?]
	at sun.security.ssl.SSLEngineImpl$DelegatedTask.run(SSLEngineImpl.java:1209) ~[?:?]
	at java.util.ArrayList.forEach(ArrayList.java:1511) ~[?:?]
	at jdk.internal.net.http.common.SSLFlowDelegate.lambda$executeTasks$3(SSLFlowDelegate.java:1132) ~[java.net.http:?]
	at jdk.internal.net.http.HttpClientImpl$DelegatingExecutor.execute(HttpClientImpl.java:158) ~[java.net.http:?]
	at jdk.internal.net.http.common.SSLFlowDelegate.executeTasks(SSLFlowDelegate.java:1127) ~[java.net.http:?]
	at jdk.internal.net.http.common.SSLFlowDelegate.doHandshake(SSLFlowDelegate.java:1093) ~[java.net.http:?]
	at jdk.internal.net.http.common.SSLFlowDelegate$Reader.processData(SSLFlowDelegate.java:498) ~[java.net.http:?]
	at jdk.internal.net.http.common.SSLFlowDelegate$Reader$ReaderDownstreamPusher.run(SSLFlowDelegate.java:282) ~[java.net.http:?]
	at jdk.internal.net.http.common.SequentialScheduler$LockingRestartableTask.run(SequentialScheduler.java:205) ~[java.net.http:?]
	at jdk.internal.net.http.common.SequentialScheduler$CompleteRestartableTask.run(SequentialScheduler.java:149) ~[java.net.http:?]
	at jdk.internal.net.http.common.SequentialScheduler$TryEndDeferredCompleter.complete(SequentialScheduler.java:347) ~[java.net.http:?]
	at jdk.internal.net.http.common.SequentialScheduler$CompleteRestartableTask.run(SequentialScheduler.java:151) ~[java.net.http:?]
	at jdk.internal.net.http.common.SequentialScheduler$SchedulableTask.run(SequentialScheduler.java:230) ~[java.net.http:?]
	at java.util.concurrent.ThreadPoolExecutor.runWorker(ThreadPoolExecutor.java:1136) ~[?:?]
	at java.util.concurrent.ThreadPoolExecutor$Worker.run(ThreadPoolExecutor.java:635) ~[?:?]
	at java.lang.Thread.run(Thread.java:840) ~[?:?]
Caused by: java.security.cert.CertificateExpiredException: NotAfter: Sat Sep 06 14:33:56 UTC 2025
	at sun.security.x509.CertificateValidity.valid(CertificateValidity.java:274) ~[?:?]
	at sun.security.x509.X509CertImpl.checkValidity(X509CertImpl.java:621) ~[?:?]
	at sun.security.provider.certpath.BasicChecker.verifyValidity(BasicChecker.java:190) ~[?:?]
	at sun.security.provider.certpath.BasicChecker.check(BasicChecker.java:144) ~[?:?]
	at sun.security.provider.certpath.PKIXMasterCertPathValidator.validate(PKIXMasterCertPathValidator.java:125) ~[?:?]
	at sun.security.provider.certpath.PKIXCertPathValidator.validate(PKIXCertPathValidator.java:224) ~[?:?]
	at sun.security.provider.certpath.PKIXCertPathValidator.validate(PKIXCertPathValidator.java:144) ~[?:?]
	at sun.security.provider.certpath.PKIXCertPathValidator.engineValidate(PKIXCertPathValidator.java:83) ~[?:?]
	at java.security.cert.CertPathValidator.validate(CertPathValidator.java:309) ~[?:?]
	at sun.security.validator.PKIXValidator.doValidate(PKIXValidator.java:364) ~[?:?]
	at sun.security.validator.PKIXValidator.engineValidate(PKIXValidator.java:275) ~[?:?]
	at sun.security.validator.Validator.validate(Validator.java:264) ~[?:?]
	at sun.security.ssl.X509TrustManagerImpl.checkTrusted(X509TrustManagerImpl.java:285) ~[?:?]
	at sun.security.ssl.X509TrustManagerImpl.checkServerTrusted(X509TrustManagerImpl.java:144) ~[?:?]
	at sun.security.ssl.CertificateMessage$T12CertificateConsumer.checkServerCerts(CertificateMessage.java:632) ~[?:?]
	at sun.security.ssl.CertificateMessage$T12CertificateConsumer.onCertificate(CertificateMessage.java:473) ~[?:?]
	at sun.security.ssl.CertificateMessage$T12CertificateConsumer.consume(CertificateMessage.java:369) ~[?:?]
	at sun.security.ssl.SSLHandshake.consume(SSLHandshake.java:396) ~[?:?]
	at sun.security.ssl.HandshakeContext.dispatch(HandshakeContext.java:480) ~[?:?]
	at sun.security.ssl.SSLEngineImpl$DelegatedTask$DelegatedAction.run(SSLEngineImpl.java:1277) ~[?:?]
	at sun.security.ssl.SSLEngineImpl$DelegatedTask$DelegatedAction.run(SSLEngineImpl.java:1264) ~[?:?]
	at java.security.AccessController.doPrivileged(AccessController.java:712) ~[?:?]
	at sun.security.ssl.SSLEngineImpl$DelegatedTask.run(SSLEngineImpl.java:1209) ~[?:?]
	at java.util.ArrayList.forEach(ArrayList.java:1511) ~[?:?]
	at jdk.internal.net.http.common.SSLFlowDelegate.lambda$executeTasks$3(SSLFlowDelegate.java:1132) ~[java.net.http:?]
	at jdk.internal.net.http.HttpClientImpl$DelegatingExecutor.execute(HttpClientImpl.java:158) ~[java.net.http:?]
	at jdk.internal.net.http.common.SSLFlowDelegate.executeTasks(SSLFlowDelegate.java:1127) ~[java.net.http:?]
	at jdk.internal.net.http.common.SSLFlowDelegate.doHandshake(SSLFlowDelegate.java:1093) ~[java.net.http:?]
	at jdk.internal.net.http.common.SSLFlowDelegate$Reader.processData(SSLFlowDelegate.java:498) ~[java.net.http:?]
	at jdk.internal.net.http.common.SSLFlowDelegate$Reader$ReaderDownstreamPusher.run(SSLFlowDelegate.java:282) ~[java.net.http:?]
	at jdk.internal.net.http.common.SequentialScheduler$LockingRestartableTask.run(SequentialScheduler.java:205) ~[java.net.http:?]
	at jdk.internal.net.http.common.SequentialScheduler$CompleteRestartableTask.run(SequentialScheduler.java:149) ~[java.net.http:?]
	at jdk.internal.net.http.common.SequentialScheduler$TryEndDeferredCompleter.complete(SequentialScheduler.java:347) ~[java.net.http:?]
	at jdk.internal.net.http.common.SequentialScheduler$CompleteRestartableTask.run(SequentialScheduler.java:151) ~[java.net.http:?]
	at jdk.internal.net.http.common.SequentialScheduler$SchedulableTask.run(SequentialScheduler.java:230) ~[java.net.http:?]
	at java.util.concurrent.ThreadPoolExecutor.runWorker(ThreadPoolExecutor.java:1136) ~[?:?]
	at java.util.concurrent.ThreadPoolExecutor$Worker.run(ThreadPoolExecutor.java:635) ~[?:?]
	at java.lang.Thread.run(Thread.java:840) ~[?:?]
[26Oct2025 04:41:12.049] [Forge Version Check/INFO] [net.minecraftforge.fml.VersionChecker/]: [bookshelf] Starting version check at https://updates.blamejared.com/get?n=bookshelf&gv=1.19.2
[26Oct2025 04:41:12.151] [Forge Version Check/INFO] [net.minecraftforge.fml.VersionChecker/]: [bookshelf] Found status: BETA Current: 16.3.20 Target: 16.3.20
[26Oct2025 04:41:12.151] [Forge Version Check/INFO] [net.minecraftforge.fml.VersionChecker/]: [twilightforest] Starting version check at https://gh.tamaized.com/TeamTwilight/twilightforest/update.json
[26Oct2025 04:41:12.279] [Forge Version Check/INFO] [net.minecraftforge.fml.VersionChecker/]: [twilightforest] Found status: BETA Current: 4.2.1518 Target: null
[26Oct2025 04:41:12.279] [Forge Version Check/INFO] [net.minecraftforge.fml.VersionChecker/]: [delightful] Starting version check at https://raw.githubusercontent.com/brnbrd/Delightful/1.19/update/update.json
[26Oct2025 04:41:12.294] [Forge Version Check/INFO] [net.minecraftforge.fml.VersionChecker/]: [delightful] Found status: BETA Current: 3.4.1 Target: null
[26Oct2025 04:41:12.295] [Forge Version Check/INFO] [net.minecraftforge.fml.VersionChecker/]: [nightconfigfixes] Starting version check at https://raw.githubusercontent.com/Fuzss/modresources/main/update/nightconfigfixes.json
[26Oct2025 04:41:12.305] [Forge Version Check/INFO] [net.minecraftforge.fml.VersionChecker/]: [nightconfigfixes] Found status: UP_TO_DATE Current: 4.0.7 Target: null
[26Oct2025 04:41:12.305] [Forge Version Check/INFO] [net.minecraftforge.fml.VersionChecker/]: [smallships] Starting version check at https://raw.githubusercontent.com/talhanation/smallships/main/update.json
[26Oct2025 04:41:12.315] [Forge Version Check/INFO] [net.minecraftforge.fml.VersionChecker/]: [smallships] Found status: AHEAD Current: 2.0.0-b1.3.1 Target: null
[26Oct2025 04:41:12.315] [Forge Version Check/INFO] [net.minecraftforge.fml.VersionChecker/]: [majruszsaccessories] Starting version check at https://raw.githubusercontent.com/Majrusz/MinecraftCommon/main/Accessories/update.json
[26Oct2025 04:41:12.325] [Forge Version Check/INFO] [net.minecraftforge.fml.VersionChecker/]: [majruszsaccessories] Found status: AHEAD Current: 1.5.2-backport.2 Target: null
[26Oct2025 04:41:12.325] [Forge Version Check/INFO] [net.minecraftforge.fml.VersionChecker/]: [obscure_api] Starting version check at https://raw.githubusercontent.com/ObscuriaLithium/Home/main/obscure_api/versions.json
[26Oct2025 04:41:12.335] [Forge Version Check/WARN] [net.minecraftforge.fml.VersionChecker/]: Failed to process update information
com.google.gson.JsonSyntaxException: java.lang.IllegalStateException: Expected BEGIN_OBJECT but was NUMBER at line 1 column 4 path $
	at com.google.gson.Gson.fromJson(Gson.java:975) ~[gson-2.8.9.jar%2368!/:?]
	at com.google.gson.Gson.fromJson(Gson.java:928) ~[gson-2.8.9.jar%2368!/:?]
	at com.google.gson.Gson.fromJson(Gson.java:877) ~[gson-2.8.9.jar%2368!/:?]
	at com.google.gson.Gson.fromJson(Gson.java:848) ~[gson-2.8.9.jar%2368!/:?]
	at net.minecraftforge.fml.VersionChecker$1.process(VersionChecker.java:183) ~[fmlcore-1.19.2-43.4.2.jar%23656!/:?]
	at java.lang.Iterable.forEach(Iterable.java:75) [?:?]
	at net.minecraftforge.fml.VersionChecker$1.run(VersionChecker.java:114) [fmlcore-1.19.2-43.4.2.jar%23656!/:?]
Caused by: java.lang.IllegalStateException: Expected BEGIN_OBJECT but was NUMBER at line 1 column 4 path $
	at com.google.gson.stream.JsonReader.beginObject(JsonReader.java:384) ~[gson-2.8.9.jar%2368!/:?]
	at com.google.gson.internal.bind.MapTypeAdapterFactory$Adapter.read(MapTypeAdapterFactory.java:183) ~[gson-2.8.9.jar%2368!/:?]
	at com.google.gson.internal.bind.MapTypeAdapterFactory$Adapter.read(MapTypeAdapterFactory.java:145) ~[gson-2.8.9.jar%2368!/:?]
	at com.google.gson.Gson.fromJson(Gson.java:963) ~[gson-2.8.9.jar%2368!/:?]
	... 6 more
[26Oct2025 04:41:12.337] [Forge Version Check/INFO] [net.minecraftforge.fml.VersionChecker/]: [aquamirae] Starting version check at https://raw.githubusercontent.com/ObscuriaLithium/Home/main/aquamirae/versions.json
[26Oct2025 04:41:12.347] [Forge Version Check/WARN] [net.minecraftforge.fml.VersionChecker/]: Failed to process update information
com.google.gson.JsonSyntaxException: java.lang.IllegalStateException: Expected BEGIN_OBJECT but was NUMBER at line 1 column 4 path $
	at com.google.gson.Gson.fromJson(Gson.java:975) ~[gson-2.8.9.jar%2368!/:?]
	at com.google.gson.Gson.fromJson(Gson.java:928) ~[gson-2.8.9.jar%2368!/:?]
	at com.google.gson.Gson.fromJson(Gson.java:877) ~[gson-2.8.9.jar%2368!/:?]
	at com.google.gson.Gson.fromJson(Gson.java:848) ~[gson-2.8.9.jar%2368!/:?]
	at net.minecraftforge.fml.VersionChecker$1.process(VersionChecker.java:183) ~[fmlcore-1.19.2-43.4.2.jar%23656!/:?]
	at java.lang.Iterable.forEach(Iterable.java:75) [?:?]
	at net.minecraftforge.fml.VersionChecker$1.run(VersionChecker.java:114) [fmlcore-1.19.2-43.4.2.jar%23656!/:?]
Caused by: java.lang.IllegalStateException: Expected BEGIN_OBJECT but was NUMBER at line 1 column 4 path $
	at com.google.gson.stream.JsonReader.beginObject(JsonReader.java:384) ~[gson-2.8.9.jar%2368!/:?]
	at com.google.gson.internal.bind.MapTypeAdapterFactory$Adapter.read(MapTypeAdapterFactory.java:183) ~[gson-2.8.9.jar%2368!/:?]
	at com.google.gson.internal.bind.MapTypeAdapterFactory$Adapter.read(MapTypeAdapterFactory.java:145) ~[gson-2.8.9.jar%2368!/:?]
	at com.google.gson.Gson.fromJson(Gson.java:963) ~[gson-2.8.9.jar%2368!/:?]
	... 6 more
[26Oct2025 04:41:12.348] [Forge Version Check/INFO] [net.minecraftforge.fml.VersionChecker/]: [clumps] Starting version check at https://updates.blamejared.com/get?n=clumps&gv=1.19.2
[26Oct2025 04:41:12.384] [main/INFO] [com.teampotato.redirector.Redirector/]: Redirecting net/minecraft/nbt/StreamTagVisitor$ValueResult
[26Oct2025 04:41:12.385] [main/INFO] [com.teampotato.redirector.Redirector/]: Redirecting net/minecraft/nbt/StreamTagVisitor$EntryResult
[26Oct2025 04:41:12.449] [Forge Version Check/INFO] [net.minecraftforge.fml.VersionChecker/]: [clumps] Found status: BETA Current: 9.0.0+14 Target: 9.0.0+14
[26Oct2025 04:41:12.449] [Forge Version Check/INFO] [net.minecraftforge.fml.VersionChecker/]: [badmobs] Starting version check at https://updates.blamejared.com/get?n=badmobs&gv=1.19.2
[26Oct2025 04:41:12.476] [main/INFO] [com.teampotato.redirector.Redirector/]: Redirecting net/minecraft/util/datafix/DataFixTypes
[26Oct2025 04:41:12.501] [main/WARN] [net.minecraft.server.packs.VanillaPackResources/]: Assets URL 'union:/workspaces/server3/servidor_minecraft/libraries/net/minecraft/server/1.19.2-20220805.130853/server-1.19.2-20220805.130853-srg.jar%23655!/assets/.mcassetsroot' uses unexpected schema
[26Oct2025 04:41:12.501] [main/WARN] [net.minecraft.server.packs.VanillaPackResources/]: Assets URL 'union:/workspaces/server3/servidor_minecraft/libraries/net/minecraft/server/1.19.2-20220805.130853/server-1.19.2-20220805.130853-srg.jar%23655!/data/.mcassetsroot' uses unexpected schema
[26Oct2025 04:41:12.551] [Forge Version Check/INFO] [net.minecraftforge.fml.VersionChecker/]: [badmobs] Found status: BETA Current: 16.1.3 Target: 16.1.3
[26Oct2025 04:41:12.551] [Forge Version Check/INFO] [net.minecraftforge.fml.VersionChecker/]: [dungeons_andtaverns_mr] Starting version check at https://api.modrinth.comauth/init?url=https://modrinth.com/datapack/dungeons-and-taverns/version/2.0.2/updates/tpehi7ww/forge_updates.json
[26Oct2025 04:41:12.559] [main/INFO] [com.teampotato.redirector.Redirector/]: Redirecting de/cristelknight999/t_and_t/utils/RepositorySourceMaker$FilePackType
[26Oct2025 04:41:12.581] [Forge Version Check/WARN] [net.minecraftforge.fml.VersionChecker/]: Failed to process update information
java.net.ConnectException: null
	at jdk.internal.net.http.HttpClientImpl.send(HttpClientImpl.java:574) ~[java.net.http:?]
	at jdk.internal.net.http.HttpClientFacade.send(HttpClientFacade.java:123) ~[java.net.http:?]
	at net.minecraftforge.fml.VersionChecker$1.openUrlString(VersionChecker.java:139) ~[fmlcore-1.19.2-43.4.2.jar%23656!/:?]
	at net.minecraftforge.fml.VersionChecker$1.process(VersionChecker.java:177) ~[fmlcore-1.19.2-43.4.2.jar%23656!/:?]
	at java.lang.Iterable.forEach(Iterable.java:75) [?:?]
	at net.minecraftforge.fml.VersionChecker$1.run(VersionChecker.java:114) [fmlcore-1.19.2-43.4.2.jar%23656!/:?]
Caused by: java.net.ConnectException
	at jdk.internal.net.http.common.Utils.toConnectException(Utils.java:1107) ~[java.net.http:?]
	at jdk.internal.net.http.PlainHttpConnection.connectAsync(PlainHttpConnection.java:198) ~[java.net.http:?]
	at jdk.internal.net.http.AsyncSSLConnection.connectAsync(AsyncSSLConnection.java:56) ~[java.net.http:?]
	at jdk.internal.net.http.Http2Connection.createAsync(Http2Connection.java:443) ~[java.net.http:?]
	at jdk.internal.net.http.Http2ClientImpl.getConnectionFor(Http2ClientImpl.java:130) ~[java.net.http:?]
	at jdk.internal.net.http.ExchangeImpl.get(ExchangeImpl.java:93) ~[java.net.http:?]
	at jdk.internal.net.http.Exchange.establishExchange(Exchange.java:375) ~[java.net.http:?]
	at jdk.internal.net.http.Exchange.responseAsyncImpl0(Exchange.java:568) ~[java.net.http:?]
	at jdk.internal.net.http.Exchange.responseAsyncImpl(Exchange.java:412) ~[java.net.http:?]
	at jdk.internal.net.http.Exchange.responseAsync(Exchange.java:404) ~[java.net.http:?]
	at jdk.internal.net.http.MultiExchange.responseAsyncImpl(MultiExchange.java:408) ~[java.net.http:?]
	at jdk.internal.net.http.MultiExchange.lambda$responseAsyncImpl$7(MultiExchange.java:449) ~[java.net.http:?]
	at java.util.concurrent.CompletableFuture.uniHandle(CompletableFuture.java:934) ~[?:?]
	at java.util.concurrent.CompletableFuture.uniHandleStage(CompletableFuture.java:950) ~[?:?]
	at java.util.concurrent.CompletableFuture.handle(CompletableFuture.java:2340) ~[?:?]
	at jdk.internal.net.http.MultiExchange.responseAsyncImpl(MultiExchange.java:439) ~[java.net.http:?]
	at jdk.internal.net.http.MultiExchange.lambda$responseAsync0$2(MultiExchange.java:341) ~[java.net.http:?]
	at java.util.concurrent.CompletableFuture$UniCompose.tryFire(CompletableFuture.java:1150) ~[?:?]
	at java.util.concurrent.CompletableFuture.postComplete(CompletableFuture.java:510) ~[?:?]
	at java.util.concurrent.CompletableFuture$AsyncSupply.run(CompletableFuture.java:1773) ~[?:?]
	at jdk.internal.net.http.HttpClientImpl$DelegatingExecutor.execute(HttpClientImpl.java:158) ~[java.net.http:?]
	at java.util.concurrent.CompletableFuture.completeAsync(CompletableFuture.java:2673) ~[?:?]
	at jdk.internal.net.http.MultiExchange.responseAsync(MultiExchange.java:294) ~[java.net.http:?]
	at jdk.internal.net.http.HttpClientImpl.sendAsync(HttpClientImpl.java:659) ~[java.net.http:?]
	at jdk.internal.net.http.HttpClientImpl.send(HttpClientImpl.java:553) ~[java.net.http:?]
	... 5 more
Caused by: java.nio.channels.UnresolvedAddressException
	at sun.nio.ch.Net.checkAddress(Net.java:149) ~[?:?]
	at sun.nio.ch.Net.checkAddress(Net.java:157) ~[?:?]
	at sun.nio.ch.SocketChannelImpl.checkRemote(SocketChannelImpl.java:816) ~[?:?]
	at sun.nio.ch.SocketChannelImpl.connect(SocketChannelImpl.java:839) ~[?:?]
	at jdk.internal.net.http.PlainHttpConnection.lambda$connectAsync$0(PlainHttpConnection.java:183) ~[java.net.http:?]
	at java.security.AccessController.doPrivileged(AccessController.java:569) ~[?:?]
	at jdk.internal.net.http.PlainHttpConnection.connectAsync(PlainHttpConnection.java:185) ~[java.net.http:?]
	at jdk.internal.net.http.AsyncSSLConnection.connectAsync(AsyncSSLConnection.java:56) ~[java.net.http:?]
	at jdk.internal.net.http.Http2Connection.createAsync(Http2Connection.java:443) ~[java.net.http:?]
	at jdk.internal.net.http.Http2ClientImpl.getConnectionFor(Http2ClientImpl.java:130) ~[java.net.http:?]
	at jdk.internal.net.http.ExchangeImpl.get(ExchangeImpl.java:93) ~[java.net.http:?]
	at jdk.internal.net.http.Exchange.establishExchange(Exchange.java:375) ~[java.net.http:?]
	at jdk.internal.net.http.Exchange.responseAsyncImpl0(Exchange.java:568) ~[java.net.http:?]
	at jdk.internal.net.http.Exchange.responseAsyncImpl(Exchange.java:412) ~[java.net.http:?]
	at jdk.internal.net.http.Exchange.responseAsync(Exchange.java:404) ~[java.net.http:?]
	at jdk.internal.net.http.MultiExchange.responseAsyncImpl(MultiExchange.java:408) ~[java.net.http:?]
	at jdk.internal.net.http.MultiExchange.lambda$responseAsyncImpl$7(MultiExchange.java:449) ~[java.net.http:?]
	at java.util.concurrent.CompletableFuture.uniHandle(CompletableFuture.java:934) ~[?:?]
	at java.util.concurrent.CompletableFuture.uniHandleStage(CompletableFuture.java:950) ~[?:?]
	at java.util.concurrent.CompletableFuture.handle(CompletableFuture.java:2340) ~[?:?]
	at jdk.internal.net.http.MultiExchange.responseAsyncImpl(MultiExchange.java:439) ~[java.net.http:?]
	at jdk.internal.net.http.MultiExchange.lambda$responseAsync0$2(MultiExchange.java:341) ~[java.net.http:?]
	at java.util.concurrent.CompletableFuture$UniCompose.tryFire(CompletableFuture.java:1150) ~[?:?]
	at java.util.concurrent.CompletableFuture.postComplete(CompletableFuture.java:510) ~[?:?]
	at java.util.concurrent.CompletableFuture$AsyncSupply.run(CompletableFuture.java:1773) ~[?:?]
	at jdk.internal.net.http.HttpClientImpl$DelegatingExecutor.execute(HttpClientImpl.java:158) ~[java.net.http:?]
	at java.util.concurrent.CompletableFuture.completeAsync(CompletableFuture.java:2673) ~[?:?]
	at jdk.internal.net.http.MultiExchange.responseAsync(MultiExchange.java:294) ~[java.net.http:?]
	at jdk.internal.net.http.HttpClientImpl.sendAsync(HttpClientImpl.java:659) ~[java.net.http:?]
	at jdk.internal.net.http.HttpClientImpl.send(HttpClientImpl.java:553) ~[java.net.http:?]
	... 5 more
[26Oct2025 04:41:12.583] [Forge Version Check/INFO] [net.minecraftforge.fml.VersionChecker/]: [enchdesc] Starting version check at https://updates.blamejared.com/get?n=enchdesc&gv=1.19.2
[26Oct2025 04:41:12.686] [Forge Version Check/INFO] [net.minecraftforge.fml.VersionChecker/]: [enchdesc] Found status: BETA_OUTDATED Current: 13.0.14 Target: 13.0.20
[26Oct2025 04:41:12.686] [Forge Version Check/INFO] [net.minecraftforge.fml.VersionChecker/]: [moonlight] Starting version check at https://raw.githubusercontent.com/MehVahdJukaar/Moonlight/multi-loader/forge/update.json
[26Oct2025 04:41:12.699] [Forge Version Check/INFO] [net.minecraftforge.fml.VersionChecker/]: [moonlight] Found status: UP_TO_DATE Current: 1.19.2-2.3.7 Target: null
[26Oct2025 04:41:12.699] [Forge Version Check/INFO] [net.minecraftforge.fml.VersionChecker/]: [eccentrictome] Starting version check at https://api.modrinth.com/updates/eccentric-tome/forge_updates.json
[26Oct2025 04:41:12.719] [main/INFO] [com.teampotato.redirector.Redirector/]: Redirecting net/minecraft/server/packs/repository/PackCompatibility
[26Oct2025 04:41:12.722] [main/INFO] [com.teampotato.redirector.Redirector/]: Redirecting net/minecraft/Util$OS
[26Oct2025 04:41:12.798] [Forge Version Check/INFO] [net.minecraftforge.fml.VersionChecker/]: [eccentrictome] Found status: UP_TO_DATE Current: 1.19.2-1.10.2 Target: null
[26Oct2025 04:41:12.798] [Forge Version Check/INFO] [net.minecraftforge.fml.VersionChecker/]: [smoothboot] Starting version check at https://github.com/AbdElAziz333/SmoothBoot-Reloaded/raw/mc1.20.1/dev/updates.json
[26Oct2025 04:41:12.911] [main/INFO] [com.teampotato.redirector.Redirector/]: Redirecting net/mehvahdjukaar/moonlight/api/resources/ResType
[26Oct2025 04:41:12.923] [main/WARN] [mixin/]: Static binding violation: PRIVATE @Overwrite method m_215924_ in modernfix-forge.mixins.json:perf.tag_id_caching.TagEntryMixin cannot reduce visibiliy of PUBLIC target method, visibility will be upgraded.
[26Oct2025 04:41:12.927] [Forge Version Check/INFO] [net.minecraftforge.fml.VersionChecker/]: [smoothboot] Found status: UP_TO_DATE Current: 0.0.4 Target: null
[26Oct2025 04:41:12.927] [Forge Version Check/INFO] [net.minecraftforge.fml.VersionChecker/]: [easy_villagers] Starting version check at https://update.maxhenkel.de/forge/easy_villagers
[26Oct2025 04:41:13.024] [Forge Version Check/INFO] [net.minecraftforge.fml.VersionChecker/]: [easy_villagers] Found status: AHEAD Current: 1.19.2-1.1.23 Target: null
[26Oct2025 04:41:13.025] [Forge Version Check/INFO] [net.minecraftforge.fml.VersionChecker/]: [iceberg] Starting version check at https://mc-update-check.anthonyhilyard.com/520110
[26Oct2025 04:41:13.074] [Forge Version Check/WARN] [net.minecraftforge.fml.VersionChecker/]: Failed to process update information
javax.net.ssl.SSLHandshakeException: PKIX path validation failed: java.security.cert.CertPathValidatorException: validity check failed
	at jdk.internal.net.http.HttpClientImpl.send(HttpClientImpl.java:579) ~[java.net.http:?]
	at jdk.internal.net.http.HttpClientFacade.send(HttpClientFacade.java:123) ~[java.net.http:?]
	at net.minecraftforge.fml.VersionChecker$1.openUrlString(VersionChecker.java:139) ~[fmlcore-1.19.2-43.4.2.jar%23656!/:?]
	at net.minecraftforge.fml.VersionChecker$1.process(VersionChecker.java:177) ~[fmlcore-1.19.2-43.4.2.jar%23656!/:?]
	at java.lang.Iterable.forEach(Iterable.java:75) [?:?]
	at net.minecraftforge.fml.VersionChecker$1.run(VersionChecker.java:114) [fmlcore-1.19.2-43.4.2.jar%23656!/:?]
Caused by: javax.net.ssl.SSLHandshakeException: PKIX path validation failed: java.security.cert.CertPathValidatorException: validity check failed
	at sun.security.ssl.Alert.createSSLException(Alert.java:131) ~[?:?]
	at sun.security.ssl.TransportContext.fatal(TransportContext.java:383) ~[?:?]
	at sun.security.ssl.TransportContext.fatal(TransportContext.java:326) ~[?:?]
	at sun.security.ssl.TransportContext.fatal(TransportContext.java:321) ~[?:?]
	at sun.security.ssl.CertificateMessage$T12CertificateConsumer.checkServerCerts(CertificateMessage.java:654) ~[?:?]
	at sun.security.ssl.CertificateMessage$T12CertificateConsumer.onCertificate(CertificateMessage.java:473) ~[?:?]
	at sun.security.ssl.CertificateMessage$T12CertificateConsumer.consume(CertificateMessage.java:369) ~[?:?]
	at sun.security.ssl.SSLHandshake.consume(SSLHandshake.java:396) ~[?:?]
	at sun.security.ssl.HandshakeContext.dispatch(HandshakeContext.java:480) ~[?:?]
	at sun.security.ssl.SSLEngineImpl$DelegatedTask$DelegatedAction.run(SSLEngineImpl.java:1277) ~[?:?]
	at sun.security.ssl.SSLEngineImpl$DelegatedTask$DelegatedAction.run(SSLEngineImpl.java:1264) ~[?:?]
	at java.security.AccessController.doPrivileged(AccessController.java:712) ~[?:?]
	at sun.security.ssl.SSLEngineImpl$DelegatedTask.run(SSLEngineImpl.java:1209) ~[?:?]
	at java.util.ArrayList.forEach(ArrayList.java:1511) ~[?:?]
	at jdk.internal.net.http.common.SSLFlowDelegate.lambda$executeTasks$3(SSLFlowDelegate.java:1132) ~[java.net.http:?]
	at jdk.internal.net.http.HttpClientImpl$DelegatingExecutor.execute(HttpClientImpl.java:158) ~[java.net.http:?]
	at jdk.internal.net.http.common.SSLFlowDelegate.executeTasks(SSLFlowDelegate.java:1127) ~[java.net.http:?]
	at jdk.internal.net.http.common.SSLFlowDelegate.doHandshake(SSLFlowDelegate.java:1093) ~[java.net.http:?]
	at jdk.internal.net.http.common.SSLFlowDelegate$Reader.processData(SSLFlowDelegate.java:498) ~[java.net.http:?]
	at jdk.internal.net.http.common.SSLFlowDelegate$Reader$ReaderDownstreamPusher.run(SSLFlowDelegate.java:282) ~[java.net.http:?]
	at jdk.internal.net.http.common.SequentialScheduler$LockingRestartableTask.run(SequentialScheduler.java:205) ~[java.net.http:?]
	at jdk.internal.net.http.common.SequentialScheduler$CompleteRestartableTask.run(SequentialScheduler.java:149) ~[java.net.http:?]
	at jdk.internal.net.http.common.SequentialScheduler$TryEndDeferredCompleter.complete(SequentialScheduler.java:347) ~[java.net.http:?]
	at jdk.internal.net.http.common.SequentialScheduler$CompleteRestartableTask.run(SequentialScheduler.java:151) ~[java.net.http:?]
	at jdk.internal.net.http.common.SequentialScheduler$SchedulableTask.run(SequentialScheduler.java:230) ~[java.net.http:?]
	at java.util.concurrent.ThreadPoolExecutor.runWorker(ThreadPoolExecutor.java:1136) ~[?:?]
	at java.util.concurrent.ThreadPoolExecutor$Worker.run(ThreadPoolExecutor.java:635) ~[?:?]
	at java.lang.Thread.run(Thread.java:840) ~[?:?]
Caused by: sun.security.validator.ValidatorException: PKIX path validation failed: java.security.cert.CertPathValidatorException: validity check failed
	at sun.security.validator.PKIXValidator.doValidate(PKIXValidator.java:369) ~[?:?]
	at sun.security.validator.PKIXValidator.engineValidate(PKIXValidator.java:275) ~[?:?]
	at sun.security.validator.Validator.validate(Validator.java:264) ~[?:?]
	at sun.security.ssl.X509TrustManagerImpl.checkTrusted(X509TrustManagerImpl.java:285) ~[?:?]
	at sun.security.ssl.X509TrustManagerImpl.checkServerTrusted(X509TrustManagerImpl.java:144) ~[?:?]
	at sun.security.ssl.CertificateMessage$T12CertificateConsumer.checkServerCerts(CertificateMessage.java:632) ~[?:?]
	at sun.security.ssl.CertificateMessage$T12CertificateConsumer.onCertificate(CertificateMessage.java:473) ~[?:?]
	at sun.security.ssl.CertificateMessage$T12CertificateConsumer.consume(CertificateMessage.java:369) ~[?:?]
	at sun.security.ssl.SSLHandshake.consume(SSLHandshake.java:396) ~[?:?]
	at sun.security.ssl.HandshakeContext.dispatch(HandshakeContext.java:480) ~[?:?]
	at sun.security.ssl.SSLEngineImpl$DelegatedTask$DelegatedAction.run(SSLEngineImpl.java:1277) ~[?:?]
	at sun.security.ssl.SSLEngineImpl$DelegatedTask$DelegatedAction.run(SSLEngineImpl.java:1264) ~[?:?]
	at java.security.AccessController.doPrivileged(AccessController.java:712) ~[?:?]
	at sun.security.ssl.SSLEngineImpl$DelegatedTask.run(SSLEngineImpl.java:1209) ~[?:?]
	at java.util.ArrayList.forEach(ArrayList.java:1511) ~[?:?]
	at jdk.internal.net.http.common.SSLFlowDelegate.lambda$executeTasks$3(SSLFlowDelegate.java:1132) ~[java.net.http:?]
	at jdk.internal.net.http.HttpClientImpl$DelegatingExecutor.execute(HttpClientImpl.java:158) ~[java.net.http:?]
	at jdk.internal.net.http.common.SSLFlowDelegate.executeTasks(SSLFlowDelegate.java:1127) ~[java.net.http:?]
	at jdk.internal.net.http.common.SSLFlowDelegate.doHandshake(SSLFlowDelegate.java:1093) ~[java.net.http:?]
	at jdk.internal.net.http.common.SSLFlowDelegate$Reader.processData(SSLFlowDelegate.java:498) ~[java.net.http:?]
	at jdk.internal.net.http.common.SSLFlowDelegate$Reader$ReaderDownstreamPusher.run(SSLFlowDelegate.java:282) ~[java.net.http:?]
	at jdk.internal.net.http.common.SequentialScheduler$LockingRestartableTask.run(SequentialScheduler.java:205) ~[java.net.http:?]
	at jdk.internal.net.http.common.SequentialScheduler$CompleteRestartableTask.run(SequentialScheduler.java:149) ~[java.net.http:?]
	at jdk.internal.net.http.common.SequentialScheduler$TryEndDeferredCompleter.complete(SequentialScheduler.java:347) ~[java.net.http:?]
	at jdk.internal.net.http.common.SequentialScheduler$CompleteRestartableTask.run(SequentialScheduler.java:151) ~[java.net.http:?]
	at jdk.internal.net.http.common.SequentialScheduler$SchedulableTask.run(SequentialScheduler.java:230) ~[java.net.http:?]
	at java.util.concurrent.ThreadPoolExecutor.runWorker(ThreadPoolExecutor.java:1136) ~[?:?]
	at java.util.concurrent.ThreadPoolExecutor$Worker.run(ThreadPoolExecutor.java:635) ~[?:?]
	at java.lang.Thread.run(Thread.java:840) ~[?:?]
Caused by: java.security.cert.CertPathValidatorException: validity check failed
	at sun.security.provider.certpath.PKIXMasterCertPathValidator.validate(PKIXMasterCertPathValidator.java:135) ~[?:?]
	at sun.security.provider.certpath.PKIXCertPathValidator.validate(PKIXCertPathValidator.java:224) ~[?:?]
	at sun.security.provider.certpath.PKIXCertPathValidator.validate(PKIXCertPathValidator.java:144) ~[?:?]
	at sun.security.provider.certpath.PKIXCertPathValidator.engineValidate(PKIXCertPathValidator.java:83) ~[?:?]
	at java.security.cert.CertPathValidator.validate(CertPathValidator.java:309) ~[?:?]
	at sun.security.validator.PKIXValidator.doValidate(PKIXValidator.java:364) ~[?:?]
	at sun.security.validator.PKIXValidator.engineValidate(PKIXValidator.java:275) ~[?:?]
	at sun.security.validator.Validator.validate(Validator.java:264) ~[?:?]
	at sun.security.ssl.X509TrustManagerImpl.checkTrusted(X509TrustManagerImpl.java:285) ~[?:?]
	at sun.security.ssl.X509TrustManagerImpl.checkServerTrusted(X509TrustManagerImpl.java:144) ~[?:?]
	at sun.security.ssl.CertificateMessage$T12CertificateConsumer.checkServerCerts(CertificateMessage.java:632) ~[?:?]
	at sun.security.ssl.CertificateMessage$T12CertificateConsumer.onCertificate(CertificateMessage.java:473) ~[?:?]
	at sun.security.ssl.CertificateMessage$T12CertificateConsumer.consume(CertificateMessage.java:369) ~[?:?]
	at sun.security.ssl.SSLHandshake.consume(SSLHandshake.java:396) ~[?:?]
	at sun.security.ssl.HandshakeContext.dispatch(HandshakeContext.java:480) ~[?:?]
	at sun.security.ssl.SSLEngineImpl$DelegatedTask$DelegatedAction.run(SSLEngineImpl.java:1277) ~[?:?]
	at sun.security.ssl.SSLEngineImpl$DelegatedTask$DelegatedAction.run(SSLEngineImpl.java:1264) ~[?:?]
	at java.security.AccessController.doPrivileged(AccessController.java:712) ~[?:?]
	at sun.security.ssl.SSLEngineImpl$DelegatedTask.run(SSLEngineImpl.java:1209) ~[?:?]
	at java.util.ArrayList.forEach(ArrayList.java:1511) ~[?:?]
	at jdk.internal.net.http.common.SSLFlowDelegate.lambda$executeTasks$3(SSLFlowDelegate.java:1132) ~[java.net.http:?]
	at jdk.internal.net.http.HttpClientImpl$DelegatingExecutor.execute(HttpClientImpl.java:158) ~[java.net.http:?]
	at jdk.internal.net.http.common.SSLFlowDelegate.executeTasks(SSLFlowDelegate.java:1127) ~[java.net.http:?]
	at jdk.internal.net.http.common.SSLFlowDelegate.doHandshake(SSLFlowDelegate.java:1093) ~[java.net.http:?]
	at jdk.internal.net.http.common.SSLFlowDelegate$Reader.processData(SSLFlowDelegate.java:498) ~[java.net.http:?]
	at jdk.internal.net.http.common.SSLFlowDelegate$Reader$ReaderDownstreamPusher.run(SSLFlowDelegate.java:282) ~[java.net.http:?]
	at jdk.internal.net.http.common.SequentialScheduler$LockingRestartableTask.run(SequentialScheduler.java:205) ~[java.net.http:?]
	at jdk.internal.net.http.common.SequentialScheduler$CompleteRestartableTask.run(SequentialScheduler.java:149) ~[java.net.http:?]
	at jdk.internal.net.http.common.SequentialScheduler$TryEndDeferredCompleter.complete(SequentialScheduler.java:347) ~[java.net.http:?]
	at jdk.internal.net.http.common.SequentialScheduler$CompleteRestartableTask.run(SequentialScheduler.java:151) ~[java.net.http:?]
	at jdk.internal.net.http.common.SequentialScheduler$SchedulableTask.run(SequentialScheduler.java:230) ~[java.net.http:?]
	at java.util.concurrent.ThreadPoolExecutor.runWorker(ThreadPoolExecutor.java:1136) ~[?:?]
	at java.util.concurrent.ThreadPoolExecutor$Worker.run(ThreadPoolExecutor.java:635) ~[?:?]
	at java.lang.Thread.run(Thread.java:840) ~[?:?]
Caused by: java.security.cert.CertificateExpiredException: NotAfter: Sat Sep 06 14:33:56 UTC 2025
	at sun.security.x509.CertificateValidity.valid(CertificateValidity.java:274) ~[?:?]
	at sun.security.x509.X509CertImpl.checkValidity(X509CertImpl.java:621) ~[?:?]
	at sun.security.provider.certpath.BasicChecker.verifyValidity(BasicChecker.java:190) ~[?:?]
	at sun.security.provider.certpath.BasicChecker.check(BasicChecker.java:144) ~[?:?]
	at sun.security.provider.certpath.PKIXMasterCertPathValidator.validate(PKIXMasterCertPathValidator.java:125) ~[?:?]
	at sun.security.provider.certpath.PKIXCertPathValidator.validate(PKIXCertPathValidator.java:224) ~[?:?]
	at sun.security.provider.certpath.PKIXCertPathValidator.validate(PKIXCertPathValidator.java:144) ~[?:?]
	at sun.security.provider.certpath.PKIXCertPathValidator.engineValidate(PKIXCertPathValidator.java:83) ~[?:?]
	at java.security.cert.CertPathValidator.validate(CertPathValidator.java:309) ~[?:?]
	at sun.security.validator.PKIXValidator.doValidate(PKIXValidator.java:364) ~[?:?]
	at sun.security.validator.PKIXValidator.engineValidate(PKIXValidator.java:275) ~[?:?]
	at sun.security.validator.Validator.validate(Validator.java:264) ~[?:?]
	at sun.security.ssl.X509TrustManagerImpl.checkTrusted(X509TrustManagerImpl.java:285) ~[?:?]
	at sun.security.ssl.X509TrustManagerImpl.checkServerTrusted(X509TrustManagerImpl.java:144) ~[?:?]
	at sun.security.ssl.CertificateMessage$T12CertificateConsumer.checkServerCerts(CertificateMessage.java:632) ~[?:?]
	at sun.security.ssl.CertificateMessage$T12CertificateConsumer.onCertificate(CertificateMessage.java:473) ~[?:?]
	at sun.security.ssl.CertificateMessage$T12CertificateConsumer.consume(CertificateMessage.java:369) ~[?:?]
	at sun.security.ssl.SSLHandshake.consume(SSLHandshake.java:396) ~[?:?]
	at sun.security.ssl.HandshakeContext.dispatch(HandshakeContext.java:480) ~[?:?]
	at sun.security.ssl.SSLEngineImpl$DelegatedTask$DelegatedAction.run(SSLEngineImpl.java:1277) ~[?:?]
	at sun.security.ssl.SSLEngineImpl$DelegatedTask$DelegatedAction.run(SSLEngineImpl.java:1264) ~[?:?]
	at java.security.AccessController.doPrivileged(AccessController.java:712) ~[?:?]
	at sun.security.ssl.SSLEngineImpl$DelegatedTask.run(SSLEngineImpl.java:1209) ~[?:?]
	at java.util.ArrayList.forEach(ArrayList.java:1511) ~[?:?]
	at jdk.internal.net.http.common.SSLFlowDelegate.lambda$executeTasks$3(SSLFlowDelegate.java:1132) ~[java.net.http:?]
	at jdk.internal.net.http.HttpClientImpl$DelegatingExecutor.execute(HttpClientImpl.java:158) ~[java.net.http:?]
	at jdk.internal.net.http.common.SSLFlowDelegate.executeTasks(SSLFlowDelegate.java:1127) ~[java.net.http:?]
	at jdk.internal.net.http.common.SSLFlowDelegate.doHandshake(SSLFlowDelegate.java:1093) ~[java.net.http:?]
	at jdk.internal.net.http.common.SSLFlowDelegate$Reader.processData(SSLFlowDelegate.java:498) ~[java.net.http:?]
	at jdk.internal.net.http.common.SSLFlowDelegate$Reader$ReaderDownstreamPusher.run(SSLFlowDelegate.java:282) ~[java.net.http:?]
	at jdk.internal.net.http.common.SequentialScheduler$LockingRestartableTask.run(SequentialScheduler.java:205) ~[java.net.http:?]
	at jdk.internal.net.http.common.SequentialScheduler$CompleteRestartableTask.run(SequentialScheduler.java:149) ~[java.net.http:?]
	at jdk.internal.net.http.common.SequentialScheduler$TryEndDeferredCompleter.complete(SequentialScheduler.java:347) ~[java.net.http:?]
	at jdk.internal.net.http.common.SequentialScheduler$CompleteRestartableTask.run(SequentialScheduler.java:151) ~[java.net.http:?]
	at jdk.internal.net.http.common.SequentialScheduler$SchedulableTask.run(SequentialScheduler.java:230) ~[java.net.http:?]
	at java.util.concurrent.ThreadPoolExecutor.runWorker(ThreadPoolExecutor.java:1136) ~[?:?]
	at java.util.concurrent.ThreadPoolExecutor$Worker.run(ThreadPoolExecutor.java:635) ~[?:?]
	at java.lang.Thread.run(Thread.java:840) ~[?:?]
[26Oct2025 04:41:13.076] [Forge Version Check/INFO] [net.minecraftforge.fml.VersionChecker/]: [supplementaries] Starting version check at https://raw.githubusercontent.com/MehVahdJukaar/Supplementaries/master/forge/update.json
[26Oct2025 04:41:13.080] [main/INFO] [supplementaries/]: Generated runtime SERVER_DATA for pack Supplementaries Generated Pack in: 181 ms
[26Oct2025 04:41:13.088] [Forge Version Check/INFO] [net.minecraftforge.fml.VersionChecker/]: [supplementaries] Found status: BETA Current: 1.19.2-2.4.20 Target: null
[26Oct2025 04:41:13.088] [Forge Version Check/INFO] [net.minecraftforge.fml.VersionChecker/]: [apexcore] Starting version check at https://api.modrinth.com/updates/apexcore/forge_updates.json
[26Oct2025 04:41:13.153] [main/INFO] [supplementaries/]: Generated runtime SERVER_DATA for pack Supplementaries Generated Pack in: 16 ms
[26Oct2025 04:41:13.168] [Forge Version Check/INFO] [net.minecraftforge.fml.VersionChecker/]: [apexcore] Found status: UP_TO_DATE Current: 7.3.1 Target: null
[26Oct2025 04:41:13.168] [Forge Version Check/INFO] [net.minecraftforge.fml.VersionChecker/]: [fantasyfurniture] Starting version check at https://api.modrinth.com/updates/fantasy-furniture/forge_updates.json
[26Oct2025 04:41:13.221] [Forge Version Check/INFO] [net.minecraftforge.fml.VersionChecker/]: [fantasyfurniture] Found status: UP_TO_DATE Current: 6.7.0 Target: null
[26Oct2025 04:41:13.222] [Forge Version Check/INFO] [net.minecraftforge.fml.VersionChecker/]: [majruszsenchantments] Starting version check at https://raw.githubusercontent.com/Majrusz/MinecraftCommon/main/Enchantments/update.json
[26Oct2025 04:41:13.235] [Forge Version Check/INFO] [net.minecraftforge.fml.VersionChecker/]: [majruszsenchantments] Found status: AHEAD Current: 1.10.7-backport.1 Target: null
[26Oct2025 04:41:13.235] [Forge Version Check/INFO] [net.minecraftforge.fml.VersionChecker/]: [overflowingbars] Starting version check at https://raw.githubusercontent.com/Fuzss/modresources/main/update/overflowingbars.json
[26Oct2025 04:41:13.243] [Forge Version Check/INFO] [net.minecraftforge.fml.VersionChecker/]: [overflowingbars] Found status: UP_TO_DATE Current: 4.0.1 Target: null
[26Oct2025 04:41:14.140] [main/ERROR] [net.minecraftforge.fml.loading.RuntimeDistCleaner/DISTXFORM]: Attempted to load class com/mojang/blaze3d/vertex/PoseStack for invalid dist DEDICATED_SERVER
[26Oct2025 04:41:14.151] [main/INFO] [KubeJS Server/]: example.js#5: Hello, World! (Loaded server scripts)
[26Oct2025 04:41:14.151] [main/INFO] [KubeJS Server/]: Loaded script server_scripts:example.js in 0.001 s
[26Oct2025 04:41:14.151] [main/INFO] [KubeJS Server/]: Loaded 1/1 KubeJS server scripts in 0.016 s
[26Oct2025 04:41:14.151] [main/INFO] [KubeJS Server/]: Scripts loaded
[26Oct2025 04:41:15.665] [main/INFO] [com.teampotato.redirector.Redirector/]: Redirecting com/telepathicgrunt/repurposedstructures/world/structures/GenericJigsawStructure$BURYING_TYPE
[26Oct2025 04:41:15.669] [main/INFO] [com.teampotato.redirector.Redirector/]: Redirecting com/telepathicgrunt/repurposedstructures/world/structures/GenericNetherJigsawStructure$LAND_SEARCH_DIRECTION
[26Oct2025 04:41:15.697] [main/INFO] [com.jtorleonstudios.libraryferret.LibraryFerret/]: Structure placement for `awesomedungeonnether:nth_absi_palace/start_pool`: { spacing: 50, separation: 25, salt: 19482856, useValueFromConfiguration: true}
[26Oct2025 04:41:15.761] [main/INFO] [com.teampotato.redirector.Redirector/]: Redirecting com/yungnickyoung/minecraft/bettermineshafts/world/config/BetterMineshaftConfiguration$LegVariant
[26Oct2025 04:41:15.779] [main/INFO] [com.jtorleonstudios.libraryferret.LibraryFerret/]: Structure placement for `awesomedungeonnether:nth_accum_quad/start_pool`: { spacing: 50, separation: 25, salt: 28482856, useValueFromConfiguration: true}
[26Oct2025 04:41:15.911] [main/INFO] [com.jtorleonstudios.libraryferret.LibraryFerret/]: Structure placement for `awesomedungeonnether:nth_center_square/start_pool`: { spacing: 50, separation: 25, salt: 46482856, useValueFromConfiguration: true}
[26Oct2025 04:41:15.918] [main/INFO] [com.teampotato.redirector.Redirector/]: Redirecting com/yungnickyoung/minecraft/betterdungeons/world/DungeonType
[26Oct2025 04:41:16.000] [main/INFO] [com.jtorleonstudios.libraryferret.LibraryFerret/]: Structure placement for `awesomedungeonnether:nth_giant_crimson_tree/start_pool`: { spacing: 50, separation: 25, salt: 55482856, useValueFromConfiguration: true}
[26Oct2025 04:41:16.024] [main/INFO] [com.jtorleonstudios.libraryferret.LibraryFerret/]: Structure placement for `awesomedungeonnether:nth_obsi_house/start_pool`: { spacing: 50, separation: 25, salt: 64482856, useValueFromConfiguration: true}
[26Oct2025 04:41:16.041] [main/INFO] [com.jtorleonstudios.libraryferret.LibraryFerret/]: Structure placement for `awesomedungeonend:aws_all_end_structures/start_pool`: { spacing: 20, separation: 15, salt: 49082056, useValueFromConfiguration: true}
[26Oct2025 04:41:16.075] [main/INFO] [com.teampotato.redirector.Redirector/]: Redirecting com/telepathicgrunt/repurposedstructures/world/predicates/MatterPhaseRuleTest$MATTER_PHASE
[26Oct2025 04:41:16.121] [main/INFO] [com.jtorleonstudios.libraryferret.LibraryFerret/]: Structure placement for `awesomedungeonnether:nth_blaze_tower/start_pool`: { spacing: 50, separation: 25, salt: 37482856, useValueFromConfiguration: true}
[26Oct2025 04:41:21.317] [main/INFO] [com.teampotato.redirector.Redirector/]: Redirecting com/legacy/blue_skies/world/biome_provider/biomes/BiomeIds$Temperature
[26Oct2025 04:41:21.318] [main/INFO] [com.teampotato.redirector.Redirector/]: Redirecting net/minecraft/world/level/levelgen/WorldgenRandom$Algorithm
[26Oct2025 04:41:21.352] [main/INFO] [com.teampotato.redirector.Redirector/]: Redirecting twilightforest/world/components/layer/GenLayerTFBiomes
[26Oct2025 04:41:21.358] [main/INFO] [com.teampotato.redirector.Redirector/]: Redirecting twilightforest/world/components/layer/GenLayerTFKeyBiomes
[26Oct2025 04:41:21.359] [main/INFO] [com.teampotato.redirector.Redirector/]: Redirecting twilightforest/world/components/layer/GenLayerTFCompanionBiomes
[26Oct2025 04:41:21.360] [main/INFO] [com.teampotato.redirector.Redirector/]: Redirecting twilightforest/world/components/layer/vanillalegacy/ZoomLayer
[26Oct2025 04:41:21.362] [main/INFO] [com.teampotato.redirector.Redirector/]: Redirecting twilightforest/world/components/layer/GenLayerTFBiomeStabilize
[26Oct2025 04:41:21.362] [main/INFO] [com.teampotato.redirector.Redirector/]: Redirecting twilightforest/world/components/layer/GenLayerTFThornBorder
[26Oct2025 04:41:21.363] [main/INFO] [com.teampotato.redirector.Redirector/]: Redirecting twilightforest/world/components/layer/GenLayerTFStream
[26Oct2025 04:41:21.364] [main/INFO] [com.teampotato.redirector.Redirector/]: Redirecting twilightforest/world/components/layer/vanillalegacy/SmoothLayer
[26Oct2025 04:41:21.364] [main/INFO] [com.teampotato.redirector.Redirector/]: Redirecting twilightforest/world/components/layer/GenLayerTFRiverMix
[26Oct2025 04:41:21.406] [main/INFO] [com.teampotato.redirector.Redirector/]: Redirecting net/minecraft/commands/CommandBuildContext$MissingTagAccessPolicy
[26Oct2025 04:41:21.408] [main/INFO] [mixin/]: Mixing AccessorAdvancementCommands from enigmaticlegacy.mixins.json into net.minecraft.server.commands.AdvancementCommands
[26Oct2025 04:41:21.408] [main/INFO] [mixin/]: Renaming @Accessor method getAdvancementSuggestions()Lcom/mojang/brigadier/suggestion/SuggestionProvider; to getAdvancementSuggestions_$md$4fbada$0 in enigmaticlegacy.mixins.json:AccessorAdvancementCommands
[26Oct2025 04:41:21.478] [main/INFO] [net.minecraftforge.coremod.CoreMod.apotheosis/COREMODLOG]: Replaced 2 calls to Enchantment#getMaxLevel() in net/minecraft/server/commands/EnchantCommand
[26Oct2025 04:41:21.760] [main/INFO] [com.teampotato.redirector.Redirector/]: Redirecting it/hurts/sskirillss/relics/commands/RelicsCommand$CommandAction
[26Oct2025 04:41:21.817] [main/INFO] [com.teampotato.redirector.Redirector/]: Redirecting io/github/edwinmindcraft/apoli/common/data/PowerLoader
[26Oct2025 04:41:21.819] [main/INFO] [com.teampotato.redirector.Redirector/]: Redirecting io/github/edwinmindcraft/origins/common/data/OriginLoader
[26Oct2025 04:41:21.821] [main/INFO] [com.teampotato.redirector.Redirector/]: Redirecting io/github/edwinmindcraft/origins/api/data/PartialOrigin$Serializer
[26Oct2025 04:41:21.821] [main/INFO] [com.teampotato.redirector.Redirector/]: Redirecting io/github/edwinmindcraft/origins/common/data/LayerLoader
[26Oct2025 04:41:21.823] [main/INFO] [com.teampotato.redirector.Redirector/]: Redirecting io/github/edwinmindcraft/origins/api/data/PartialLayer$Serializer
[26Oct2025 04:41:21.823] [main/INFO] [com.teampotato.redirector.Redirector/]: Redirecting io/github/edwinmindcraft/origins/api/data/PartialGuiTitle$Serializer
[26Oct2025 04:41:21.824] [main/INFO] [com.teampotato.redirector.Redirector/]: Redirecting io/github/edwinmindcraft/origins/api/origin/ConditionedOrigin$Serializer
[26Oct2025 04:41:21.826] [main/INFO] [Calio/]: CDRM Initialized with 15 registries
[26Oct2025 04:41:21.829] [main/INFO] [com.github.alexthe666.alexsmobs.AlexsMobs/]: Adding datapack listener capsid_recipes
[26Oct2025 04:41:21.839] [main/INFO] [com.teampotato.redirector.Redirector/]: Redirecting com/stal111/forbidden_arcanus/common/inventory/InputType
[26Oct2025 04:41:22.045] [Worker-Main1/ERROR] [net.minecraft.tags.TagLoader/]: Couldn't load tag [the_bumblezone:crystal_canyon (from totw_modded-forge-1.19.2-1.0.5.jar), the_bumblezone:pollinated_fields (from totw_modded-forge-1.19.2-1.0.5.jar)] as it is missing following references: the_bumblezone:crystal_canyon (from totw_modded-forge-1.19.2-1.0.5.jar), 
	the_bumblezone:pollinated_fields (from totw_modded-forge-1.19.2-1.0.5.jar)
[26Oct2025 04:41:22.048] [Worker-Main1/ERROR] [net.minecraft.tags.TagLoader/]: Couldn't load tag [ad_astra:infernal_venus_barrens (from totw_modded-forge-1.19.2-1.0.5.jar)] as it is missing following references: ad_astra:infernal_venus_barrens (from totw_modded-forge-1.19.2-1.0.5.jar)
[26Oct2025 04:41:22.048] [Worker-Main1/ERROR] [net.minecraft.tags.TagLoader/]: Couldn't load tag [ad_astra:lunar_wastelands (from totw_modded-forge-1.19.2-1.0.5.jar)] as it is missing following references: ad_astra:lunar_wastelands (from totw_modded-forge-1.19.2-1.0.5.jar)
[26Oct2025 04:41:22.050] [Worker-Main1/ERROR] [net.minecraft.tags.TagLoader/]: Couldn't load tag [ad_astra:martian_canyon_creek (from totw_modded-forge-1.19.2-1.0.5.jar), ad_astra:martian_wastelands (from totw_modded-forge-1.19.2-1.0.5.jar)] as it is missing following references: ad_astra:martian_canyon_creek (from totw_modded-forge-1.19.2-1.0.5.jar), 
	ad_astra:martian_wastelands (from totw_modded-forge-1.19.2-1.0.5.jar)
[26Oct2025 04:41:22.053] [Worker-Main1/ERROR] [net.minecraft.tags.TagLoader/]: Couldn't load tag [ad_astra:glacio_snowy_barrens (from totw_modded-forge-1.19.2-1.0.5.jar), ad_astra:glacio_ice_peaks (from totw_modded-forge-1.19.2-1.0.5.jar)] as it is missing following references: ad_astra:glacio_snowy_barrens (from totw_modded-forge-1.19.2-1.0.5.jar), 
	ad_astra:glacio_ice_peaks (from totw_modded-forge-1.19.2-1.0.5.jar)
[26Oct2025 04:41:22.057] [Worker-Main1/ERROR] [net.minecraft.tags.TagLoader/]: Couldn't load tag [rats:ratlantis (from totw_modded-forge-1.19.2-1.0.5.jar)] as it is missing following references: rats:ratlantis (from totw_modded-forge-1.19.2-1.0.5.jar)
[26Oct2025 04:41:22.062] [Worker-Main1/ERROR] [net.minecraft.tags.TagLoader/]: Couldn't load tag [ad_astra:mercury_deltas (from totw_modded-forge-1.19.2-1.0.5.jar)] as it is missing following references: ad_astra:mercury_deltas (from totw_modded-forge-1.19.2-1.0.5.jar)
[26Oct2025 04:41:22.429] [Worker-Main1/ERROR] [net.minecraft.tags.TagLoader/]: Couldn't load tag [quark:soul_stone (from bygonenether-1.3.2-1.19.2.jar)] as it is missing following references: quark:soul_stone (from bygonenether-1.3.2-1.19.2.jar)
[26Oct2025 04:41:22.480] [Worker-Main2/ERROR] [net.minecraft.tags.TagLoader/]: Couldn't load tag [simplyswords:mythicmetals_compat/banglum/banglum_claymore (from simplyswords-forge-1.47.0-1.19.2.jar), simplyswords:mythicmetals_compat/banglum/banglum_cutlass (from simplyswords-forge-1.47.0-1.19.2.jar), simplyswords:mythicmetals_compat/banglum/banglum_glaive (from simplyswords-forge-1.47.0-1.19.2.jar), simplyswords:mythicmetals_compat/banglum/banglum_katana (from simplyswords-forge-1.47.0-1.19.2.jar), simplyswords:mythicmetals_compat/banglum/banglum_longsword (from simplyswords-forge-1.47.0-1.19.2.jar), simplyswords:mythicmetals_compat/banglum/banglum_rapier (from simplyswords-forge-1.47.0-1.19.2.jar), simplyswords:mythicmetals_compat/banglum/banglum_sai (from simplyswords-forge-1.47.0-1.19.2.jar), simplyswords:mythicmetals_compat/banglum/banglum_spear (from simplyswords-forge-1.47.0-1.19.2.jar), simplyswords:mythicmetals_compat/banglum/banglum_twinblade (from simplyswords-forge-1.47.0-1.19.2.jar), simplyswords:mythicmetals_compat/banglum/banglum_warglaive (from simplyswords-forge-1.47.0-1.19.2.jar), simplyswords:mythicmetals_compat/banglum/banglum_greathammer (from simplyswords-forge-1.47.0-1.19.2.jar), simplyswords:mythicmetals_compat/banglum/banglum_greataxe (from simplyswords-forge-1.47.0-1.19.2.jar), simplyswords:mythicmetals_compat/banglum/banglum_chakram (from simplyswords-forge-1.47.0-1.19.2.jar), simplyswords:mythicmetals_compat/banglum/banglum_scythe (from simplyswords-forge-1.47.0-1.19.2.jar), simplyswords:mythicmetals_compat/banglum/halberd_scythe (from simplyswords-forge-1.47.0-1.19.2.jar)] as it is missing following references: simplyswords:mythicmetals_compat/banglum/banglum_claymore (from simplyswords-forge-1.47.0-1.19.2.jar), 
	simplyswords:mythicmetals_compat/banglum/banglum_cutlass (from simplyswords-forge-1.47.0-1.19.2.jar), 
	simplyswords:mythicmetals_compat/banglum/banglum_glaive (from simplyswords-forge-1.47.0-1.19.2.jar), 
	simplyswords:mythicmetals_compat/banglum/banglum_katana (from simplyswords-forge-1.47.0-1.19.2.jar), 
	simplyswords:mythicmetals_compat/banglum/banglum_longsword (from simplyswords-forge-1.47.0-1.19.2.jar), 
	simplyswords:mythicmetals_compat/banglum/banglum_rapier (from simplyswords-forge-1.47.0-1.19.2.jar), 
	simplyswords:mythicmetals_compat/banglum/banglum_sai (from simplyswords-forge-1.47.0-1.19.2.jar), 
	simplyswords:mythicmetals_compat/banglum/banglum_spear (from simplyswords-forge-1.47.0-1.19.2.jar), 
	simplyswords:mythicmetals_compat/banglum/banglum_twinblade (from simplyswords-forge-1.47.0-1.19.2.jar), 
	simplyswords:mythicmetals_compat/banglum/banglum_warglaive (from simplyswords-forge-1.47.0-1.19.2.jar), 
	simplyswords:mythicmetals_compat/banglum/banglum_greathammer (from simplyswords-forge-1.47.0-1.19.2.jar), 
	simplyswords:mythicmetals_compat/banglum/banglum_greataxe (from simplyswords-forge-1.47.0-1.19.2.jar), 
	simplyswords:mythicmetals_compat/banglum/banglum_chakram (from simplyswords-forge-1.47.0-1.19.2.jar), 
	simplyswords:mythicmetals_compat/banglum/banglum_scythe (from simplyswords-forge-1.47.0-1.19.2.jar), 
	simplyswords:mythicmetals_compat/banglum/halberd_scythe (from simplyswords-forge-1.47.0-1.19.2.jar)
[26Oct2025 04:41:22.482] [Worker-Main2/ERROR] [net.minecraft.tags.TagLoader/]: Couldn't load tag [simplyswords:mythicmetals_compat/steel/steel_claymore (from simplyswords-forge-1.47.0-1.19.2.jar), simplyswords:mythicmetals_compat/steel/steel_cutlass (from simplyswords-forge-1.47.0-1.19.2.jar), simplyswords:mythicmetals_compat/steel/steel_glaive (from simplyswords-forge-1.47.0-1.19.2.jar), simplyswords:mythicmetals_compat/steel/steel_katana (from simplyswords-forge-1.47.0-1.19.2.jar), simplyswords:mythicmetals_compat/steel/steel_longsword (from simplyswords-forge-1.47.0-1.19.2.jar), simplyswords:mythicmetals_compat/steel/steel_rapier (from simplyswords-forge-1.47.0-1.19.2.jar), simplyswords:mythicmetals_compat/steel/steel_sai (from simplyswords-forge-1.47.0-1.19.2.jar), simplyswords:mythicmetals_compat/steel/steel_spear (from simplyswords-forge-1.47.0-1.19.2.jar), simplyswords:mythicmetals_compat/steel/steel_twinblade (from simplyswords-forge-1.47.0-1.19.2.jar), simplyswords:mythicmetals_compat/steel/steel_warglaive (from simplyswords-forge-1.47.0-1.19.2.jar), simplyswords:mythicmetals_compat/steel/steel_greathammer (from simplyswords-forge-1.47.0-1.19.2.jar), simplyswords:mythicmetals_compat/steel/steel_greataxe (from simplyswords-forge-1.47.0-1.19.2.jar), simplyswords:mythicmetals_compat/steel/steel_chakram (from simplyswords-forge-1.47.0-1.19.2.jar), simplyswords:mythicmetals_compat/steel/steel_scythe (from simplyswords-forge-1.47.0-1.19.2.jar), simplyswords:mythicmetals_compat/steel/steel_halberd (from simplyswords-forge-1.47.0-1.19.2.jar)] as it is missing following references: simplyswords:mythicmetals_compat/steel/steel_claymore (from simplyswords-forge-1.47.0-1.19.2.jar), 
	simplyswords:mythicmetals_compat/steel/steel_cutlass (from simplyswords-forge-1.47.0-1.19.2.jar), 
	simplyswords:mythicmetals_compat/steel/steel_glaive (from simplyswords-forge-1.47.0-1.19.2.jar), 
	simplyswords:mythicmetals_compat/steel/steel_katana (from simplyswords-forge-1.47.0-1.19.2.jar), 
	simplyswords:mythicmetals_compat/steel/steel_longsword (from simplyswords-forge-1.47.0-1.19.2.jar), 
	simplyswords:mythicmetals_compat/steel/steel_rapier (from simplyswords-forge-1.47.0-1.19.2.jar), 
	simplyswords:mythicmetals_compat/steel/steel_sai (from simplyswords-forge-1.47.0-1.19.2.jar), 
	simplyswords:mythicmetals_compat/steel/steel_spear (from simplyswords-forge-1.47.0-1.19.2.jar), 
	simplyswords:mythicmetals_compat/steel/steel_twinblade (from simplyswords-forge-1.47.0-1.19.2.jar), 
	simplyswords:mythicmetals_compat/steel/steel_warglaive (from simplyswords-forge-1.47.0-1.19.2.jar), 
	simplyswords:mythicmetals_compat/steel/steel_greathammer (from simplyswords-forge-1.47.0-1.19.2.jar), 
	simplyswords:mythicmetals_compat/steel/steel_greataxe (from simplyswords-forge-1.47.0-1.19.2.jar), 
	simplyswords:mythicmetals_compat/steel/steel_chakram (from simplyswords-forge-1.47.0-1.19.2.jar), 
	simplyswords:mythicmetals_compat/steel/steel_scythe (from simplyswords-forge-1.47.0-1.19.2.jar), 
	simplyswords:mythicmetals_compat/steel/steel_halberd (from simplyswords-forge-1.47.0-1.19.2.jar)
[26Oct2025 04:41:22.487] [Worker-Main2/ERROR] [net.minecraft.tags.TagLoader/]: Couldn't load tag [simplyswords:mythicmetals_compat/copper/copper_longsword (from simplyswords-forge-1.47.0-1.19.2.jar)] as it is missing following references: simplyswords:mythicmetals_compat/copper/copper_longsword (from simplyswords-forge-1.47.0-1.19.2.jar)
[26Oct2025 04:41:22.490] [Worker-Main2/ERROR] [net.minecraft.tags.TagLoader/]: Couldn't load tag [simplyswords:mythicmetals_compat/star_platinum/star_platinum_claymore (from simplyswords-forge-1.47.0-1.19.2.jar), simplyswords:mythicmetals_compat/star_platinum/star_platinum_cutlass (from simplyswords-forge-1.47.0-1.19.2.jar), simplyswords:mythicmetals_compat/star_platinum/star_platinum_glaive (from simplyswords-forge-1.47.0-1.19.2.jar), simplyswords:mythicmetals_compat/star_platinum/star_platinum_katana (from simplyswords-forge-1.47.0-1.19.2.jar), simplyswords:mythicmetals_compat/star_platinum/star_platinum_longsword (from simplyswords-forge-1.47.0-1.19.2.jar), simplyswords:mythicmetals_compat/star_platinum/star_platinum_rapier (from simplyswords-forge-1.47.0-1.19.2.jar), simplyswords:mythicmetals_compat/star_platinum/star_platinum_sai (from simplyswords-forge-1.47.0-1.19.2.jar), simplyswords:mythicmetals_compat/star_platinum/star_platinum_spear (from simplyswords-forge-1.47.0-1.19.2.jar), simplyswords:mythicmetals_compat/star_platinum/star_platinum_twinblade (from simplyswords-forge-1.47.0-1.19.2.jar), simplyswords:mythicmetals_compat/star_platinum/star_platinum_warglaive (from simplyswords-forge-1.47.0-1.19.2.jar), simplyswords:mythicmetals_compat/star_platinum/star_platinum_greathammer (from simplyswords-forge-1.47.0-1.19.2.jar), simplyswords:mythicmetals_compat/star_platinum/star_platinum_greataxe (from simplyswords-forge-1.47.0-1.19.2.jar), simplyswords:mythicmetals_compat/star_platinum/star_platinum_chakram (from simplyswords-forge-1.47.0-1.19.2.jar), simplyswords:mythicmetals_compat/star_platinum/star_platinum_scythe (from simplyswords-forge-1.47.0-1.19.2.jar), simplyswords:mythicmetals_compat/star_platinum/star_platinum_halberd (from simplyswords-forge-1.47.0-1.19.2.jar)] as it is missing following references: simplyswords:mythicmetals_compat/star_platinum/star_platinum_claymore (from simplyswords-forge-1.47.0-1.19.2.jar), 
	simplyswords:mythicmetals_compat/star_platinum/star_platinum_cutlass (from simplyswords-forge-1.47.0-1.19.2.jar), 
	simplyswords:mythicmetals_compat/star_platinum/star_platinum_glaive (from simplyswords-forge-1.47.0-1.19.2.jar), 
	simplyswords:mythicmetals_compat/star_platinum/star_platinum_katana (from simplyswords-forge-1.47.0-1.19.2.jar), 
	simplyswords:mythicmetals_compat/star_platinum/star_platinum_longsword (from simplyswords-forge-1.47.0-1.19.2.jar), 
	simplyswords:mythicmetals_compat/star_platinum/star_platinum_rapier (from simplyswords-forge-1.47.0-1.19.2.jar), 
	simplyswords:mythicmetals_compat/star_platinum/star_platinum_sai (from simplyswords-forge-1.47.0-1.19.2.jar), 
	simplyswords:mythicmetals_compat/star_platinum/star_platinum_spear (from simplyswords-forge-1.47.0-1.19.2.jar), 
	simplyswords:mythicmetals_compat/star_platinum/star_platinum_twinblade (from simplyswords-forge-1.47.0-1.19.2.jar), 
	simplyswords:mythicmetals_compat/star_platinum/star_platinum_warglaive (from simplyswords-forge-1.47.0-1.19.2.jar), 
	simplyswords:mythicmetals_compat/star_platinum/star_platinum_greathammer (from simplyswords-forge-1.47.0-1.19.2.jar), 
	simplyswords:mythicmetals_compat/star_platinum/star_platinum_greataxe (from simplyswords-forge-1.47.0-1.19.2.jar), 
	simplyswords:mythicmetals_compat/star_platinum/star_platinum_chakram (from simplyswords-forge-1.47.0-1.19.2.jar), 
	simplyswords:mythicmetals_compat/star_platinum/star_platinum_scythe (from simplyswords-forge-1.47.0-1.19.2.jar), 
	simplyswords:mythicmetals_compat/star_platinum/star_platinum_halberd (from simplyswords-forge-1.47.0-1.19.2.jar)
[26Oct2025 04:41:22.491] [Worker-Main2/ERROR] [net.minecraft.tags.TagLoader/]: Couldn't load tag [simplyswords:mythicmetals_compat/stormyx/stormyx_claymore (from simplyswords-forge-1.47.0-1.19.2.jar), simplyswords:mythicmetals_compat/stormyx/stormyx_cutlass (from simplyswords-forge-1.47.0-1.19.2.jar), simplyswords:mythicmetals_compat/stormyx/stormyx_glaive (from simplyswords-forge-1.47.0-1.19.2.jar), simplyswords:mythicmetals_compat/stormyx/stormyx_katana (from simplyswords-forge-1.47.0-1.19.2.jar), simplyswords:mythicmetals_compat/stormyx/stormyx_longsword (from simplyswords-forge-1.47.0-1.19.2.jar), simplyswords:mythicmetals_compat/stormyx/stormyx_rapier (from simplyswords-forge-1.47.0-1.19.2.jar), simplyswords:mythicmetals_compat/stormyx/stormyx_sai (from simplyswords-forge-1.47.0-1.19.2.jar), simplyswords:mythicmetals_compat/stormyx/stormyx_spear (from simplyswords-forge-1.47.0-1.19.2.jar), simplyswords:mythicmetals_compat/stormyx/stormyx_twinblade (from simplyswords-forge-1.47.0-1.19.2.jar), simplyswords:mythicmetals_compat/stormyx/stormyx_warglaive (from simplyswords-forge-1.47.0-1.19.2.jar), simplyswords:mythicmetals_compat/stormyx/stormyx_greathammer (from simplyswords-forge-1.47.0-1.19.2.jar), simplyswords:mythicmetals_compat/stormyx/stormyx_greataxe (from simplyswords-forge-1.47.0-1.19.2.jar), simplyswords:mythicmetals_compat/stormyx/stormyx_chakram (from simplyswords-forge-1.47.0-1.19.2.jar), simplyswords:mythicmetals_compat/stormyx/stormyx_scythe (from simplyswords-forge-1.47.0-1.19.2.jar), simplyswords:mythicmetals_compat/stormyx/stormyx_halberd (from simplyswords-forge-1.47.0-1.19.2.jar)] as it is missing following references: simplyswords:mythicmetals_compat/stormyx/stormyx_claymore (from simplyswords-forge-1.47.0-1.19.2.jar), 
	simplyswords:mythicmetals_compat/stormyx/stormyx_cutlass (from simplyswords-forge-1.47.0-1.19.2.jar), 
	simplyswords:mythicmetals_compat/stormyx/stormyx_glaive (from simplyswords-forge-1.47.0-1.19.2.jar), 
	simplyswords:mythicmetals_compat/stormyx/stormyx_katana (from simplyswords-forge-1.47.0-1.19.2.jar), 
	simplyswords:mythicmetals_compat/stormyx/stormyx_longsword (from simplyswords-forge-1.47.0-1.19.2.jar), 
	simplyswords:mythicmetals_compat/stormyx/stormyx_rapier (from simplyswords-forge-1.47.0-1.19.2.jar), 
	simplyswords:mythicmetals_compat/stormyx/stormyx_sai (from simplyswords-forge-1.47.0-1.19.2.jar), 
	simplyswords:mythicmetals_compat/stormyx/stormyx_spear (from simplyswords-forge-1.47.0-1.19.2.jar), 
	simplyswords:mythicmetals_compat/stormyx/stormyx_twinblade (from simplyswords-forge-1.47.0-1.19.2.jar), 
	simplyswords:mythicmetals_compat/stormyx/stormyx_warglaive (from simplyswords-forge-1.47.0-1.19.2.jar), 
	simplyswords:mythicmetals_compat/stormyx/stormyx_greathammer (from simplyswords-forge-1.47.0-1.19.2.jar), 
	simplyswords:mythicmetals_compat/stormyx/stormyx_greataxe (from simplyswords-forge-1.47.0-1.19.2.jar), 
	simplyswords:mythicmetals_compat/stormyx/stormyx_chakram (from simplyswords-forge-1.47.0-1.19.2.jar), 
	simplyswords:mythicmetals_compat/stormyx/stormyx_scythe (from simplyswords-forge-1.47.0-1.19.2.jar), 
	simplyswords:mythicmetals_compat/stormyx/stormyx_halberd (from simplyswords-forge-1.47.0-1.19.2.jar)
[26Oct2025 04:41:22.493] [Worker-Main2/ERROR] [net.minecraft.tags.TagLoader/]: Couldn't load tag [simplyswords:mythicmetals_compat/prometheum/prometheum_claymore (from simplyswords-forge-1.47.0-1.19.2.jar), simplyswords:mythicmetals_compat/prometheum/prometheum_cutlass (from simplyswords-forge-1.47.0-1.19.2.jar), simplyswords:mythicmetals_compat/prometheum/prometheum_glaive (from simplyswords-forge-1.47.0-1.19.2.jar), simplyswords:mythicmetals_compat/prometheum/prometheum_katana (from simplyswords-forge-1.47.0-1.19.2.jar), simplyswords:mythicmetals_compat/prometheum/prometheum_longsword (from simplyswords-forge-1.47.0-1.19.2.jar), simplyswords:mythicmetals_compat/prometheum/prometheum_rapier (from simplyswords-forge-1.47.0-1.19.2.jar), simplyswords:mythicmetals_compat/prometheum/prometheum_sai (from simplyswords-forge-1.47.0-1.19.2.jar), simplyswords:mythicmetals_compat/prometheum/prometheum_spear (from simplyswords-forge-1.47.0-1.19.2.jar), simplyswords:mythicmetals_compat/prometheum/prometheum_twinblade (from simplyswords-forge-1.47.0-1.19.2.jar), simplyswords:mythicmetals_compat/prometheum/prometheum_warglaive (from simplyswords-forge-1.47.0-1.19.2.jar), simplyswords:mythicmetals_compat/prometheum/prometheum_greathammer (from simplyswords-forge-1.47.0-1.19.2.jar), simplyswords:mythicmetals_compat/prometheum/prometheum_greataxe (from simplyswords-forge-1.47.0-1.19.2.jar), simplyswords:mythicmetals_compat/prometheum/prometheum_chakram (from simplyswords-forge-1.47.0-1.19.2.jar), simplyswords:mythicmetals_compat/prometheum/prometheum_scythe (from simplyswords-forge-1.47.0-1.19.2.jar), simplyswords:mythicmetals_compat/prometheum/prometheum_halberd (from simplyswords-forge-1.47.0-1.19.2.jar)] as it is missing following references: simplyswords:mythicmetals_compat/prometheum/prometheum_claymore (from simplyswords-forge-1.47.0-1.19.2.jar), 
	simplyswords:mythicmetals_compat/prometheum/prometheum_cutlass (from simplyswords-forge-1.47.0-1.19.2.jar), 
	simplyswords:mythicmetals_compat/prometheum/prometheum_glaive (from simplyswords-forge-1.47.0-1.19.2.jar), 
	simplyswords:mythicmetals_compat/prometheum/prometheum_katana (from simplyswords-forge-1.47.0-1.19.2.jar), 
	simplyswords:mythicmetals_compat/prometheum/prometheum_longsword (from simplyswords-forge-1.47.0-1.19.2.jar), 
	simplyswords:mythicmetals_compat/prometheum/prometheum_rapier (from simplyswords-forge-1.47.0-1.19.2.jar), 
	simplyswords:mythicmetals_compat/prometheum/prometheum_sai (from simplyswords-forge-1.47.0-1.19.2.jar), 
	simplyswords:mythicmetals_compat/prometheum/prometheum_spear (from simplyswords-forge-1.47.0-1.19.2.jar), 
	simplyswords:mythicmetals_compat/prometheum/prometheum_twinblade (from simplyswords-forge-1.47.0-1.19.2.jar), 
	simplyswords:mythicmetals_compat/prometheum/prometheum_warglaive (from simplyswords-forge-1.47.0-1.19.2.jar), 
	simplyswords:mythicmetals_compat/prometheum/prometheum_greathammer (from simplyswords-forge-1.47.0-1.19.2.jar), 
	simplyswords:mythicmetals_compat/prometheum/prometheum_greataxe (from simplyswords-forge-1.47.0-1.19.2.jar), 
	simplyswords:mythicmetals_compat/prometheum/prometheum_chakram (from simplyswords-forge-1.47.0-1.19.2.jar), 
	simplyswords:mythicmetals_compat/prometheum/prometheum_scythe (from simplyswords-forge-1.47.0-1.19.2.jar), 
	simplyswords:mythicmetals_compat/prometheum/prometheum_halberd (from simplyswords-forge-1.47.0-1.19.2.jar)
[26Oct2025 04:41:22.493] [Worker-Main2/ERROR] [net.minecraft.tags.TagLoader/]: Couldn't load tag [simplyswords:mythicmetals_compat/bronze/bronze_claymore (from simplyswords-forge-1.47.0-1.19.2.jar), simplyswords:mythicmetals_compat/bronze/bronze_cutlass (from simplyswords-forge-1.47.0-1.19.2.jar), simplyswords:mythicmetals_compat/bronze/bronze_glaive (from simplyswords-forge-1.47.0-1.19.2.jar), simplyswords:mythicmetals_compat/bronze/bronze_katana (from simplyswords-forge-1.47.0-1.19.2.jar), simplyswords:mythicmetals_compat/bronze/bronze_longsword (from simplyswords-forge-1.47.0-1.19.2.jar), simplyswords:mythicmetals_compat/bronze/bronze_rapier (from simplyswords-forge-1.47.0-1.19.2.jar), simplyswords:mythicmetals_compat/bronze/bronze_sai (from simplyswords-forge-1.47.0-1.19.2.jar), simplyswords:mythicmetals_compat/bronze/bronze_spear (from simplyswords-forge-1.47.0-1.19.2.jar), simplyswords:mythicmetals_compat/bronze/bronze_twinblade (from simplyswords-forge-1.47.0-1.19.2.jar), simplyswords:mythicmetals_compat/bronze/bronze_warglaive (from simplyswords-forge-1.47.0-1.19.2.jar), simplyswords:mythicmetals_compat/bronze/bronze_greathammer (from simplyswords-forge-1.47.0-1.19.2.jar), simplyswords:mythicmetals_compat/bronze/bronze_greataxe (from simplyswords-forge-1.47.0-1.19.2.jar), simplyswords:mythicmetals_compat/bronze/bronze_chakram (from simplyswords-forge-1.47.0-1.19.2.jar), simplyswords:mythicmetals_compat/bronze/bronze_scythe (from simplyswords-forge-1.47.0-1.19.2.jar), simplyswords:mythicmetals_compat/bronze/bronze_halberd (from simplyswords-forge-1.47.0-1.19.2.jar)] as it is missing following references: simplyswords:mythicmetals_compat/bronze/bronze_claymore (from simplyswords-forge-1.47.0-1.19.2.jar), 
	simplyswords:mythicmetals_compat/bronze/bronze_cutlass (from simplyswords-forge-1.47.0-1.19.2.jar), 
	simplyswords:mythicmetals_compat/bronze/bronze_glaive (from simplyswords-forge-1.47.0-1.19.2.jar), 
	simplyswords:mythicmetals_compat/bronze/bronze_katana (from simplyswords-forge-1.47.0-1.19.2.jar), 
	simplyswords:mythicmetals_compat/bronze/bronze_longsword (from simplyswords-forge-1.47.0-1.19.2.jar), 
	simplyswords:mythicmetals_compat/bronze/bronze_rapier (from simplyswords-forge-1.47.0-1.19.2.jar), 
	simplyswords:mythicmetals_compat/bronze/bronze_sai (from simplyswords-forge-1.47.0-1.19.2.jar), 
	simplyswords:mythicmetals_compat/bronze/bronze_spear (from simplyswords-forge-1.47.0-1.19.2.jar), 
	simplyswords:mythicmetals_compat/bronze/bronze_twinblade (from simplyswords-forge-1.47.0-1.19.2.jar), 
	simplyswords:mythicmetals_compat/bronze/bronze_warglaive (from simplyswords-forge-1.47.0-1.19.2.jar), 
	simplyswords:mythicmetals_compat/bronze/bronze_greathammer (from simplyswords-forge-1.47.0-1.19.2.jar), 
	simplyswords:mythicmetals_compat/bronze/bronze_greataxe (from simplyswords-forge-1.47.0-1.19.2.jar), 
	simplyswords:mythicmetals_compat/bronze/bronze_chakram (from simplyswords-forge-1.47.0-1.19.2.jar), 
	simplyswords:mythicmetals_compat/bronze/bronze_scythe (from simplyswords-forge-1.47.0-1.19.2.jar), 
	simplyswords:mythicmetals_compat/bronze/bronze_halberd (from simplyswords-forge-1.47.0-1.19.2.jar)
[26Oct2025 04:41:22.495] [Worker-Main2/ERROR] [net.minecraft.tags.TagLoader/]: Couldn't load tag [simplyswords:mythicmetals_compat/quadrillum/quadrillum_claymore (from simplyswords-forge-1.47.0-1.19.2.jar), simplyswords:mythicmetals_compat/quadrillum/quadrillum_cutlass (from simplyswords-forge-1.47.0-1.19.2.jar), simplyswords:mythicmetals_compat/quadrillum/quadrillum_glaive (from simplyswords-forge-1.47.0-1.19.2.jar), simplyswords:mythicmetals_compat/quadrillum/quadrillum_katana (from simplyswords-forge-1.47.0-1.19.2.jar), simplyswords:mythicmetals_compat/quadrillum/quadrillum_longsword (from simplyswords-forge-1.47.0-1.19.2.jar), simplyswords:mythicmetals_compat/quadrillum/quadrillum_rapier (from simplyswords-forge-1.47.0-1.19.2.jar), simplyswords:mythicmetals_compat/quadrillum/quadrillum_sai (from simplyswords-forge-1.47.0-1.19.2.jar), simplyswords:mythicmetals_compat/quadrillum/quadrillum_spear (from simplyswords-forge-1.47.0-1.19.2.jar), simplyswords:mythicmetals_compat/quadrillum/quadrillum_twinblade (from simplyswords-forge-1.47.0-1.19.2.jar), simplyswords:mythicmetals_compat/quadrillum/quadrillum_warglaive (from simplyswords-forge-1.47.0-1.19.2.jar), simplyswords:mythicmetals_compat/quadrillum/quadrillum_greathammer (from simplyswords-forge-1.47.0-1.19.2.jar), simplyswords:mythicmetals_compat/quadrillum/quadrillum_greataxe (from simplyswords-forge-1.47.0-1.19.2.jar), simplyswords:mythicmetals_compat/quadrillum/quadrillum_chakram (from simplyswords-forge-1.47.0-1.19.2.jar), simplyswords:mythicmetals_compat/quadrillum/quadrillum_scythe (from simplyswords-forge-1.47.0-1.19.2.jar), simplyswords:mythicmetals_compat/quadrillum/quadrillum_halberd (from simplyswords-forge-1.47.0-1.19.2.jar)] as it is missing following references: simplyswords:mythicmetals_compat/quadrillum/quadrillum_claymore (from simplyswords-forge-1.47.0-1.19.2.jar), 
	simplyswords:mythicmetals_compat/quadrillum/quadrillum_cutlass (from simplyswords-forge-1.47.0-1.19.2.jar), 
	simplyswords:mythicmetals_compat/quadrillum/quadrillum_glaive (from simplyswords-forge-1.47.0-1.19.2.jar), 
	simplyswords:mythicmetals_compat/quadrillum/quadrillum_katana (from simplyswords-forge-1.47.0-1.19.2.jar), 
	simplyswords:mythicmetals_compat/quadrillum/quadrillum_longsword (from simplyswords-forge-1.47.0-1.19.2.jar), 
	simplyswords:mythicmetals_compat/quadrillum/quadrillum_rapier (from simplyswords-forge-1.47.0-1.19.2.jar), 
	simplyswords:mythicmetals_compat/quadrillum/quadrillum_sai (from simplyswords-forge-1.47.0-1.19.2.jar), 
	simplyswords:mythicmetals_compat/quadrillum/quadrillum_spear (from simplyswords-forge-1.47.0-1.19.2.jar), 
	simplyswords:mythicmetals_compat/quadrillum/quadrillum_twinblade (from simplyswords-forge-1.47.0-1.19.2.jar), 
	simplyswords:mythicmetals_compat/quadrillum/quadrillum_warglaive (from simplyswords-forge-1.47.0-1.19.2.jar), 
	simplyswords:mythicmetals_compat/quadrillum/quadrillum_greathammer (from simplyswords-forge-1.47.0-1.19.2.jar), 
	simplyswords:mythicmetals_compat/quadrillum/quadrillum_greataxe (from simplyswords-forge-1.47.0-1.19.2.jar), 
	simplyswords:mythicmetals_compat/quadrillum/quadrillum_chakram (from simplyswords-forge-1.47.0-1.19.2.jar), 
	simplyswords:mythicmetals_compat/quadrillum/quadrillum_scythe (from simplyswords-forge-1.47.0-1.19.2.jar), 
	simplyswords:mythicmetals_compat/quadrillum/quadrillum_halberd (from simplyswords-forge-1.47.0-1.19.2.jar)
[26Oct2025 04:41:22.497] [Worker-Main2/ERROR] [net.minecraft.tags.TagLoader/]: Couldn't load tag [minecraft:carrots (from collection-of-singiro-1.19.x-1.1.4.jar), minecraft:potatoes (from collection-of-singiro-1.19.x-1.1.4.jar), minecraft:beetroots (from collection-of-singiro-1.19.x-1.1.4.jar), minecraft:cocao (from collection-of-singiro-1.19.x-1.1.4.jar), minecraft:sweet_berry_bush (from collection-of-singiro-1.19.x-1.1.4.jar)] as it is missing following references: minecraft:carrots (from collection-of-singiro-1.19.x-1.1.4.jar), 
	minecraft:potatoes (from collection-of-singiro-1.19.x-1.1.4.jar), 
	minecraft:beetroots (from collection-of-singiro-1.19.x-1.1.4.jar), 
	minecraft:cocao (from collection-of-singiro-1.19.x-1.1.4.jar), 
	minecraft:sweet_berry_bush (from collection-of-singiro-1.19.x-1.1.4.jar)
[26Oct2025 04:41:22.503] [Worker-Main2/ERROR] [net.minecraft.tags.TagLoader/]: Couldn't load tag [mythicmetals:mythicmetals_compat/carmot/carmot_claymore (from simplyswords-forge-1.47.0-1.19.2.jar), mythicmetals:mythicmetals_compat/carmot/carmot_cutlass (from simplyswords-forge-1.47.0-1.19.2.jar), mythicmetals:mythicmetals_compat/carmot/carmot_glaive (from simplyswords-forge-1.47.0-1.19.2.jar), mythicmetals:mythicmetals_compat/carmot/carmot_katana (from simplyswords-forge-1.47.0-1.19.2.jar), mythicmetals:mythicmetals_compat/carmot/carmot_longsword (from simplyswords-forge-1.47.0-1.19.2.jar), mythicmetals:mythicmetals_compat/carmot/carmot_rapier (from simplyswords-forge-1.47.0-1.19.2.jar), mythicmetals:mythicmetals_compat/carmot/carmot_sai (from simplyswords-forge-1.47.0-1.19.2.jar), mythicmetals:mythicmetals_compat/carmot/carmot_spear (from simplyswords-forge-1.47.0-1.19.2.jar), mythicmetals:mythicmetals_compat/carmot/carmot_twinblade (from simplyswords-forge-1.47.0-1.19.2.jar), mythicmetals:mythicmetals_compat/carmot/carmot_warglaive (from simplyswords-forge-1.47.0-1.19.2.jar), mythicmetals:mythicmetals_compat/carmot/carmot_greathammer (from simplyswords-forge-1.47.0-1.19.2.jar), mythicmetals:mythicmetals_compat/carmot/carmot_greataxe (from simplyswords-forge-1.47.0-1.19.2.jar), mythicmetals:mythicmetals_compat/carmot/carmot_chakram (from simplyswords-forge-1.47.0-1.19.2.jar), mythicmetals:mythicmetals_compat/carmot/carmot_scythe (from simplyswords-forge-1.47.0-1.19.2.jar), mythicmetals:mythicmetals_compat/carmot/carmot_halberd (from simplyswords-forge-1.47.0-1.19.2.jar)] as it is missing following references: mythicmetals:mythicmetals_compat/carmot/carmot_claymore (from simplyswords-forge-1.47.0-1.19.2.jar), 
	mythicmetals:mythicmetals_compat/carmot/carmot_cutlass (from simplyswords-forge-1.47.0-1.19.2.jar), 
	mythicmetals:mythicmetals_compat/carmot/carmot_glaive (from simplyswords-forge-1.47.0-1.19.2.jar), 
	mythicmetals:mythicmetals_compat/carmot/carmot_katana (from simplyswords-forge-1.47.0-1.19.2.jar), 
	mythicmetals:mythicmetals_compat/carmot/carmot_longsword (from simplyswords-forge-1.47.0-1.19.2.jar), 
	mythicmetals:mythicmetals_compat/carmot/carmot_rapier (from simplyswords-forge-1.47.0-1.19.2.jar), 
	mythicmetals:mythicmetals_compat/carmot/carmot_sai (from simplyswords-forge-1.47.0-1.19.2.jar), 
	mythicmetals:mythicmetals_compat/carmot/carmot_spear (from simplyswords-forge-1.47.0-1.19.2.jar), 
	mythicmetals:mythicmetals_compat/carmot/carmot_twinblade (from simplyswords-forge-1.47.0-1.19.2.jar), 
	mythicmetals:mythicmetals_compat/carmot/carmot_warglaive (from simplyswords-forge-1.47.0-1.19.2.jar), 
	mythicmetals:mythicmetals_compat/carmot/carmot_greathammer (from simplyswords-forge-1.47.0-1.19.2.jar), 
	mythicmetals:mythicmetals_compat/carmot/carmot_greataxe (from simplyswords-forge-1.47.0-1.19.2.jar), 
	mythicmetals:mythicmetals_compat/carmot/carmot_chakram (from simplyswords-forge-1.47.0-1.19.2.jar), 
	mythicmetals:mythicmetals_compat/carmot/carmot_scythe (from simplyswords-forge-1.47.0-1.19.2.jar), 
	mythicmetals:mythicmetals_compat/carmot/carmot_halberd (from simplyswords-forge-1.47.0-1.19.2.jar)
[26Oct2025 04:41:22.515] [Worker-Main2/ERROR] [net.minecraft.tags.TagLoader/]: Couldn't load tag [simplyswords:mythicmetals_compat/adamantite/adamantite_claymore (from simplyswords-forge-1.47.0-1.19.2.jar), simplyswords:mythicmetals_compat/adamantite/adamantite_cutlass (from simplyswords-forge-1.47.0-1.19.2.jar), simplyswords:mythicmetals_compat/adamantite/adamantite_glaive (from simplyswords-forge-1.47.0-1.19.2.jar), simplyswords:mythicmetals_compat/adamantite/adamantite_katana (from simplyswords-forge-1.47.0-1.19.2.jar), simplyswords:mythicmetals_compat/adamantite/adamantite_longsword (from simplyswords-forge-1.47.0-1.19.2.jar), simplyswords:mythicmetals_compat/adamantite/adamantite_rapier (from simplyswords-forge-1.47.0-1.19.2.jar), simplyswords:mythicmetals_compat/adamantite/adamantite_sai (from simplyswords-forge-1.47.0-1.19.2.jar), simplyswords:mythicmetals_compat/adamantite/adamantite_spear (from simplyswords-forge-1.47.0-1.19.2.jar), simplyswords:mythicmetals_compat/adamantite/adamantite_twinblade (from simplyswords-forge-1.47.0-1.19.2.jar), simplyswords:mythicmetals_compat/adamantite/adamantite_warglaive (from simplyswords-forge-1.47.0-1.19.2.jar), simplyswords:mythicmetals_compat/adamantite/adamantite_greathammer (from simplyswords-forge-1.47.0-1.19.2.jar), simplyswords:mythicmetals_compat/adamantite/adamantite_greataxe (from simplyswords-forge-1.47.0-1.19.2.jar), simplyswords:mythicmetals_compat/adamantite/adamantite_chakram (from simplyswords-forge-1.47.0-1.19.2.jar), simplyswords:mythicmetals_compat/adamantite/adamantite_scythe (from simplyswords-forge-1.47.0-1.19.2.jar), simplyswords:mythicmetals_compat/adamantite/adamantite_halberd (from simplyswords-forge-1.47.0-1.19.2.jar)] as it is missing following references: simplyswords:mythicmetals_compat/adamantite/adamantite_claymore (from simplyswords-forge-1.47.0-1.19.2.jar), 
	simplyswords:mythicmetals_compat/adamantite/adamantite_cutlass (from simplyswords-forge-1.47.0-1.19.2.jar), 
	simplyswords:mythicmetals_compat/adamantite/adamantite_glaive (from simplyswords-forge-1.47.0-1.19.2.jar), 
	simplyswords:mythicmetals_compat/adamantite/adamantite_katana (from simplyswords-forge-1.47.0-1.19.2.jar), 
	simplyswords:mythicmetals_compat/adamantite/adamantite_longsword (from simplyswords-forge-1.47.0-1.19.2.jar), 
	simplyswords:mythicmetals_compat/adamantite/adamantite_rapier (from simplyswords-forge-1.47.0-1.19.2.jar), 
	simplyswords:mythicmetals_compat/adamantite/adamantite_sai (from simplyswords-forge-1.47.0-1.19.2.jar), 
	simplyswords:mythicmetals_compat/adamantite/adamantite_spear (from simplyswords-forge-1.47.0-1.19.2.jar), 
	simplyswords:mythicmetals_compat/adamantite/adamantite_twinblade (from simplyswords-forge-1.47.0-1.19.2.jar), 
	simplyswords:mythicmetals_compat/adamantite/adamantite_warglaive (from simplyswords-forge-1.47.0-1.19.2.jar), 
	simplyswords:mythicmetals_compat/adamantite/adamantite_greathammer (from simplyswords-forge-1.47.0-1.19.2.jar), 
	simplyswords:mythicmetals_compat/adamantite/adamantite_greataxe (from simplyswords-forge-1.47.0-1.19.2.jar), 
	simplyswords:mythicmetals_compat/adamantite/adamantite_chakram (from simplyswords-forge-1.47.0-1.19.2.jar), 
	simplyswords:mythicmetals_compat/adamantite/adamantite_scythe (from simplyswords-forge-1.47.0-1.19.2.jar), 
	simplyswords:mythicmetals_compat/adamantite/adamantite_halberd (from simplyswords-forge-1.47.0-1.19.2.jar)
[26Oct2025 04:41:22.515] [Worker-Main2/ERROR] [net.minecraft.tags.TagLoader/]: Couldn't load tag [simplyswords:mythicmetals_compat/mythril/mythril_claymore (from simplyswords-forge-1.47.0-1.19.2.jar), simplyswords:mythicmetals_compat/mythril/mythril_cutlass (from simplyswords-forge-1.47.0-1.19.2.jar), simplyswords:mythicmetals_compat/mythril/mythril_glaive (from simplyswords-forge-1.47.0-1.19.2.jar), simplyswords:mythicmetals_compat/mythril/mythril_katana (from simplyswords-forge-1.47.0-1.19.2.jar), simplyswords:mythicmetals_compat/mythril/mythril_longsword (from simplyswords-forge-1.47.0-1.19.2.jar), simplyswords:mythicmetals_compat/mythril/mythril_rapier (from simplyswords-forge-1.47.0-1.19.2.jar), simplyswords:mythicmetals_compat/mythril/mythril_sai (from simplyswords-forge-1.47.0-1.19.2.jar), simplyswords:mythicmetals_compat/mythril/mythril_spear (from simplyswords-forge-1.47.0-1.19.2.jar), simplyswords:mythicmetals_compat/mythril/mythril_twinblade (from simplyswords-forge-1.47.0-1.19.2.jar), simplyswords:mythicmetals_compat/mythril/mythril_warglaive (from simplyswords-forge-1.47.0-1.19.2.jar), simplyswords:mythicmetals_compat/mythril/mythril_greathammer (from simplyswords-forge-1.47.0-1.19.2.jar), simplyswords:mythicmetals_compat/mythril/mythril_greataxe (from simplyswords-forge-1.47.0-1.19.2.jar), simplyswords:mythicmetals_compat/mythril/mythril_chakram (from simplyswords-forge-1.47.0-1.19.2.jar), simplyswords:mythicmetals_compat/mythril/mythril_scythe (from simplyswords-forge-1.47.0-1.19.2.jar), simplyswords:mythicmetals_compat/mythril/mythril_halberd (from simplyswords-forge-1.47.0-1.19.2.jar)] as it is missing following references: simplyswords:mythicmetals_compat/mythril/mythril_claymore (from simplyswords-forge-1.47.0-1.19.2.jar), 
	simplyswords:mythicmetals_compat/mythril/mythril_cutlass (from simplyswords-forge-1.47.0-1.19.2.jar), 
	simplyswords:mythicmetals_compat/mythril/mythril_glaive (from simplyswords-forge-1.47.0-1.19.2.jar), 
	simplyswords:mythicmetals_compat/mythril/mythril_katana (from simplyswords-forge-1.47.0-1.19.2.jar), 
	simplyswords:mythicmetals_compat/mythril/mythril_longsword (from simplyswords-forge-1.47.0-1.19.2.jar), 
	simplyswords:mythicmetals_compat/mythril/mythril_rapier (from simplyswords-forge-1.47.0-1.19.2.jar), 
	simplyswords:mythicmetals_compat/mythril/mythril_sai (from simplyswords-forge-1.47.0-1.19.2.jar), 
	simplyswords:mythicmetals_compat/mythril/mythril_spear (from simplyswords-forge-1.47.0-1.19.2.jar), 
	simplyswords:mythicmetals_compat/mythril/mythril_twinblade (from simplyswords-forge-1.47.0-1.19.2.jar), 
	simplyswords:mythicmetals_compat/mythril/mythril_warglaive (from simplyswords-forge-1.47.0-1.19.2.jar), 
	simplyswords:mythicmetals_compat/mythril/mythril_greathammer (from simplyswords-forge-1.47.0-1.19.2.jar), 
	simplyswords:mythicmetals_compat/mythril/mythril_greataxe (from simplyswords-forge-1.47.0-1.19.2.jar), 
	simplyswords:mythicmetals_compat/mythril/mythril_chakram (from simplyswords-forge-1.47.0-1.19.2.jar), 
	simplyswords:mythicmetals_compat/mythril/mythril_scythe (from simplyswords-forge-1.47.0-1.19.2.jar), 
	simplyswords:mythicmetals_compat/mythril/mythril_halberd (from simplyswords-forge-1.47.0-1.19.2.jar)
[26Oct2025 04:41:22.520] [Worker-Main2/ERROR] [net.minecraft.tags.TagLoader/]: Couldn't load tag [simplyswords:mythicmetals_compat/osmium/osmium_claymore (from simplyswords-forge-1.47.0-1.19.2.jar), simplyswords:mythicmetals_compat/osmium/osmium_cutlass (from simplyswords-forge-1.47.0-1.19.2.jar), simplyswords:mythicmetals_compat/osmium/osmium_glaive (from simplyswords-forge-1.47.0-1.19.2.jar), simplyswords:mythicmetals_compat/osmium/osmium_katana (from simplyswords-forge-1.47.0-1.19.2.jar), simplyswords:mythicmetals_compat/osmium/osmium_longsword (from simplyswords-forge-1.47.0-1.19.2.jar), simplyswords:mythicmetals_compat/osmium/osmium_rapier (from simplyswords-forge-1.47.0-1.19.2.jar), simplyswords:mythicmetals_compat/osmium/osmium_sai (from simplyswords-forge-1.47.0-1.19.2.jar), simplyswords:mythicmetals_compat/osmium/osmium_spear (from simplyswords-forge-1.47.0-1.19.2.jar), simplyswords:mythicmetals_compat/osmium/osmium_twinblade (from simplyswords-forge-1.47.0-1.19.2.jar), simplyswords:mythicmetals_compat/osmium/osmium_warglaive (from simplyswords-forge-1.47.0-1.19.2.jar), simplyswords:mythicmetals_compat/osmium/osmium_greathammer (from simplyswords-forge-1.47.0-1.19.2.jar), simplyswords:mythicmetals_compat/osmium/osmium_greataxe (from simplyswords-forge-1.47.0-1.19.2.jar), simplyswords:mythicmetals_compat/osmium/osmium_chakram (from simplyswords-forge-1.47.0-1.19.2.jar), simplyswords:mythicmetals_compat/osmium/osmium_scythe (from simplyswords-forge-1.47.0-1.19.2.jar), simplyswords:mythicmetals_compat/osmium/osmium_halberd (from simplyswords-forge-1.47.0-1.19.2.jar)] as it is missing following references: simplyswords:mythicmetals_compat/osmium/osmium_claymore (from simplyswords-forge-1.47.0-1.19.2.jar), 
	simplyswords:mythicmetals_compat/osmium/osmium_cutlass (from simplyswords-forge-1.47.0-1.19.2.jar), 
	simplyswords:mythicmetals_compat/osmium/osmium_glaive (from simplyswords-forge-1.47.0-1.19.2.jar), 
	simplyswords:mythicmetals_compat/osmium/osmium_katana (from simplyswords-forge-1.47.0-1.19.2.jar), 
	simplyswords:mythicmetals_compat/osmium/osmium_longsword (from simplyswords-forge-1.47.0-1.19.2.jar), 
	simplyswords:mythicmetals_compat/osmium/osmium_rapier (from simplyswords-forge-1.47.0-1.19.2.jar), 
	simplyswords:mythicmetals_compat/osmium/osmium_sai (from simplyswords-forge-1.47.0-1.19.2.jar), 
	simplyswords:mythicmetals_compat/osmium/osmium_spear (from simplyswords-forge-1.47.0-1.19.2.jar), 
	simplyswords:mythicmetals_compat/osmium/osmium_twinblade (from simplyswords-forge-1.47.0-1.19.2.jar), 
	simplyswords:mythicmetals_compat/osmium/osmium_warglaive (from simplyswords-forge-1.47.0-1.19.2.jar), 
	simplyswords:mythicmetals_compat/osmium/osmium_greathammer (from simplyswords-forge-1.47.0-1.19.2.jar), 
	simplyswords:mythicmetals_compat/osmium/osmium_greataxe (from simplyswords-forge-1.47.0-1.19.2.jar), 
	simplyswords:mythicmetals_compat/osmium/osmium_chakram (from simplyswords-forge-1.47.0-1.19.2.jar), 
	simplyswords:mythicmetals_compat/osmium/osmium_scythe (from simplyswords-forge-1.47.0-1.19.2.jar), 
	simplyswords:mythicmetals_compat/osmium/osmium_halberd (from simplyswords-forge-1.47.0-1.19.2.jar)
[26Oct2025 04:41:22.521] [Worker-Main2/ERROR] [net.minecraft.tags.TagLoader/]: Couldn't load tag [simplyswords:mythicmetals_compat/runite/runite_claymore (from simplyswords-forge-1.47.0-1.19.2.jar), simplyswords:mythicmetals_compat/runite/runite_cutlass (from simplyswords-forge-1.47.0-1.19.2.jar), simplyswords:mythicmetals_compat/runite/runite_glaive (from simplyswords-forge-1.47.0-1.19.2.jar), simplyswords:mythicmetals_compat/runite/runite_katana (from simplyswords-forge-1.47.0-1.19.2.jar), simplyswords:mythicmetals_compat/runite/runite_longsword (from simplyswords-forge-1.47.0-1.19.2.jar), simplyswords:mythicmetals_compat/runite/runite_rapier (from simplyswords-forge-1.47.0-1.19.2.jar), simplyswords:mythicmetals_compat/runite/runite_sai (from simplyswords-forge-1.47.0-1.19.2.jar), simplyswords:mythicmetals_compat/runite/runite_spear (from simplyswords-forge-1.47.0-1.19.2.jar), simplyswords:mythicmetals_compat/runite/runite_twinblade (from simplyswords-forge-1.47.0-1.19.2.jar), simplyswords:mythicmetals_compat/runite/runite_warglaive (from simplyswords-forge-1.47.0-1.19.2.jar), simplyswords:mythicmetals_compat/runite/runite_greathammer (from simplyswords-forge-1.47.0-1.19.2.jar), simplyswords:mythicmetals_compat/runite/runite_greataxe (from simplyswords-forge-1.47.0-1.19.2.jar), simplyswords:mythicmetals_compat/runite/runite_chakram (from simplyswords-forge-1.47.0-1.19.2.jar), simplyswords:mythicmetals_compat/runite/runite_scythe (from simplyswords-forge-1.47.0-1.19.2.jar), simplyswords:mythicmetals_compat/runite/runite_halberd (from simplyswords-forge-1.47.0-1.19.2.jar)] as it is missing following references: simplyswords:mythicmetals_compat/runite/runite_claymore (from simplyswords-forge-1.47.0-1.19.2.jar), 
	simplyswords:mythicmetals_compat/runite/runite_cutlass (from simplyswords-forge-1.47.0-1.19.2.jar), 
	simplyswords:mythicmetals_compat/runite/runite_glaive (from simplyswords-forge-1.47.0-1.19.2.jar), 
	simplyswords:mythicmetals_compat/runite/runite_katana (from simplyswords-forge-1.47.0-1.19.2.jar), 
	simplyswords:mythicmetals_compat/runite/runite_longsword (from simplyswords-forge-1.47.0-1.19.2.jar), 
	simplyswords:mythicmetals_compat/runite/runite_rapier (from simplyswords-forge-1.47.0-1.19.2.jar), 
	simplyswords:mythicmetals_compat/runite/runite_sai (from simplyswords-forge-1.47.0-1.19.2.jar), 
	simplyswords:mythicmetals_compat/runite/runite_spear (from simplyswords-forge-1.47.0-1.19.2.jar), 
	simplyswords:mythicmetals_compat/runite/runite_twinblade (from simplyswords-forge-1.47.0-1.19.2.jar), 
	simplyswords:mythicmetals_compat/runite/runite_warglaive (from simplyswords-forge-1.47.0-1.19.2.jar), 
	simplyswords:mythicmetals_compat/runite/runite_greathammer (from simplyswords-forge-1.47.0-1.19.2.jar), 
	simplyswords:mythicmetals_compat/runite/runite_greataxe (from simplyswords-forge-1.47.0-1.19.2.jar), 
	simplyswords:mythicmetals_compat/runite/runite_chakram (from simplyswords-forge-1.47.0-1.19.2.jar), 
	simplyswords:mythicmetals_compat/runite/runite_scythe (from simplyswords-forge-1.47.0-1.19.2.jar), 
	simplyswords:mythicmetals_compat/runite/runite_halberd (from simplyswords-forge-1.47.0-1.19.2.jar)
[26Oct2025 04:41:22.521] [Worker-Main2/ERROR] [net.minecraft.tags.TagLoader/]: Couldn't load tag [simplyswords:mythicmetals_compat/palladium/palladium_claymore (from simplyswords-forge-1.47.0-1.19.2.jar), simplyswords:mythicmetals_compat/palladium/palladium_cutlass (from simplyswords-forge-1.47.0-1.19.2.jar), simplyswords:mythicmetals_compat/palladium/palladium_glaive (from simplyswords-forge-1.47.0-1.19.2.jar), simplyswords:mythicmetals_compat/palladium/palladium_katana (from simplyswords-forge-1.47.0-1.19.2.jar), simplyswords:mythicmetals_compat/palladium/palladium_longsword (from simplyswords-forge-1.47.0-1.19.2.jar), simplyswords:mythicmetals_compat/palladium/palladium_rapier (from simplyswords-forge-1.47.0-1.19.2.jar), simplyswords:mythicmetals_compat/palladium/palladium_sai (from simplyswords-forge-1.47.0-1.19.2.jar), simplyswords:mythicmetals_compat/palladium/palladium_spear (from simplyswords-forge-1.47.0-1.19.2.jar), simplyswords:mythicmetals_compat/palladium/palladium_twinblade (from simplyswords-forge-1.47.0-1.19.2.jar), simplyswords:mythicmetals_compat/palladium/palladium_warglaive (from simplyswords-forge-1.47.0-1.19.2.jar), simplyswords:mythicmetals_compat/palladium/palladium_greathammer (from simplyswords-forge-1.47.0-1.19.2.jar), simplyswords:mythicmetals_compat/palladium/palladium_greataxe (from simplyswords-forge-1.47.0-1.19.2.jar), simplyswords:mythicmetals_compat/palladium/palladium_chakram (from simplyswords-forge-1.47.0-1.19.2.jar), simplyswords:mythicmetals_compat/palladium/palladium_scythe (from simplyswords-forge-1.47.0-1.19.2.jar), simplyswords:mythicmetals_compat/palladium/palladium_halberd (from simplyswords-forge-1.47.0-1.19.2.jar)] as it is missing following references: simplyswords:mythicmetals_compat/palladium/palladium_claymore (from simplyswords-forge-1.47.0-1.19.2.jar), 
	simplyswords:mythicmetals_compat/palladium/palladium_cutlass (from simplyswords-forge-1.47.0-1.19.2.jar), 
	simplyswords:mythicmetals_compat/palladium/palladium_glaive (from simplyswords-forge-1.47.0-1.19.2.jar), 
	simplyswords:mythicmetals_compat/palladium/palladium_katana (from simplyswords-forge-1.47.0-1.19.2.jar), 
	simplyswords:mythicmetals_compat/palladium/palladium_longsword (from simplyswords-forge-1.47.0-1.19.2.jar), 
	simplyswords:mythicmetals_compat/palladium/palladium_rapier (from simplyswords-forge-1.47.0-1.19.2.jar), 
	simplyswords:mythicmetals_compat/palladium/palladium_sai (from simplyswords-forge-1.47.0-1.19.2.jar), 
	simplyswords:mythicmetals_compat/palladium/palladium_spear (from simplyswords-forge-1.47.0-1.19.2.jar), 
	simplyswords:mythicmetals_compat/palladium/palladium_twinblade (from simplyswords-forge-1.47.0-1.19.2.jar), 
	simplyswords:mythicmetals_compat/palladium/palladium_warglaive (from simplyswords-forge-1.47.0-1.19.2.jar), 
	simplyswords:mythicmetals_compat/palladium/palladium_greathammer (from simplyswords-forge-1.47.0-1.19.2.jar), 
	simplyswords:mythicmetals_compat/palladium/palladium_greataxe (from simplyswords-forge-1.47.0-1.19.2.jar), 
	simplyswords:mythicmetals_compat/palladium/palladium_chakram (from simplyswords-forge-1.47.0-1.19.2.jar), 
	simplyswords:mythicmetals_compat/palladium/palladium_scythe (from simplyswords-forge-1.47.0-1.19.2.jar), 
	simplyswords:mythicmetals_compat/palladium/palladium_halberd (from simplyswords-forge-1.47.0-1.19.2.jar)
[26Oct2025 04:41:22.529] [Worker-Main2/ERROR] [net.minecraft.tags.TagLoader/]: Couldn't load tag [simplyswords:mythicmetals_compat/durasteel/durasteel_greathammer (from simplyswords-forge-1.47.0-1.19.2.jar)] as it is missing following references: simplyswords:mythicmetals_compat/durasteel/durasteel_greathammer (from simplyswords-forge-1.47.0-1.19.2.jar)
[26Oct2025 04:41:22.530] [Worker-Main2/ERROR] [net.minecraft.tags.TagLoader/]: Couldn't load tag [simplyswords:mythicmetals_compat/prometheum/prometheum_claymore (from simplyswords-forge-1.47.0-1.19.2.jar), simplyswords:mythicmetals_compat/prometheum/prometheum_cutlass (from simplyswords-forge-1.47.0-1.19.2.jar), simplyswords:mythicmetals_compat/prometheum/prometheum_glaive (from simplyswords-forge-1.47.0-1.19.2.jar), simplyswords:mythicmetals_compat/prometheum/prometheum_katana (from simplyswords-forge-1.47.0-1.19.2.jar), simplyswords:mythicmetals_compat/prometheum/prometheum_longsword (from simplyswords-forge-1.47.0-1.19.2.jar), simplyswords:mythicmetals_compat/prometheum/prometheum_rapier (from simplyswords-forge-1.47.0-1.19.2.jar), simplyswords:mythicmetals_compat/prometheum/prometheum_sai (from simplyswords-forge-1.47.0-1.19.2.jar), simplyswords:mythicmetals_compat/prometheum/prometheum_spear (from simplyswords-forge-1.47.0-1.19.2.jar), simplyswords:mythicmetals_compat/prometheum/prometheum_twinblade (from simplyswords-forge-1.47.0-1.19.2.jar), simplyswords:mythicmetals_compat/prometheum/prometheum_warglaive (from simplyswords-forge-1.47.0-1.19.2.jar), simplyswords:mythicmetals_compat/prometheum/prometheum_greathammer (from simplyswords-forge-1.47.0-1.19.2.jar), simplyswords:mythicmetals_compat/prometheum/prometheum_greataxe (from simplyswords-forge-1.47.0-1.19.2.jar), simplyswords:mythicmetals_compat/prometheum/prometheum_chakram (from simplyswords-forge-1.47.0-1.19.2.jar), simplyswords:mythicmetals_compat/prometheum/prometheum_scythe (from simplyswords-forge-1.47.0-1.19.2.jar), simplyswords:mythicmetals_compat/prometheum/prometheum_halberd (from simplyswords-forge-1.47.0-1.19.2.jar)] as it is missing following references: simplyswords:mythicmetals_compat/prometheum/prometheum_claymore (from simplyswords-forge-1.47.0-1.19.2.jar), 
	simplyswords:mythicmetals_compat/prometheum/prometheum_cutlass (from simplyswords-forge-1.47.0-1.19.2.jar), 
	simplyswords:mythicmetals_compat/prometheum/prometheum_glaive (from simplyswords-forge-1.47.0-1.19.2.jar), 
	simplyswords:mythicmetals_compat/prometheum/prometheum_katana (from simplyswords-forge-1.47.0-1.19.2.jar), 
	simplyswords:mythicmetals_compat/prometheum/prometheum_longsword (from simplyswords-forge-1.47.0-1.19.2.jar), 
	simplyswords:mythicmetals_compat/prometheum/prometheum_rapier (from simplyswords-forge-1.47.0-1.19.2.jar), 
	simplyswords:mythicmetals_compat/prometheum/prometheum_sai (from simplyswords-forge-1.47.0-1.19.2.jar), 
	simplyswords:mythicmetals_compat/prometheum/prometheum_spear (from simplyswords-forge-1.47.0-1.19.2.jar), 
	simplyswords:mythicmetals_compat/prometheum/prometheum_twinblade (from simplyswords-forge-1.47.0-1.19.2.jar), 
	simplyswords:mythicmetals_compat/prometheum/prometheum_warglaive (from simplyswords-forge-1.47.0-1.19.2.jar), 
	simplyswords:mythicmetals_compat/prometheum/prometheum_greathammer (from simplyswords-forge-1.47.0-1.19.2.jar), 
	simplyswords:mythicmetals_compat/prometheum/prometheum_greataxe (from simplyswords-forge-1.47.0-1.19.2.jar), 
	simplyswords:mythicmetals_compat/prometheum/prometheum_chakram (from simplyswords-forge-1.47.0-1.19.2.jar), 
	simplyswords:mythicmetals_compat/prometheum/prometheum_scythe (from simplyswords-forge-1.47.0-1.19.2.jar), 
	simplyswords:mythicmetals_compat/prometheum/prometheum_halberd (from simplyswords-forge-1.47.0-1.19.2.jar)
[26Oct2025 04:41:22.531] [Worker-Main2/ERROR] [net.minecraft.tags.TagLoader/]: Couldn't load tag [simplyswords:mythicmetals_compat/kyber/kyber_claymore (from simplyswords-forge-1.47.0-1.19.2.jar), simplyswords:mythicmetals_compat/kyber/kyber_cutlass (from simplyswords-forge-1.47.0-1.19.2.jar), simplyswords:mythicmetals_compat/kyber/kyber_glaive (from simplyswords-forge-1.47.0-1.19.2.jar), simplyswords:mythicmetals_compat/kyber/kyber_katana (from simplyswords-forge-1.47.0-1.19.2.jar), simplyswords:mythicmetals_compat/kyber/kyber_longsword (from simplyswords-forge-1.47.0-1.19.2.jar), simplyswords:mythicmetals_compat/kyber/kyber_rapier (from simplyswords-forge-1.47.0-1.19.2.jar), simplyswords:mythicmetals_compat/kyber/kyber_sai (from simplyswords-forge-1.47.0-1.19.2.jar), simplyswords:mythicmetals_compat/kyber/kyber_spear (from simplyswords-forge-1.47.0-1.19.2.jar), simplyswords:mythicmetals_compat/kyber/kyber_twinblade (from simplyswords-forge-1.47.0-1.19.2.jar), simplyswords:mythicmetals_compat/kyber/kyber_warglaive (from simplyswords-forge-1.47.0-1.19.2.jar), simplyswords:mythicmetals_compat/kyber/kyber_greathammer (from simplyswords-forge-1.47.0-1.19.2.jar), simplyswords:mythicmetals_compat/kyber/kyber_greataxe (from simplyswords-forge-1.47.0-1.19.2.jar), simplyswords:mythicmetals_compat/kyber/kyber_chakram (from simplyswords-forge-1.47.0-1.19.2.jar), simplyswords:mythicmetals_compat/kyber/kyber_scythe (from simplyswords-forge-1.47.0-1.19.2.jar), simplyswords:mythicmetals_compat/kyber/kyber_halberd (from simplyswords-forge-1.47.0-1.19.2.jar)] as it is missing following references: simplyswords:mythicmetals_compat/kyber/kyber_claymore (from simplyswords-forge-1.47.0-1.19.2.jar), 
	simplyswords:mythicmetals_compat/kyber/kyber_cutlass (from simplyswords-forge-1.47.0-1.19.2.jar), 
	simplyswords:mythicmetals_compat/kyber/kyber_glaive (from simplyswords-forge-1.47.0-1.19.2.jar), 
	simplyswords:mythicmetals_compat/kyber/kyber_katana (from simplyswords-forge-1.47.0-1.19.2.jar), 
	simplyswords:mythicmetals_compat/kyber/kyber_longsword (from simplyswords-forge-1.47.0-1.19.2.jar), 
	simplyswords:mythicmetals_compat/kyber/kyber_rapier (from simplyswords-forge-1.47.0-1.19.2.jar), 
	simplyswords:mythicmetals_compat/kyber/kyber_sai (from simplyswords-forge-1.47.0-1.19.2.jar), 
	simplyswords:mythicmetals_compat/kyber/kyber_spear (from simplyswords-forge-1.47.0-1.19.2.jar), 
	simplyswords:mythicmetals_compat/kyber/kyber_twinblade (from simplyswords-forge-1.47.0-1.19.2.jar), 
	simplyswords:mythicmetals_compat/kyber/kyber_warglaive (from simplyswords-forge-1.47.0-1.19.2.jar), 
	simplyswords:mythicmetals_compat/kyber/kyber_greathammer (from simplyswords-forge-1.47.0-1.19.2.jar), 
	simplyswords:mythicmetals_compat/kyber/kyber_greataxe (from simplyswords-forge-1.47.0-1.19.2.jar), 
	simplyswords:mythicmetals_compat/kyber/kyber_chakram (from simplyswords-forge-1.47.0-1.19.2.jar), 
	simplyswords:mythicmetals_compat/kyber/kyber_scythe (from simplyswords-forge-1.47.0-1.19.2.jar), 
	simplyswords:mythicmetals_compat/kyber/kyber_halberd (from simplyswords-forge-1.47.0-1.19.2.jar)
[26Oct2025 04:41:22.532] [Worker-Main2/ERROR] [net.minecraft.tags.TagLoader/]: Couldn't load tag [minecraft:sinister_sword (from collection-of-singiro-1.19.x-1.1.4.jar), dungeons_gear:rapier (from collection-of-singiro-1.19.x-1.1.4.jar), dungeons_gear:gold_sword (from collection-of-singiro-1.19.x-1.1.4.jar)] as it is missing following references: minecraft:sinister_sword (from collection-of-singiro-1.19.x-1.1.4.jar), 
	dungeons_gear:rapier (from collection-of-singiro-1.19.x-1.1.4.jar), 
	dungeons_gear:gold_sword (from collection-of-singiro-1.19.x-1.1.4.jar)
[26Oct2025 04:41:22.533] [Worker-Main2/ERROR] [net.minecraft.tags.TagLoader/]: Couldn't load tag [simplyswords:mythicmetals_compat/metallurgium/metallurgium_claymore (from simplyswords-forge-1.47.0-1.19.2.jar), simplyswords:mythicmetals_compat/metallurgium/metallurgium_cutlass (from simplyswords-forge-1.47.0-1.19.2.jar), simplyswords:mythicmetals_compat/metallurgium/metallurgium_glaive (from simplyswords-forge-1.47.0-1.19.2.jar), simplyswords:mythicmetals_compat/metallurgium/metallurgium_katana (from simplyswords-forge-1.47.0-1.19.2.jar), simplyswords:mythicmetals_compat/metallurgium/metallurgium_longsword (from simplyswords-forge-1.47.0-1.19.2.jar), simplyswords:mythicmetals_compat/metallurgium/metallurgium_rapier (from simplyswords-forge-1.47.0-1.19.2.jar), simplyswords:mythicmetals_compat/metallurgium/metallurgium_sai (from simplyswords-forge-1.47.0-1.19.2.jar), simplyswords:mythicmetals_compat/metallurgium/metallurgium_spear (from simplyswords-forge-1.47.0-1.19.2.jar), simplyswords:mythicmetals_compat/metallurgium/metallurgium_twinblade (from simplyswords-forge-1.47.0-1.19.2.jar), simplyswords:mythicmetals_compat/metallurgium/metallurgium_warglaive (from simplyswords-forge-1.47.0-1.19.2.jar), simplyswords:mythicmetals_compat/metallurgium/metallurgium_greathammer (from simplyswords-forge-1.47.0-1.19.2.jar), simplyswords:mythicmetals_compat/metallurgium/metallurgium_greataxe (from simplyswords-forge-1.47.0-1.19.2.jar), simplyswords:mythicmetals_compat/metallurgium/metallurgium_chakram (from simplyswords-forge-1.47.0-1.19.2.jar), simplyswords:mythicmetals_compat/metallurgium/metallurgium_scythe (from simplyswords-forge-1.47.0-1.19.2.jar), simplyswords:mythicmetals_compat/metallurgium/metallurgium_halberd (from simplyswords-forge-1.47.0-1.19.2.jar)] as it is missing following references: simplyswords:mythicmetals_compat/metallurgium/metallurgium_claymore (from simplyswords-forge-1.47.0-1.19.2.jar), 
	simplyswords:mythicmetals_compat/metallurgium/metallurgium_cutlass (from simplyswords-forge-1.47.0-1.19.2.jar), 
	simplyswords:mythicmetals_compat/metallurgium/metallurgium_glaive (from simplyswords-forge-1.47.0-1.19.2.jar), 
	simplyswords:mythicmetals_compat/metallurgium/metallurgium_katana (from simplyswords-forge-1.47.0-1.19.2.jar), 
	simplyswords:mythicmetals_compat/metallurgium/metallurgium_longsword (from simplyswords-forge-1.47.0-1.19.2.jar), 
	simplyswords:mythicmetals_compat/metallurgium/metallurgium_rapier (from simplyswords-forge-1.47.0-1.19.2.jar), 
	simplyswords:mythicmetals_compat/metallurgium/metallurgium_sai (from simplyswords-forge-1.47.0-1.19.2.jar), 
	simplyswords:mythicmetals_compat/metallurgium/metallurgium_spear (from simplyswords-forge-1.47.0-1.19.2.jar), 
	simplyswords:mythicmetals_compat/metallurgium/metallurgium_twinblade (from simplyswords-forge-1.47.0-1.19.2.jar), 
	simplyswords:mythicmetals_compat/metallurgium/metallurgium_warglaive (from simplyswords-forge-1.47.0-1.19.2.jar), 
	simplyswords:mythicmetals_compat/metallurgium/metallurgium_greathammer (from simplyswords-forge-1.47.0-1.19.2.jar), 
	simplyswords:mythicmetals_compat/metallurgium/metallurgium_greataxe (from simplyswords-forge-1.47.0-1.19.2.jar), 
	simplyswords:mythicmetals_compat/metallurgium/metallurgium_chakram (from simplyswords-forge-1.47.0-1.19.2.jar), 
	simplyswords:mythicmetals_compat/metallurgium/metallurgium_scythe (from simplyswords-forge-1.47.0-1.19.2.jar), 
	simplyswords:mythicmetals_compat/metallurgium/metallurgium_halberd (from simplyswords-forge-1.47.0-1.19.2.jar)
[26Oct2025 04:41:22.534] [Worker-Main2/ERROR] [net.minecraft.tags.TagLoader/]: Couldn't load tag [simplyswords:mythicmetals_compat/orichalcum/orichalcum_claymore (from simplyswords-forge-1.47.0-1.19.2.jar), simplyswords:mythicmetals_compat/orichalcum/orichalcum_cutlass (from simplyswords-forge-1.47.0-1.19.2.jar), simplyswords:mythicmetals_compat/orichalcum/orichalcum_glaive (from simplyswords-forge-1.47.0-1.19.2.jar), simplyswords:mythicmetals_compat/orichalcum/orichalcum_katana (from simplyswords-forge-1.47.0-1.19.2.jar), simplyswords:mythicmetals_compat/orichalcum/orichalcum_longsword (from simplyswords-forge-1.47.0-1.19.2.jar), simplyswords:mythicmetals_compat/orichalcum/orichalcum_rapier (from simplyswords-forge-1.47.0-1.19.2.jar), simplyswords:mythicmetals_compat/orichalcum/orichalcum_sai (from simplyswords-forge-1.47.0-1.19.2.jar), simplyswords:mythicmetals_compat/orichalcum/orichalcum_spear (from simplyswords-forge-1.47.0-1.19.2.jar), simplyswords:mythicmetals_compat/orichalcum/orichalcum_twinblade (from simplyswords-forge-1.47.0-1.19.2.jar), simplyswords:mythicmetals_compat/orichalcum/orichalcum_warglaive (from simplyswords-forge-1.47.0-1.19.2.jar), simplyswords:mythicmetals_compat/orichalcum/orichalcum_greathammer (from simplyswords-forge-1.47.0-1.19.2.jar), simplyswords:mythicmetals_compat/orichalcum/orichalcum_greataxe (from simplyswords-forge-1.47.0-1.19.2.jar), simplyswords:mythicmetals_compat/orichalcum/orichalcum_chakram (from simplyswords-forge-1.47.0-1.19.2.jar), simplyswords:mythicmetals_compat/orichalcum/orichalcum_scythe (from simplyswords-forge-1.47.0-1.19.2.jar), simplyswords:mythicmetals_compat/orichalcum/orichalcum_halberd (from simplyswords-forge-1.47.0-1.19.2.jar)] as it is missing following references: simplyswords:mythicmetals_compat/orichalcum/orichalcum_claymore (from simplyswords-forge-1.47.0-1.19.2.jar), 
	simplyswords:mythicmetals_compat/orichalcum/orichalcum_cutlass (from simplyswords-forge-1.47.0-1.19.2.jar), 
	simplyswords:mythicmetals_compat/orichalcum/orichalcum_glaive (from simplyswords-forge-1.47.0-1.19.2.jar), 
	simplyswords:mythicmetals_compat/orichalcum/orichalcum_katana (from simplyswords-forge-1.47.0-1.19.2.jar), 
	simplyswords:mythicmetals_compat/orichalcum/orichalcum_longsword (from simplyswords-forge-1.47.0-1.19.2.jar), 
	simplyswords:mythicmetals_compat/orichalcum/orichalcum_rapier (from simplyswords-forge-1.47.0-1.19.2.jar), 
	simplyswords:mythicmetals_compat/orichalcum/orichalcum_sai (from simplyswords-forge-1.47.0-1.19.2.jar), 
	simplyswords:mythicmetals_compat/orichalcum/orichalcum_spear (from simplyswords-forge-1.47.0-1.19.2.jar), 
	simplyswords:mythicmetals_compat/orichalcum/orichalcum_twinblade (from simplyswords-forge-1.47.0-1.19.2.jar), 
	simplyswords:mythicmetals_compat/orichalcum/orichalcum_warglaive (from simplyswords-forge-1.47.0-1.19.2.jar), 
	simplyswords:mythicmetals_compat/orichalcum/orichalcum_greathammer (from simplyswords-forge-1.47.0-1.19.2.jar), 
	simplyswords:mythicmetals_compat/orichalcum/orichalcum_greataxe (from simplyswords-forge-1.47.0-1.19.2.jar), 
	simplyswords:mythicmetals_compat/orichalcum/orichalcum_chakram (from simplyswords-forge-1.47.0-1.19.2.jar), 
	simplyswords:mythicmetals_compat/orichalcum/orichalcum_scythe (from simplyswords-forge-1.47.0-1.19.2.jar), 
	simplyswords:mythicmetals_compat/orichalcum/orichalcum_halberd (from simplyswords-forge-1.47.0-1.19.2.jar)
[26Oct2025 04:41:22.536] [Worker-Main2/ERROR] [net.minecraft.tags.TagLoader/]: Couldn't load tag [simplyswords:mythicmetals_compat/celestium/celestium_claymore (from simplyswords-forge-1.47.0-1.19.2.jar), simplyswords:mythicmetals_compat/celestium/celestium_cutlass (from simplyswords-forge-1.47.0-1.19.2.jar), simplyswords:mythicmetals_compat/celestium/celestium_glaive (from simplyswords-forge-1.47.0-1.19.2.jar), simplyswords:mythicmetals_compat/celestium/celestium_katana (from simplyswords-forge-1.47.0-1.19.2.jar), simplyswords:mythicmetals_compat/celestium/celestium_longsword (from simplyswords-forge-1.47.0-1.19.2.jar), simplyswords:mythicmetals_compat/celestium/celestium_rapier (from simplyswords-forge-1.47.0-1.19.2.jar), simplyswords:mythicmetals_compat/celestium/celestium_sai (from simplyswords-forge-1.47.0-1.19.2.jar), simplyswords:mythicmetals_compat/celestium/celestium_spear (from simplyswords-forge-1.47.0-1.19.2.jar), simplyswords:mythicmetals_compat/celestium/celestium_twinblade (from simplyswords-forge-1.47.0-1.19.2.jar), simplyswords:mythicmetals_compat/celestium/celestium_warglaive (from simplyswords-forge-1.47.0-1.19.2.jar), simplyswords:mythicmetals_compat/celestium/celestium_greathammer (from simplyswords-forge-1.47.0-1.19.2.jar), simplyswords:mythicmetals_compat/celestium/celestium_greataxe (from simplyswords-forge-1.47.0-1.19.2.jar), simplyswords:mythicmetals_compat/celestium/celestium_chakram (from simplyswords-forge-1.47.0-1.19.2.jar), simplyswords:mythicmetals_compat/celestium/celestium_scythe (from simplyswords-forge-1.47.0-1.19.2.jar), simplyswords:mythicmetals_compat/celestium/celestium_halberd (from simplyswords-forge-1.47.0-1.19.2.jar)] as it is missing following references: simplyswords:mythicmetals_compat/celestium/celestium_claymore (from simplyswords-forge-1.47.0-1.19.2.jar), 
	simplyswords:mythicmetals_compat/celestium/celestium_cutlass (from simplyswords-forge-1.47.0-1.19.2.jar), 
	simplyswords:mythicmetals_compat/celestium/celestium_glaive (from simplyswords-forge-1.47.0-1.19.2.jar), 
	simplyswords:mythicmetals_compat/celestium/celestium_katana (from simplyswords-forge-1.47.0-1.19.2.jar), 
	simplyswords:mythicmetals_compat/celestium/celestium_longsword (from simplyswords-forge-1.47.0-1.19.2.jar), 
	simplyswords:mythicmetals_compat/celestium/celestium_rapier (from simplyswords-forge-1.47.0-1.19.2.jar), 
	simplyswords:mythicmetals_compat/celestium/celestium_sai (from simplyswords-forge-1.47.0-1.19.2.jar), 
	simplyswords:mythicmetals_compat/celestium/celestium_spear (from simplyswords-forge-1.47.0-1.19.2.jar), 
	simplyswords:mythicmetals_compat/celestium/celestium_twinblade (from simplyswords-forge-1.47.0-1.19.2.jar), 
	simplyswords:mythicmetals_compat/celestium/celestium_warglaive (from simplyswords-forge-1.47.0-1.19.2.jar), 
	simplyswords:mythicmetals_compat/celestium/celestium_greathammer (from simplyswords-forge-1.47.0-1.19.2.jar), 
	simplyswords:mythicmetals_compat/celestium/celestium_greataxe (from simplyswords-forge-1.47.0-1.19.2.jar), 
	simplyswords:mythicmetals_compat/celestium/celestium_chakram (from simplyswords-forge-1.47.0-1.19.2.jar), 
	simplyswords:mythicmetals_compat/celestium/celestium_scythe (from simplyswords-forge-1.47.0-1.19.2.jar), 
	simplyswords:mythicmetals_compat/celestium/celestium_halberd (from simplyswords-forge-1.47.0-1.19.2.jar)
[26Oct2025 04:41:22.537] [Worker-Main2/ERROR] [net.minecraft.tags.TagLoader/]: Couldn't load tag [simplyswords:mythicmetals_compat/aquarium/aquarium_claymore (from simplyswords-forge-1.47.0-1.19.2.jar), simplyswords:mythicmetals_compat/aquarium/aquarium_cutlass (from simplyswords-forge-1.47.0-1.19.2.jar), simplyswords:mythicmetals_compat/aquarium/aquarium_glaive (from simplyswords-forge-1.47.0-1.19.2.jar), simplyswords:mythicmetals_compat/aquarium/aquarium_katana (from simplyswords-forge-1.47.0-1.19.2.jar), simplyswords:mythicmetals_compat/aquarium/aquarium_longsword (from simplyswords-forge-1.47.0-1.19.2.jar), simplyswords:mythicmetals_compat/aquarium/aquarium_rapier (from simplyswords-forge-1.47.0-1.19.2.jar), simplyswords:mythicmetals_compat/aquarium/aquarium_sai (from simplyswords-forge-1.47.0-1.19.2.jar), simplyswords:mythicmetals_compat/aquarium/aquarium_spear (from simplyswords-forge-1.47.0-1.19.2.jar), simplyswords:mythicmetals_compat/aquarium/aquarium_twinblade (from simplyswords-forge-1.47.0-1.19.2.jar), simplyswords:mythicmetals_compat/aquarium/aquarium_warglaive (from simplyswords-forge-1.47.0-1.19.2.jar), simplyswords:mythicmetals_compat/aquarium/aquarium_greathammer (from simplyswords-forge-1.47.0-1.19.2.jar), simplyswords:mythicmetals_compat/aquarium/aquarium_greataxe (from simplyswords-forge-1.47.0-1.19.2.jar), simplyswords:mythicmetals_compat/aquarium/aquarium_chakram (from simplyswords-forge-1.47.0-1.19.2.jar), simplyswords:mythicmetals_compat/aquarium/aquarium_scythe (from simplyswords-forge-1.47.0-1.19.2.jar), simplyswords:mythicmetals_compat/aquarium/aquarium_halberd (from simplyswords-forge-1.47.0-1.19.2.jar)] as it is missing following references: simplyswords:mythicmetals_compat/aquarium/aquarium_claymore (from simplyswords-forge-1.47.0-1.19.2.jar), 
	simplyswords:mythicmetals_compat/aquarium/aquarium_cutlass (from simplyswords-forge-1.47.0-1.19.2.jar), 
	simplyswords:mythicmetals_compat/aquarium/aquarium_glaive (from simplyswords-forge-1.47.0-1.19.2.jar), 
	simplyswords:mythicmetals_compat/aquarium/aquarium_katana (from simplyswords-forge-1.47.0-1.19.2.jar), 
	simplyswords:mythicmetals_compat/aquarium/aquarium_longsword (from simplyswords-forge-1.47.0-1.19.2.jar), 
	simplyswords:mythicmetals_compat/aquarium/aquarium_rapier (from simplyswords-forge-1.47.0-1.19.2.jar), 
	simplyswords:mythicmetals_compat/aquarium/aquarium_sai (from simplyswords-forge-1.47.0-1.19.2.jar), 
	simplyswords:mythicmetals_compat/aquarium/aquarium_spear (from simplyswords-forge-1.47.0-1.19.2.jar), 
	simplyswords:mythicmetals_compat/aquarium/aquarium_twinblade (from simplyswords-forge-1.47.0-1.19.2.jar), 
	simplyswords:mythicmetals_compat/aquarium/aquarium_warglaive (from simplyswords-forge-1.47.0-1.19.2.jar), 
	simplyswords:mythicmetals_compat/aquarium/aquarium_greathammer (from simplyswords-forge-1.47.0-1.19.2.jar), 
	simplyswords:mythicmetals_compat/aquarium/aquarium_greataxe (from simplyswords-forge-1.47.0-1.19.2.jar), 
	simplyswords:mythicmetals_compat/aquarium/aquarium_chakram (from simplyswords-forge-1.47.0-1.19.2.jar), 
	simplyswords:mythicmetals_compat/aquarium/aquarium_scythe (from simplyswords-forge-1.47.0-1.19.2.jar), 
	simplyswords:mythicmetals_compat/aquarium/aquarium_halberd (from simplyswords-forge-1.47.0-1.19.2.jar)
[26Oct2025 04:41:24.262] [Worker-Main2/ERROR] [net.minecraft.server.packs.resources.SimpleJsonResourceReloadListener/]: Couldn't parse data file nova_structures:chests/water_supply from nova_structures:loot_tables/chests/water_supply.json
com.google.gson.JsonParseException: com.google.gson.stream.MalformedJsonException: Unterminated array at line 17 column 10 path $.pools[0].entries[1]
	at net.minecraft.util.GsonHelper.m_13780_(GsonHelper.java:512) ~[server-1.19.2-20220805.130853-srg.jar%23655!/:?]
	at net.minecraft.util.GsonHelper.m_13776_(GsonHelper.java:549) ~[server-1.19.2-20220805.130853-srg.jar%23655!/:?]
	at net.minecraft.server.packs.resources.SimpleJsonResourceReloadListener.m_5944_(SimpleJsonResourceReloadListener.java:43) ~[server-1.19.2-20220805.130853-srg.jar%23655!/:?]
	at net.minecraft.server.packs.resources.SimpleJsonResourceReloadListener.m_5944_(SimpleJsonResourceReloadListener.java:16) ~[server-1.19.2-20220805.130853-srg.jar%23655!/:?]
	at net.minecraft.server.packs.resources.SimplePreparableReloadListener.m_10786_(SimplePreparableReloadListener.java:11) ~[server-1.19.2-20220805.130853-srg.jar%23655!/:?]
	at java.util.concurrent.CompletableFuture$AsyncSupply.run(CompletableFuture.java:1768) [?:?]
	at java.util.concurrent.CompletableFuture$AsyncSupply.exec(CompletableFuture.java:1760) [?:?]
	at java.util.concurrent.ForkJoinTask.doExec(ForkJoinTask.java:373) [?:?]
	at java.util.concurrent.ForkJoinPool$WorkQueue.topLevelExec(ForkJoinPool.java:1182) [?:?]
	at java.util.concurrent.ForkJoinPool.scan(ForkJoinPool.java:1655) [?:?]
	at java.util.concurrent.ForkJoinPool.runWorker(ForkJoinPool.java:1622) [?:?]
	at java.util.concurrent.ForkJoinWorkerThread.run(ForkJoinWorkerThread.java:165) [?:?]
Caused by: com.google.gson.stream.MalformedJsonException: Unterminated array at line 17 column 10 path $.pools[0].entries[1]
	at com.google.gson.stream.JsonReader.syntaxError(JsonReader.java:1562) ~[gson-2.8.9.jar%2368!/:?]
	at com.google.gson.stream.JsonReader.doPeek(JsonReader.java:475) ~[gson-2.8.9.jar%2368!/:?]
	at com.google.gson.stream.JsonReader.hasNext(JsonReader.java:413) ~[gson-2.8.9.jar%2368!/:?]
	at com.google.gson.internal.bind.TypeAdapters$27.read(TypeAdapters.java:675) ~[gson-2.8.9.jar%2368!/:?]
	at com.google.gson.internal.bind.TypeAdapters$27.read(TypeAdapters.java:684) ~[gson-2.8.9.jar%2368!/:?]
	at com.google.gson.internal.bind.TypeAdapters$27.read(TypeAdapters.java:676) ~[gson-2.8.9.jar%2368!/:?]
	at com.google.gson.internal.bind.TypeAdapters$27.read(TypeAdapters.java:684) ~[gson-2.8.9.jar%2368!/:?]
	at com.google.gson.internal.bind.TypeAdapters$27.read(TypeAdapters.java:655) ~[gson-2.8.9.jar%2368!/:?]
	at com.google.gson.internal.bind.TypeAdapters$33$1.read(TypeAdapters.java:866) ~[gson-2.8.9.jar%2368!/:?]
	at net.minecraft.util.GsonHelper.m_13780_(GsonHelper.java:510) ~[server-1.19.2-20220805.130853-srg.jar%23655!/:?]
	... 11 more
[26Oct2025 04:41:24.533] [Worker-Main3/INFO] [com.teampotato.redirector.Redirector/]: Redirecting com/mrcrayfish/goblintraders/trades/TradeRarity
[26Oct2025 04:41:24.554] [Worker-Main3/INFO] [mixin/]: Mixing MixinEnchantmentHelper from enigmaticlegacy.mixins.json into net.minecraft.world.item.enchantment.EnchantmentHelper
[26Oct2025 04:41:24.627] [Worker-Main2/ERROR] [Calio/]: Couldn't parse data file medievalorigins:daemon/hellborne from medievalorigins:powers/daemon/hellborne.json
com.google.gson.JsonParseException: com.google.gson.stream.MalformedJsonException: Expected name at line 3 column 2 path $.type
	at net.minecraft.util.GsonHelper.m_13780_(GsonHelper.java:512) ~[server-1.19.2-20220805.130853-srg.jar%23655!/:?]
	at net.minecraft.util.GsonHelper.m_13776_(GsonHelper.java:549) ~[server-1.19.2-20220805.130853-srg.jar%23655!/:?]
	at io.github.edwinmindcraft.calio.common.registry.CalioDynamicRegistryManager$ReloadFactory.prepare(CalioDynamicRegistryManager.java:357) ~[calio-forge-1.19.2-1.7.0.4.jar%23719!/:1.19.2-1.7.0.4]
	at io.github.edwinmindcraft.calio.common.registry.CalioDynamicRegistryManager.lambda$prepare$3(CalioDynamicRegistryManager.java:111) ~[calio-forge-1.19.2-1.7.0.4.jar%23719!/:1.19.2-1.7.0.4]
	at java.util.concurrent.CompletableFuture$AsyncRun.run(CompletableFuture.java:1804) [?:?]
	at java.util.concurrent.CompletableFuture$AsyncRun.exec(CompletableFuture.java:1796) [?:?]
	at java.util.concurrent.ForkJoinTask.doExec(ForkJoinTask.java:373) [?:?]
	at java.util.concurrent.ForkJoinPool$WorkQueue.topLevelExec(ForkJoinPool.java:1182) [?:?]
	at java.util.concurrent.ForkJoinPool.scan(ForkJoinPool.java:1655) [?:?]
	at java.util.concurrent.ForkJoinPool.runWorker(ForkJoinPool.java:1622) [?:?]
	at java.util.concurrent.ForkJoinWorkerThread.run(ForkJoinWorkerThread.java:165) [?:?]
Caused by: com.google.gson.stream.MalformedJsonException: Expected name at line 3 column 2 path $.type
	at com.google.gson.stream.JsonReader.syntaxError(JsonReader.java:1562) ~[gson-2.8.9.jar%2368!/:?]
	at com.google.gson.stream.JsonReader.doPeek(JsonReader.java:504) ~[gson-2.8.9.jar%2368!/:?]
	at com.google.gson.stream.JsonReader.hasNext(JsonReader.java:413) ~[gson-2.8.9.jar%2368!/:?]
	at com.google.gson.internal.bind.TypeAdapters$27.read(TypeAdapters.java:683) ~[gson-2.8.9.jar%2368!/:?]
	at com.google.gson.internal.bind.TypeAdapters$27.read(TypeAdapters.java:655) ~[gson-2.8.9.jar%2368!/:?]
	at com.google.gson.internal.bind.TypeAdapters$33$1.read(TypeAdapters.java:866) ~[gson-2.8.9.jar%2368!/:?]
	at net.minecraft.util.GsonHelper.m_13780_(GsonHelper.java:510) ~[server-1.19.2-20220805.130853-srg.jar%23655!/:?]
	... 10 more
[26Oct2025 04:41:25.329] [main/INFO] [net.minecraft.world.item.crafting.RecipeManager/]: Skipping loading recipe woodworks:autumnity/maple_stairs_from_maple_logs_sawing as it's serializer returned null
[26Oct2025 04:41:25.332] [main/INFO] [net.minecraft.world.item.crafting.RecipeManager/]: Skipping loading recipe undergarden:gloomgourd_pie as it's serializer returned null
[26Oct2025 04:41:25.335] [main/INFO] [net.minecraft.world.item.crafting.RecipeManager/]: Skipping loading recipe woodworks:environmental/wisteria_ladder_from_wisteria_logs_sawing as it's serializer returned null
[26Oct2025 04:41:25.337] [main/INFO] [net.minecraft.world.item.crafting.RecipeManager/]: Skipping loading recipe woodworks:caverns_and_chasms/azalea_ladder_from_azalea_planks_sawing as it's serializer returned null
[26Oct2025 04:41:25.361] [main/INFO] [net.minecraft.world.item.crafting.RecipeManager/]: Skipping loading recipe delightful:knives/osmium_knife as it's serializer returned null
[26Oct2025 04:41:25.367] [main/INFO] [net.minecraft.world.item.crafting.RecipeManager/]: Skipping loading recipe delightful:knives/smelting/bone/bone_meal_from_smelting_axe as it's serializer returned null
[26Oct2025 04:41:25.368] [main/INFO] [net.minecraft.world.item.crafting.RecipeManager/]: Skipping loading recipe delightful:integration/biomesoplenty/lavender_tea as it's serializer returned null
[26Oct2025 04:41:25.370] [main/INFO] [com.teampotato.redirector.Redirector/]: Redirecting umpaz/farmersrespite/client/recipebook/KettleRecipeBookTab
[26Oct2025 04:41:25.371] [main/INFO] [net.minecraft.world.item.crafting.RecipeManager/]: Skipping loading recipe woodworks:autumnity/maple_boards_from_maple_logs_sawing as it's serializer returned null
[26Oct2025 04:41:25.381] [main/INFO] [com.teampotato.redirector.Redirector/]: Redirecting umpaz/brewinandchewin/client/recipebook/KegRecipeBookTab
[26Oct2025 04:41:25.385] [main/INFO] [net.minecraft.world.item.crafting.RecipeManager/]: Skipping loading recipe delightful:integration/windswept/goat_shanks_windswept as it's serializer returned null
[26Oct2025 04:41:25.390] [main/INFO] [net.minecraft.world.item.crafting.RecipeManager/]: Skipping loading recipe woodworks:caverns_and_chasms/azalea_stairs_from_azalea_logs_sawing as it's serializer returned null
[26Oct2025 04:41:25.390] [main/INFO] [net.minecraft.world.item.crafting.RecipeManager/]: Skipping loading recipe woodworks:environmental/willow_ladder_from_willow_logs_sawing as it's serializer returned null
[26Oct2025 04:41:25.391] [main/INFO] [net.minecraft.world.item.crafting.RecipeManager/]: Skipping loading recipe delightful:knives/smelting/lead_thermal as it's serializer returned null
[26Oct2025 04:41:25.392] [main/INFO] [net.minecraft.world.item.crafting.RecipeManager/]: Skipping loading recipe delightful:integration/biomemakeover/cactus_flesh_from_barrel_cactus_flowered as it's serializer returned null
[26Oct2025 04:41:25.398] [main/INFO] [com.teampotato.redirector.Redirector/]: Redirecting com/stal111/forbidden_arcanus/common/block/entity/clibano/ClibanoFireType
[26Oct2025 04:41:25.399] [main/INFO] [net.minecraft.world.item.crafting.RecipeManager/]: Skipping loading recipe woodworks:upgrade_aquatic/driftwood_fence_gate_from_driftwood_logs_sawing as it's serializer returned null
[26Oct2025 04:41:25.399] [main/INFO] [net.minecraft.world.item.crafting.RecipeManager/]: Skipping loading recipe clayworks:nether_extension/cracked_ashen_nether_bricks_from_baking as it's serializer returned null
[26Oct2025 04:41:25.403] [main/INFO] [net.minecraft.world.item.crafting.RecipeManager/]: Skipping loading recipe delightful:knives/smelting/bone/bone_meal_from_smelting_chestplate as it's serializer returned null
[26Oct2025 04:41:25.403] [main/INFO] [net.minecraft.world.item.crafting.RecipeManager/]: Skipping loading recipe delightful:knives/blasting/tin_thermal as it's serializer returned null
[26Oct2025 04:41:25.413] [main/INFO] [net.minecraft.world.item.crafting.RecipeManager/]: Skipping loading recipe delightful:knives/smelting/nickel_thermal as it's serializer returned null
[26Oct2025 04:41:25.414] [main/INFO] [net.minecraft.world.item.crafting.RecipeManager/]: Skipping loading recipe sprout:water_sausage as it's serializer returned null
[26Oct2025 04:41:25.415] [main/INFO] [net.minecraft.world.item.crafting.RecipeManager/]: Skipping loading recipe delightful:integration/biomemakeover/cactus_flesh_from_saguaro_cactus as it's serializer returned null
[26Oct2025 04:41:25.415] [main/INFO] [net.minecraft.world.item.crafting.RecipeManager/]: Skipping loading recipe woodworks:endergetic/poise_planks_from_poise_stems_sawing as it's serializer returned null
[26Oct2025 04:41:25.416] [main/INFO] [net.minecraft.world.item.crafting.RecipeManager/]: Skipping loading recipe woodworks:environmental/pine_planks_from_pine_logs_sawing as it's serializer returned null
[26Oct2025 04:41:25.425] [main/INFO] [net.minecraft.world.item.crafting.RecipeManager/]: Skipping loading recipe frozenup:truffle_cake_from_chocolate as it's serializer returned null
[26Oct2025 04:41:25.425] [main/INFO] [net.minecraft.world.item.crafting.RecipeManager/]: Skipping loading recipe delightful:knives/smelting/bronze_thermal as it's serializer returned null
[26Oct2025 04:41:25.425] [main/INFO] [net.minecraft.world.item.crafting.RecipeManager/]: Skipping loading recipe woodworks:upgrade_aquatic/river_slab_from_river_planks_sawing as it's serializer returned null
[26Oct2025 04:41:25.426] [main/INFO] [net.minecraft.world.item.crafting.RecipeManager/]: Skipping loading recipe woodworks:environmental/wisteria_stairs_from_wisteria_logs_sawing as it's serializer returned null
[26Oct2025 04:41:25.427] [main/INFO] [net.minecraft.world.item.crafting.RecipeManager/]: Skipping loading recipe woodworks:caverns_and_chasms/azalea_pressure_plate_from_azalea_logs_sawing as it's serializer returned null
[26Oct2025 04:41:25.427] [main/INFO] [net.minecraft.world.item.crafting.RecipeManager/]: Skipping loading recipe woodworks:autumnity/maple_ladder_from_maple_planks_sawing as it's serializer returned null
[26Oct2025 04:41:25.427] [main/INFO] [net.minecraft.world.item.crafting.RecipeManager/]: Skipping loading recipe woodworks:environmental/wisteria_door_from_wisteria_logs_sawing as it's serializer returned null
[26Oct2025 04:41:25.437] [main/INFO] [net.minecraft.world.item.crafting.RecipeManager/]: Skipping loading recipe woodworks:caverns_and_chasms/azalea_stairs_from_azalea_planks_sawing as it's serializer returned null
[26Oct2025 04:41:25.438] [main/INFO] [net.minecraft.world.item.crafting.RecipeManager/]: Skipping loading recipe twilightforest:jeed/hunger as it's serializer returned null
[26Oct2025 04:41:25.438] [main/INFO] [net.minecraft.world.item.crafting.RecipeManager/]: Skipping loading recipe woodworks:autumnity/maple_sign_from_maple_logs_sawing as it's serializer returned null
[26Oct2025 04:41:25.439] [main/INFO] [net.minecraft.world.item.crafting.RecipeManager/]: Skipping loading recipe atmospheric:large_laurel_boat as it's serializer returned null
[26Oct2025 04:41:25.440] [main/INFO] [net.minecraft.world.item.crafting.RecipeManager/]: Skipping loading recipe wildberries:cutting/blackberry_pie as it's serializer returned null
[26Oct2025 04:41:25.440] [main/INFO] [net.minecraft.world.item.crafting.RecipeManager/]: Skipping loading recipe duckling:cake as it's serializer returned null
[26Oct2025 04:41:25.441] [main/INFO] [net.minecraft.world.item.crafting.RecipeManager/]: Skipping loading recipe woodworks:environmental/cherry_fence_from_cherry_logs_sawing as it's serializer returned null
[26Oct2025 04:41:25.450] [main/INFO] [net.minecraft.world.item.crafting.RecipeManager/]: Skipping loading recipe delightful:knives/blasting/constantan_immersiveengineering as it's serializer returned null
[26Oct2025 04:41:25.451] [main/INFO] [net.minecraft.world.item.crafting.RecipeManager/]: Skipping loading recipe delightful:integration/rottenleather/chunkwich as it's serializer returned null
[26Oct2025 04:41:25.451] [main/INFO] [net.minecraft.world.item.crafting.RecipeManager/]: Skipping loading recipe delightful:knives/smelting/steel_immersiveengineering as it's serializer returned null
[26Oct2025 04:41:25.451] [main/INFO] [net.minecraft.world.item.crafting.RecipeManager/]: Skipping loading recipe delightful:knives/thyrium_knife as it's serializer returned null
[26Oct2025 04:41:25.451] [main/INFO] [net.minecraft.world.item.crafting.RecipeManager/]: Skipping loading recipe wildberries:glow_berry_pie_from_slices as it's serializer returned null
[26Oct2025 04:41:25.452] [main/INFO] [net.minecraft.world.item.crafting.RecipeManager/]: Skipping loading recipe delightful:knives/blasting/constantan_thermal as it's serializer returned null
[26Oct2025 04:41:25.468] [main/INFO] [net.minecraft.world.item.crafting.RecipeManager/]: Skipping loading recipe clayworks:environmental/smooth_mud_from_baking as it's serializer returned null
[26Oct2025 04:41:25.469] [main/INFO] [net.minecraft.world.item.crafting.RecipeManager/]: Skipping loading recipe delightful:knives/smelting/silver_immersiveengineering as it's serializer returned null
[26Oct2025 04:41:25.469] [main/INFO] [net.minecraft.world.item.crafting.RecipeManager/]: Skipping loading recipe woodworks:environmental/willow_stairs_from_willow_logs_sawing as it's serializer returned null
[26Oct2025 04:41:25.478] [main/INFO] [net.minecraft.world.item.crafting.RecipeManager/]: Skipping loading recipe woodworks:environmental/pine_stairs_from_pine_logs_sawing as it's serializer returned null
[26Oct2025 04:41:25.478] [main/INFO] [net.minecraft.world.item.crafting.RecipeManager/]: Skipping loading recipe woodworks:upgrade_aquatic/driftwood_button_from_driftwood_logs_sawing as it's serializer returned null
[26Oct2025 04:41:25.486] [main/INFO] [net.minecraft.world.item.crafting.RecipeManager/]: Skipping loading recipe betterwithminecolonies:blocks_of_things/morecharcoal_to_coal_blocks as it's serializer returned null
[26Oct2025 04:41:25.486] [main/INFO] [net.minecraft.world.item.crafting.RecipeManager/]: Skipping loading recipe woodworks:autumnity/maple_fence_from_maple_planks_sawing as it's serializer returned null
[26Oct2025 04:41:25.494] [main/INFO] [net.minecraft.world.item.crafting.RecipeManager/]: Skipping loading recipe woodworks:endergetic/poise_fence_gate_from_poise_stems_sawing as it's serializer returned null
[26Oct2025 04:41:25.494] [main/INFO] [net.minecraft.world.item.crafting.RecipeManager/]: Skipping loading recipe create:rose_quartz_block_from_rose_quartz_stonecutting as it's serializer returned null
[26Oct2025 04:41:25.494] [main/INFO] [net.minecraft.world.item.crafting.RecipeManager/]: Skipping loading recipe delightful:knives/blasting/lead_immersiveengineering as it's serializer returned null
[26Oct2025 04:41:25.494] [main/INFO] [net.minecraft.world.item.crafting.RecipeManager/]: Skipping loading recipe woodworks:environmental/willow_boards_from_willow_logs_sawing as it's serializer returned null
[26Oct2025 04:41:25.495] [main/INFO] [net.minecraft.world.item.crafting.RecipeManager/]: Skipping loading recipe ars_elemental:jeed/life_link as it's serializer returned null
[26Oct2025 04:41:25.496] [main/INFO] [net.minecraft.world.item.crafting.RecipeManager/]: Skipping loading recipe duckling:holiday_fruit_cake as it's serializer returned null
[26Oct2025 04:41:25.498] [main/ERROR] [net.minecraft.world.item.crafting.RecipeManager/]: Parsing error loading recipe dramaticdoors:short_stripped_bamboo_door: com.google.gson.JsonSyntaxException: Unknown item 'twigs:stripped_bamboo_door'
[26Oct2025 04:41:25.499] [main/INFO] [net.minecraft.world.item.crafting.RecipeManager/]: Skipping loading recipe atmospheric:yucca_furnace_boat as it's serializer returned null
[26Oct2025 04:41:25.499] [main/INFO] [net.minecraft.world.item.crafting.RecipeManager/]: Skipping loading recipe delightful:food/cooking/sinigang as it's serializer returned null
[26Oct2025 04:41:25.500] [main/INFO] [net.minecraft.world.item.crafting.RecipeManager/]: Skipping loading recipe create:fr/tea as it's serializer returned null
[26Oct2025 04:41:25.500] [main/INFO] [net.minecraft.world.item.crafting.RecipeManager/]: Skipping loading recipe woodworks:environmental/pine_door_from_pine_logs_sawing as it's serializer returned null
[26Oct2025 04:41:25.500] [main/INFO] [net.minecraft.world.item.crafting.RecipeManager/]: Skipping loading recipe atmospheric:large_kousa_boat as it's serializer returned null
[26Oct2025 04:41:25.501] [main/ERROR] [net.minecraft.world.item.crafting.RecipeManager/]: Parsing error loading recipe betterwithminecolonies:create/stupid_blaze_powder: com.google.gson.JsonSyntaxException: Missing type, expected to find a string
[26Oct2025 04:41:25.501] [main/INFO] [net.minecraft.world.item.crafting.RecipeManager/]: Skipping loading recipe atmospheric:large_rosewood_boat as it's serializer returned null
[26Oct2025 04:41:25.501] [main/INFO] [net.minecraft.world.item.crafting.RecipeManager/]: Skipping loading recipe clayworks:endergetic/cracked_eumus_bricks_from_baking as it's serializer returned null
[26Oct2025 04:41:25.502] [main/INFO] [net.minecraft.world.item.crafting.RecipeManager/]: Skipping loading recipe woodworks:environmental/willow_door_from_willow_logs_sawing as it's serializer returned null
[26Oct2025 04:41:25.502] [main/INFO] [net.minecraft.world.item.crafting.RecipeManager/]: Skipping loading recipe delightful:knives/smelting/tin_thermal as it's serializer returned null
[26Oct2025 04:41:25.502] [main/INFO] [net.minecraft.world.item.crafting.RecipeManager/]: Skipping loading recipe ars_elemental:jeed/entrhalled as it's serializer returned null
[26Oct2025 04:41:25.503] [main/INFO] [net.minecraft.world.item.crafting.RecipeManager/]: Skipping loading recipe delightful:integration/naturalist/cooked_venison_naturalist as it's serializer returned null
[26Oct2025 04:41:25.515] [main/INFO] [net.minecraft.world.item.crafting.RecipeManager/]: Skipping loading recipe delightful:knives/blasting/bone/bone_meal_from_blasting_chestplate as it's serializer returned null
[26Oct2025 04:41:25.516] [main/ERROR] [net.minecraft.world.item.crafting.RecipeManager/]: Parsing error loading recipe dramaticdoors:short_quark_blossom_door: com.google.gson.JsonSyntaxException: Unknown item 'quark:mystical_oak_door'
[26Oct2025 04:41:25.516] [main/INFO] [net.minecraft.world.item.crafting.RecipeManager/]: Skipping loading recipe woodworks:autumnity/maple_button_from_maple_planks_sawing as it's serializer returned null
[26Oct2025 04:41:25.517] [main/INFO] [net.minecraft.world.item.crafting.RecipeManager/]: Skipping loading recipe woodworks:endergetic/poise_slab_from_poise_planks_sawing as it's serializer returned null
[26Oct2025 04:41:25.517] [main/INFO] [net.minecraft.world.item.crafting.RecipeManager/]: Skipping loading recipe woodworks:upgrade_aquatic/river_pressure_plate_from_river_logs_sawing as it's serializer returned null
[26Oct2025 04:41:25.518] [main/INFO] [net.minecraft.world.item.crafting.RecipeManager/]: Skipping loading recipe woodworks:environmental/cherry_fence_gate_from_cherry_logs_sawing as it's serializer returned null
[26Oct2025 04:41:25.518] [main/INFO] [net.minecraft.world.item.crafting.RecipeManager/]: Skipping loading recipe delightful:knives/smithing/enderite_knife as it's serializer returned null
[26Oct2025 04:41:25.519] [main/INFO] [net.minecraft.world.item.crafting.RecipeManager/]: Skipping loading recipe woodworks:upgrade_aquatic/driftwood_button_from_driftwood_planks_sawing as it's serializer returned null
[26Oct2025 04:41:25.519] [main/INFO] [net.minecraft.world.item.crafting.RecipeManager/]: Skipping loading recipe delightful:knives/smithing/adamantite_knife as it's serializer returned null
[26Oct2025 04:41:25.519] [main/INFO] [net.minecraft.world.item.crafting.RecipeManager/]: Skipping loading recipe woodworks:upgrade_aquatic/river_fence_gate_from_river_logs_sawing as it's serializer returned null
[26Oct2025 04:41:25.520] [main/INFO] [net.minecraft.world.item.crafting.RecipeManager/]: Skipping loading recipe minecraft:pumpkin_pie as it's serializer returned null
[26Oct2025 04:41:25.520] [main/INFO] [net.minecraft.world.item.crafting.RecipeManager/]: Skipping loading recipe delightful:knives/kiwano_knife as it's serializer returned null
[26Oct2025 04:41:25.521] [main/INFO] [net.minecraft.world.item.crafting.RecipeManager/]: Skipping loading recipe woodworks:caverns_and_chasms/azalea_button_from_azalea_logs_sawing as it's serializer returned null
[26Oct2025 04:41:25.521] [main/INFO] [net.minecraft.world.item.crafting.RecipeManager/]: Skipping loading recipe delightful:knives/smelting/bone/bone_meal_from_smelting_leggings as it's serializer returned null
[26Oct2025 04:41:25.521] [main/INFO] [net.minecraft.world.item.crafting.RecipeManager/]: Skipping loading recipe delightful:food/matcha_latte as it's serializer returned null
[26Oct2025 04:41:25.535] [main/INFO] [net.minecraft.world.item.crafting.RecipeManager/]: Skipping loading recipe woodworks:caverns_and_chasms/azalea_ladder_from_azalea_logs_sawing as it's serializer returned null
[26Oct2025 04:41:25.535] [main/INFO] [net.minecraft.world.item.crafting.RecipeManager/]: Skipping loading recipe frozenup:mug_of_truffle_hot_chocolate as it's serializer returned null
[26Oct2025 04:41:25.536] [main/INFO] [net.minecraft.world.item.crafting.RecipeManager/]: Skipping loading recipe betterwithminecolonies:blocks_of_things/sbmcharcoal_to_coal_blocks as it's serializer returned null
[26Oct2025 04:41:25.537] [main/INFO] [net.minecraft.world.item.crafting.RecipeManager/]: Skipping loading recipe wildberries:cutting/raspberry_pie as it's serializer returned null
[26Oct2025 04:41:25.537] [main/ERROR] [net.minecraft.world.item.crafting.RecipeManager/]: Parsing error loading recipe dramaticdoors:tall_chestnut_door: com.google.gson.JsonSyntaxException: Unknown item 'dramaticdoors:tall_chestnut_door'
[26Oct2025 04:41:25.538] [main/INFO] [net.minecraft.world.item.crafting.RecipeManager/]: Skipping loading recipe woodworks:endergetic/poise_ladder_from_poise_stems_sawing as it's serializer returned null
[26Oct2025 04:41:25.539] [main/INFO] [net.minecraft.world.item.crafting.RecipeManager/]: Skipping loading recipe betterwithminecolonies:simple_diving_gear/diving_helmet as it's serializer returned null
[26Oct2025 04:41:25.551] [main/INFO] [net.minecraft.world.item.crafting.RecipeManager/]: Skipping loading recipe delightful:knives/smelting/osmium_mekanism as it's serializer returned null
[26Oct2025 04:41:25.552] [main/INFO] [net.minecraft.world.item.crafting.RecipeManager/]: Skipping loading recipe woodworks:environmental/wisteria_fence_from_wisteria_logs_sawing as it's serializer returned null
[26Oct2025 04:41:25.552] [main/INFO] [net.minecraft.world.item.crafting.RecipeManager/]: Skipping loading recipe create:mixing/tea as it's serializer returned null
[26Oct2025 04:41:25.552] [main/INFO] [net.minecraft.world.item.crafting.RecipeManager/]: Skipping loading recipe woodworks:environmental/pine_fence_from_pine_logs_sawing as it's serializer returned null
[26Oct2025 04:41:25.553] [main/INFO] [net.minecraft.world.item.crafting.RecipeManager/]: Skipping loading recipe atmospheric:aspen_furnace_boat as it's serializer returned null
[26Oct2025 04:41:25.554] [main/INFO] [net.minecraft.world.item.crafting.RecipeManager/]: Skipping loading recipe delightful:knives/copper_knife as it's serializer returned null
[26Oct2025 04:41:25.554] [main/INFO] [net.minecraft.world.item.crafting.RecipeManager/]: Skipping loading recipe woodworks:environmental/willow_button_from_willow_planks_sawing as it's serializer returned null
[26Oct2025 04:41:25.554] [main/INFO] [net.minecraft.world.item.crafting.RecipeManager/]: Skipping loading recipe delightful:knives/blasting/emerald_emeraldequipment as it's serializer returned null
[26Oct2025 04:41:25.555] [main/INFO] [net.minecraft.world.item.crafting.RecipeManager/]: Skipping loading recipe woodworks:environmental/cherry_stairs_from_cherry_logs_sawing as it's serializer returned null
[26Oct2025 04:41:25.556] [main/INFO] [net.minecraft.world.item.crafting.RecipeManager/]: Skipping loading recipe woodworks:environmental/pine_fence_gate_from_pine_logs_sawing as it's serializer returned null
[26Oct2025 04:41:25.574] [main/INFO] [net.minecraft.world.item.crafting.RecipeManager/]: Skipping loading recipe frozenup:mug_of_chocolate_milk_from_chocolate as it's serializer returned null
[26Oct2025 04:41:25.574] [main/INFO] [net.minecraft.world.item.crafting.RecipeManager/]: Skipping loading recipe woodworks:caverns_and_chasms/azalea_slab_from_azalea_logs_sawing as it's serializer returned null
[26Oct2025 04:41:25.577] [main/INFO] [net.minecraft.world.item.crafting.RecipeManager/]: Skipping loading recipe woodworks:endergetic/poise_boards_from_poise_planks_sawing as it's serializer returned null
[26Oct2025 04:41:25.577] [main/INFO] [net.minecraft.world.item.crafting.RecipeManager/]: Skipping loading recipe woodworks:endergetic/poise_slab_from_poise_stems_sawing as it's serializer returned null
[26Oct2025 04:41:25.577] [main/INFO] [net.minecraft.world.item.crafting.RecipeManager/]: Skipping loading recipe delightful:knives/amethyst_knife as it's serializer returned null
[26Oct2025 04:41:25.581] [main/ERROR] [net.minecraft.world.item.crafting.RecipeManager/]: Parsing error loading recipe dramaticdoors:tall_holly_door: com.google.gson.JsonSyntaxException: Unknown item 'dramaticdoors:tall_holly_door'
[26Oct2025 04:41:25.581] [main/INFO] [net.minecraft.world.item.crafting.RecipeManager/]: Skipping loading recipe create:mixing/tea_from_tea_leaves as it's serializer returned null
[26Oct2025 04:41:25.581] [main/INFO] [net.minecraft.world.item.crafting.RecipeManager/]: Skipping loading recipe delightful:knives/blasting/bone/knife_minecraft as it's serializer returned null
[26Oct2025 04:41:25.582] [main/INFO] [net.minecraft.world.item.crafting.RecipeManager/]: Skipping loading recipe wildberries:cranberry_pie as it's serializer returned null
[26Oct2025 04:41:25.583] [main/INFO] [net.minecraft.world.item.crafting.RecipeManager/]: Skipping loading recipe woodworks:upgrade_aquatic/river_stairs_from_river_planks_sawing as it's serializer returned null
[26Oct2025 04:41:25.583] [main/INFO] [net.minecraft.world.item.crafting.RecipeManager/]: Skipping loading recipe delightful:knives/smelting/bone/bone_meal_from_smelting_pickaxe as it's serializer returned null
[26Oct2025 04:41:25.585] [main/INFO] [net.minecraft.world.item.crafting.RecipeManager/]: Skipping loading recipe woodworks:autumnity/maple_ladder_from_maple_logs_sawing as it's serializer returned null
[26Oct2025 04:41:25.585] [main/INFO] [net.minecraft.world.item.crafting.RecipeManager/]: Skipping loading recipe delightful:food/gloomgourd_pie_from_slices as it's serializer returned null
[26Oct2025 04:41:25.585] [main/INFO] [net.minecraft.world.item.crafting.RecipeManager/]: Skipping loading recipe twilightforest:jeed/poison as it's serializer returned null
[26Oct2025 04:41:25.585] [main/ERROR] [net.minecraft.world.item.crafting.RecipeManager/]: Parsing error loading recipe dreadsteel:dreadsteel_ingot: com.google.gson.JsonSyntaxException: Unknown item 'iceandfire:dread_shard'
[26Oct2025 04:41:25.586] [main/INFO] [net.minecraft.world.item.crafting.RecipeManager/]: Skipping loading recipe woodworks:environmental/pine_slab_from_pine_logs_sawing as it's serializer returned null
[26Oct2025 04:41:25.586] [main/INFO] [net.minecraft.world.item.crafting.RecipeManager/]: Skipping loading recipe delightful:integration/biomesoplenty/clover as it's serializer returned null
[26Oct2025 04:41:25.587] [main/ERROR] [net.minecraft.world.item.crafting.RecipeManager/]: Parsing error loading recipe unusualend:chorus_petals_via_cutting: com.google.gson.JsonSyntaxException: Expected tool to be a JsonObject, was an array ([{"t..."}])
[26Oct2025 04:41:25.587] [main/INFO] [net.minecraft.world.item.crafting.RecipeManager/]: Skipping loading recipe betterwithminecolonies:blocks_of_things/vanillatweakscharcoal_to_coal_blocks as it's serializer returned null
[26Oct2025 04:41:25.588] [main/INFO] [net.minecraft.world.item.crafting.RecipeManager/]: Skipping loading recipe woodworks:upgrade_aquatic/river_button_from_river_planks_sawing as it's serializer returned null
[26Oct2025 04:41:25.589] [main/INFO] [net.minecraft.world.item.crafting.RecipeManager/]: Skipping loading recipe woodworks:environmental/wisteria_boards_from_wisteria_logs_sawing as it's serializer returned null
[26Oct2025 04:41:25.592] [main/INFO] [net.minecraft.world.item.crafting.RecipeManager/]: Skipping loading recipe woodworks:upgrade_aquatic/river_boards_from_river_planks_sawing as it's serializer returned null
[26Oct2025 04:41:25.638] [main/INFO] [net.minecraft.world.item.crafting.RecipeManager/]: Skipping loading recipe woodworks:environmental/pine_boards_from_pine_logs_sawing as it's serializer returned null
[26Oct2025 04:41:25.638] [main/INFO] [net.minecraft.world.item.crafting.RecipeManager/]: Skipping loading recipe woodworks:upgrade_aquatic/driftwood_sign_from_driftwood_logs_sawing as it's serializer returned null
[26Oct2025 04:41:25.639] [main/INFO] [net.minecraft.world.item.crafting.RecipeManager/]: Skipping loading recipe woodworks:endergetic/poise_fence_from_poise_planks_sawing as it's serializer returned null
[26Oct2025 04:41:25.639] [main/INFO] [net.minecraft.world.item.crafting.RecipeManager/]: Skipping loading recipe delightful:knives/terra_knife as it's serializer returned null
[26Oct2025 04:41:25.641] [main/INFO] [net.minecraft.world.item.crafting.RecipeManager/]: Skipping loading recipe woodworks:endergetic/poise_fence_from_poise_stems_sawing as it's serializer returned null
[26Oct2025 04:41:25.643] [main/INFO] [net.minecraft.world.item.crafting.RecipeManager/]: Skipping loading recipe wildberries:blackberry_pie_from_slices as it's serializer returned null
[26Oct2025 04:41:25.649] [main/INFO] [net.minecraft.world.item.crafting.RecipeManager/]: Skipping loading recipe clayworks:nether_extension/cracked_crimson_nether_bricks_from_baking as it's serializer returned null
[26Oct2025 04:41:25.652] [main/INFO] [net.minecraft.world.item.crafting.RecipeManager/]: Skipping loading recipe delightful:knives/emerald_knife as it's serializer returned null
[26Oct2025 04:41:25.652] [main/INFO] [net.minecraft.world.item.crafting.RecipeManager/]: Skipping loading recipe delightful:knives/blasting/bronze_thermal as it's serializer returned null
[26Oct2025 04:41:25.666] [main/INFO] [net.minecraft.world.item.crafting.RecipeManager/]: Skipping loading recipe delightful:knives/blasting/copper_copperized as it's serializer returned null
[26Oct2025 04:41:25.676] [main/INFO] [net.minecraft.world.item.crafting.RecipeManager/]: Skipping loading recipe delightful:knives/refined_glowstone_knife as it's serializer returned null
[26Oct2025 04:41:25.677] [main/INFO] [net.minecraft.world.item.crafting.RecipeManager/]: Skipping loading recipe ars_additions:ritual_chunk_loading as it's serializer returned null
[26Oct2025 04:41:25.679] [main/INFO] [net.minecraft.world.item.crafting.RecipeManager/]: Skipping loading recipe delightful:food/berry_matcha_latte as it's serializer returned null
[26Oct2025 04:41:25.680] [main/INFO] [net.minecraft.world.item.crafting.RecipeManager/]: Skipping loading recipe delightful:knives/blasting/bone/bone_meal_from_blasting_pickaxe as it's serializer returned null
[26Oct2025 04:41:25.680] [main/INFO] [net.minecraft.world.item.crafting.RecipeManager/]: Skipping loading recipe minecraft:chest as it's serializer returned null
[26Oct2025 04:41:25.681] [main/INFO] [net.minecraft.world.item.crafting.RecipeManager/]: Skipping loading recipe ars_elemental:jeed/watery_grave as it's serializer returned null
[26Oct2025 04:41:25.682] [main/INFO] [net.minecraft.world.item.crafting.RecipeManager/]: Skipping loading recipe delightful:integration/windswept/cooked_goat_shanks_windswept as it's serializer returned null
[26Oct2025 04:41:25.683] [main/INFO] [net.minecraft.world.item.crafting.RecipeManager/]: Skipping loading recipe frozenup:truffle_cake as it's serializer returned null
[26Oct2025 04:41:25.683] [main/INFO] [net.minecraft.world.item.crafting.RecipeManager/]: Skipping loading recipe frozenup:mug_of_truffle_hot_chocolate_from_chocolate as it's serializer returned null
[26Oct2025 04:41:25.684] [main/INFO] [net.minecraft.world.item.crafting.RecipeManager/]: Skipping loading recipe wildberries:cutting/cranberry_pie as it's serializer returned null
[26Oct2025 04:41:25.685] [main/INFO] [net.minecraft.world.item.crafting.RecipeManager/]: Skipping loading recipe delightful:knives/bone_knife as it's serializer returned null
[26Oct2025 04:41:25.685] [main/INFO] [net.minecraft.world.item.crafting.RecipeManager/]: Skipping loading recipe wildberries:cutting/glow_berry_pie_slice as it's serializer returned null
[26Oct2025 04:41:25.686] [main/INFO] [net.minecraft.world.item.crafting.RecipeManager/]: Skipping loading recipe atmospheric:morado_furnace_boat as it's serializer returned null
[26Oct2025 04:41:25.686] [main/INFO] [net.minecraft.world.item.crafting.RecipeManager/]: Skipping loading recipe atmospheric:large_aspen_boat as it's serializer returned null
[26Oct2025 04:41:25.687] [main/INFO] [net.minecraft.world.item.crafting.RecipeManager/]: Skipping loading recipe woodworks:environmental/wisteria_slab_from_wisteria_planks_sawing as it's serializer returned null
[26Oct2025 04:41:25.688] [main/INFO] [net.minecraft.world.item.crafting.RecipeManager/]: Skipping loading recipe delightful:knives/smelting/steel_mekanism as it's serializer returned null
[26Oct2025 04:41:25.689] [main/INFO] [net.minecraft.world.item.crafting.RecipeManager/]: Skipping loading recipe delightful:knives/smelting/bone/bone_meal_from_smelting_hoe as it's serializer returned null
[26Oct2025 04:41:25.689] [main/INFO] [net.minecraft.world.item.crafting.RecipeManager/]: Skipping loading recipe woodworks:upgrade_aquatic/driftwood_fence_from_driftwood_logs_sawing as it's serializer returned null
[26Oct2025 04:41:25.690] [main/INFO] [net.minecraft.world.item.crafting.RecipeManager/]: Skipping loading recipe delightful:integration/naturalist/venison_naturalist as it's serializer returned null
[26Oct2025 04:41:25.691] [main/INFO] [net.minecraft.world.item.crafting.RecipeManager/]: Skipping loading recipe delightful:knives/smithing/rose_gold_knife as it's serializer returned null
[26Oct2025 04:41:25.691] [main/INFO] [net.minecraft.world.item.crafting.RecipeManager/]: Skipping loading recipe woodworks:caverns_and_chasms/azalea_trapdoor_from_azalea_logs_sawing as it's serializer returned null
[26Oct2025 04:41:25.693] [main/INFO] [net.minecraft.world.item.crafting.RecipeManager/]: Skipping loading recipe woodworks:environmental/wisteria_slab_from_wisteria_logs_sawing as it's serializer returned null
[26Oct2025 04:41:25.694] [main/INFO] [net.minecraft.world.item.crafting.RecipeManager/]: Skipping loading recipe woodworks:upgrade_aquatic/river_fence_from_river_logs_sawing as it's serializer returned null
[26Oct2025 04:41:25.698] [main/INFO] [net.minecraft.world.item.crafting.RecipeManager/]: Skipping loading recipe delightful:knives/smelting/copper_thermal as it's serializer returned null
[26Oct2025 04:41:25.698] [main/INFO] [net.minecraft.world.item.crafting.RecipeManager/]: Skipping loading recipe delightful:knives/tin_knife as it's serializer returned null
[26Oct2025 04:41:25.698] [main/INFO] [net.minecraft.world.item.crafting.RecipeManager/]: Skipping loading recipe delightful:knives/smelting/constantan_thermal as it's serializer returned null
[26Oct2025 04:41:25.699] [main/INFO] [net.minecraft.world.item.crafting.RecipeManager/]: Skipping loading recipe delightful:knives/blasting/steel_immersiveengineering as it's serializer returned null
[26Oct2025 04:41:25.714] [main/INFO] [net.minecraft.world.item.crafting.RecipeManager/]: Skipping loading recipe delightful:knives/blasting/bone/bone_meal_from_blasting_helmet as it's serializer returned null
[26Oct2025 04:41:25.715] [main/INFO] [net.minecraft.world.item.crafting.RecipeManager/]: Skipping loading recipe woodworks:upgrade_aquatic/river_boards_from_river_logs_sawing as it's serializer returned null
[26Oct2025 04:41:25.723] [main/INFO] [net.minecraft.world.item.crafting.RecipeManager/]: Skipping loading recipe delightful:knives/smelting/copper_immersiveengineering as it's serializer returned null
[26Oct2025 04:41:25.723] [main/INFO] [net.minecraft.world.item.crafting.RecipeManager/]: Skipping loading recipe delightful:integration/ecologics/azalea_tea as it's serializer returned null
[26Oct2025 04:41:25.724] [main/INFO] [net.minecraft.world.item.crafting.RecipeManager/]: Skipping loading recipe woodworks:environmental/cherry_slab_from_cherry_logs_sawing as it's serializer returned null
[26Oct2025 04:41:25.725] [main/INFO] [net.minecraft.world.item.crafting.RecipeManager/]: Skipping loading recipe woodworks:endergetic/poise_pressure_plate_from_poise_stems_sawing as it's serializer returned null
[26Oct2025 04:41:25.726] [main/INFO] [net.minecraft.world.item.crafting.RecipeManager/]: Skipping loading recipe supplementaries:inspirations/flag_clear as it's serializer returned null
[26Oct2025 04:41:25.738] [main/INFO] [net.minecraft.world.item.crafting.RecipeManager/]: Skipping loading recipe woodworks:upgrade_aquatic/driftwood_slab_from_driftwood_logs_sawing as it's serializer returned null
[26Oct2025 04:41:25.739] [main/INFO] [net.minecraft.world.item.crafting.RecipeManager/]: Skipping loading recipe delightful:knives/blasting/electrum_immersiveengineering as it's serializer returned null
[26Oct2025 04:41:25.741] [main/INFO] [net.minecraft.world.item.crafting.RecipeManager/]: Skipping loading recipe woodworks:environmental/pine_slab_from_pine_planks_sawing as it's serializer returned null
[26Oct2025 04:41:25.741] [main/INFO] [net.minecraft.world.item.crafting.RecipeManager/]: Skipping loading recipe delightful:smelting/cooked_goat as it's serializer returned null
[26Oct2025 04:41:25.741] [main/INFO] [net.minecraft.world.item.crafting.RecipeManager/]: Skipping loading recipe ars_elemental:jeed/mana_shield as it's serializer returned null
[26Oct2025 04:41:25.742] [main/INFO] [net.minecraft.world.item.crafting.RecipeManager/]: Skipping loading recipe minecraft:bookshelf as it's serializer returned null
[26Oct2025 04:41:25.747] [main/INFO] [net.minecraft.world.item.crafting.RecipeManager/]: Skipping loading recipe woodworks:environmental/willow_fence_from_willow_planks_sawing as it's serializer returned null
[26Oct2025 04:41:25.747] [main/INFO] [net.minecraft.world.item.crafting.RecipeManager/]: Skipping loading recipe delightful:knives/blasting/electrum_thermal as it's serializer returned null
[26Oct2025 04:41:25.747] [main/INFO] [net.minecraft.world.item.crafting.RecipeManager/]: Skipping loading recipe delightful:knives/necronium_knife as it's serializer returned null
[26Oct2025 04:41:25.750] [main/INFO] [net.minecraft.world.item.crafting.RecipeManager/]: Skipping loading recipe wildberries:blueberry_pie as it's serializer returned null
[26Oct2025 04:41:25.752] [main/INFO] [net.minecraft.world.item.crafting.RecipeManager/]: Skipping loading recipe delightful:knives/smelting/silver_thermal as it's serializer returned null
[26Oct2025 04:41:25.753] [main/INFO] [net.minecraft.world.item.crafting.RecipeManager/]: Skipping loading recipe delightful:knives/smelting/bone/bone_meal_from_smelting_helmet as it's serializer returned null
[26Oct2025 04:41:25.754] [main/INFO] [net.minecraft.world.item.crafting.RecipeManager/]: Skipping loading recipe woodworks:upgrade_aquatic/driftwood_pressure_plate_from_driftwood_logs_sawing as it's serializer returned null
[26Oct2025 04:41:25.755] [main/INFO] [net.minecraft.world.item.crafting.RecipeManager/]: Skipping loading recipe delightful:knives/cloggrum_knife as it's serializer returned null
[26Oct2025 04:41:25.773] [main/INFO] [net.minecraft.world.item.crafting.RecipeManager/]: Skipping loading recipe woodworks:environmental/cherry_door_from_cherry_logs_sawing as it's serializer returned null
[26Oct2025 04:41:25.775] [main/INFO] [net.minecraft.world.item.crafting.RecipeManager/]: Skipping loading recipe twilightforest:jeed/regeneration as it's serializer returned null
[26Oct2025 04:41:25.775] [main/INFO] [net.minecraft.world.item.crafting.RecipeManager/]: Skipping loading recipe woodworks:endergetic/poise_boards_from_poise_stems_sawing as it's serializer returned null
[26Oct2025 04:41:25.776] [main/INFO] [net.minecraft.world.item.crafting.RecipeManager/]: Skipping loading recipe delightful:knives/smelting/emerald_emeraldequipment as it's serializer returned null
[26Oct2025 04:41:25.776] [main/INFO] [net.minecraft.world.item.crafting.RecipeManager/]: Skipping loading recipe delightful:knives/zinc_knife as it's serializer returned null
[26Oct2025 04:41:25.776] [main/INFO] [net.minecraft.world.item.crafting.RecipeManager/]: Skipping loading recipe woodworks:environmental/pine_sign_from_pine_logs_sawing as it's serializer returned null
[26Oct2025 04:41:25.777] [main/INFO] [net.minecraft.world.item.crafting.RecipeManager/]: Skipping loading recipe delightful:knives/blasting/bone/bone_meal_from_blasting_boots as it's serializer returned null
[26Oct2025 04:41:25.784] [main/INFO] [net.minecraft.world.item.crafting.RecipeManager/]: Skipping loading recipe delightful:knives/smelting/diamond_diamond_nuggets as it's serializer returned null
[26Oct2025 04:41:25.785] [main/INFO] [net.minecraft.world.item.crafting.RecipeManager/]: Skipping loading recipe twilightforest:jeed/fire_resistance as it's serializer returned null
[26Oct2025 04:41:25.785] [main/INFO] [net.minecraft.world.item.crafting.RecipeManager/]: Skipping loading recipe delightful:knives/smelting/bone/bone_meal_from_smelting_sword as it's serializer returned null
[26Oct2025 04:41:25.785] [main/INFO] [net.minecraft.world.item.crafting.RecipeManager/]: Skipping loading recipe delightful:knives/blasting/copper_immersiveengineering as it's serializer returned null
[26Oct2025 04:41:25.785] [main/INFO] [net.minecraft.world.item.crafting.RecipeManager/]: Skipping loading recipe woodworks:endergetic/poise_stairs_from_poise_planks_sawing as it's serializer returned null
[26Oct2025 04:41:25.792] [main/ERROR] [net.minecraft.world.item.crafting.RecipeManager/]: Parsing error loading recipe dreadsteel:dreadsteel_scythe: com.google.gson.JsonSyntaxException: Unknown item 'iceandfire:witherbone'
[26Oct2025 04:41:25.799] [main/INFO] [net.minecraft.world.item.crafting.RecipeManager/]: Skipping loading recipe delightful:knives/blasting/copper_thermal as it's serializer returned null
[26Oct2025 04:41:25.801] [main/INFO] [net.minecraft.world.item.crafting.RecipeManager/]: Skipping loading recipe delightful:knives/mechanical_crafting/gilded_quartz_knife as it's serializer returned null
[26Oct2025 04:41:25.802] [main/INFO] [net.minecraft.world.item.crafting.RecipeManager/]: Skipping loading recipe minecraft:ladder as it's serializer returned null
[26Oct2025 04:41:25.802] [main/ERROR] [net.minecraft.world.item.crafting.RecipeManager/]: Parsing error loading recipe betterwithminecolonies:create/stupid_dragon_breath: com.google.gson.JsonSyntaxException: Missing type, expected to find a string
[26Oct2025 04:41:25.802] [main/INFO] [net.minecraft.world.item.crafting.RecipeManager/]: Skipping loading recipe woodworks:environmental/willow_slab_from_willow_planks_sawing as it's serializer returned null
[26Oct2025 04:41:25.803] [main/INFO] [net.minecraft.world.item.crafting.RecipeManager/]: Skipping loading recipe atmospheric:large_morado_boat as it's serializer returned null
[26Oct2025 04:41:25.804] [main/INFO] [net.minecraft.world.item.crafting.RecipeManager/]: Skipping loading recipe woodworks:environmental/pine_fence_from_pine_planks_sawing as it's serializer returned null
[26Oct2025 04:41:25.804] [main/INFO] [net.minecraft.world.item.crafting.RecipeManager/]: Skipping loading recipe woodworks:environmental/wisteria_ladder_from_wisteria_planks_sawing as it's serializer returned null
[26Oct2025 04:41:25.804] [main/INFO] [net.minecraft.world.item.crafting.RecipeManager/]: Skipping loading recipe delightful:integration/goodall/cooked_venison_goodall as it's serializer returned null
[26Oct2025 04:41:25.804] [main/INFO] [net.minecraft.world.item.crafting.RecipeManager/]: Skipping loading recipe ars_elemental:jeed/hellfire_burn as it's serializer returned null
[26Oct2025 04:41:25.805] [main/INFO] [net.minecraft.world.item.crafting.RecipeManager/]: Skipping loading recipe supplementaries:inspirations/blackboard_clear as it's serializer returned null
[26Oct2025 04:41:25.811] [main/INFO] [net.minecraft.world.item.crafting.RecipeManager/]: Skipping loading recipe wildberries:cutting/blueberry_pie as it's serializer returned null
[26Oct2025 04:41:25.811] [main/INFO] [net.minecraft.world.item.crafting.RecipeManager/]: Skipping loading recipe minecraft:trapped_chest as it's serializer returned null
[26Oct2025 04:41:25.811] [main/INFO] [net.minecraft.world.item.crafting.RecipeManager/]: Skipping loading recipe delightful:cutting/gloomgourd_pie as it's serializer returned null
[26Oct2025 04:41:25.812] [main/INFO] [net.minecraft.world.item.crafting.RecipeManager/]: Skipping loading recipe delightful:knives/blasting/bone/bone_meal_from_blasting_axe as it's serializer returned null
[26Oct2025 04:41:25.814] [main/INFO] [net.minecraft.world.item.crafting.RecipeManager/]: Skipping loading recipe delightful:knives/blasting/invar_thermal as it's serializer returned null
[26Oct2025 04:41:25.814] [main/ERROR] [net.minecraft.world.item.crafting.RecipeManager/]: Parsing error loading recipe irons_spellbooks:curios/concentration_amulet: com.google.gson.JsonSyntaxException: Unknown item 'irons_spellbooks:mithril_ingot'
[26Oct2025 04:41:25.814] [main/INFO] [net.minecraft.world.item.crafting.RecipeManager/]: Skipping loading recipe delightful:knives/smelting/lead_immersiveengineering as it's serializer returned null
[26Oct2025 04:41:25.820] [main/INFO] [net.minecraft.world.item.crafting.RecipeManager/]: Skipping loading recipe woodworks:endergetic/poise_button_from_poise_planks_sawing as it's serializer returned null
[26Oct2025 04:41:25.824] [main/INFO] [net.minecraft.world.item.crafting.RecipeManager/]: Skipping loading recipe woodworks:upgrade_aquatic/driftwood_stairs_from_driftwood_planks_sawing as it's serializer returned null
[26Oct2025 04:41:25.826] [main/INFO] [net.minecraft.world.item.crafting.RecipeManager/]: Skipping loading recipe woodworks:upgrade_aquatic/river_slab_from_river_logs_sawing as it's serializer returned null
[26Oct2025 04:41:25.826] [main/INFO] [net.minecraft.world.item.crafting.RecipeManager/]: Skipping loading recipe woodworks:environmental/cherry_boards_from_cherry_planks_sawing as it's serializer returned null
[26Oct2025 04:41:25.833] [main/INFO] [net.minecraft.world.item.crafting.RecipeManager/]: Skipping loading recipe woodworks:caverns_and_chasms/azalea_fence_from_azalea_planks_sawing as it's serializer returned null
[26Oct2025 04:41:25.833] [main/INFO] [net.minecraft.world.item.crafting.RecipeManager/]: Skipping loading recipe delightful:knives/onyx_knife as it's serializer returned null
[26Oct2025 04:41:25.834] [main/INFO] [net.minecraft.world.item.crafting.RecipeManager/]: Skipping loading recipe woodworks:environmental/cherry_pressure_plate_from_cherry_logs_sawing as it's serializer returned null
[26Oct2025 04:41:25.835] [main/INFO] [net.minecraft.world.item.crafting.RecipeManager/]: Skipping loading recipe betterwithminecolonies:blocks_of_things/wtbwcharcoal_to_coal_blocks as it's serializer returned null
[26Oct2025 04:41:25.835] [main/INFO] [net.minecraft.world.item.crafting.RecipeManager/]: Skipping loading recipe betterwithminecolonies:blocks_of_things/charcoal_to_coal_blocks as it's serializer returned null
[26Oct2025 04:41:25.835] [main/ERROR] [net.minecraft.world.item.crafting.RecipeManager/]: Parsing error loading recipe iter_rpg:the_rock_recipe: com.google.gson.JsonSyntaxException: Unknown item 'iter_rpg:deleted_mod_element'
[26Oct2025 04:41:25.836] [main/INFO] [net.minecraft.world.item.crafting.RecipeManager/]: Skipping loading recipe delightful:knives/lapis_lazuli_knife as it's serializer returned null
[26Oct2025 04:41:25.837] [main/INFO] [net.minecraft.world.item.crafting.RecipeManager/]: Skipping loading recipe wildberries:cutting/sweet_berry_pie as it's serializer returned null
[26Oct2025 04:41:25.837] [main/INFO] [net.minecraft.world.item.crafting.RecipeManager/]: Skipping loading recipe delightful:knives/blasting/tin_mekanism as it's serializer returned null
[26Oct2025 04:41:25.837] [main/INFO] [net.minecraft.world.item.crafting.RecipeManager/]: Skipping loading recipe delightful:knives/steel_knife as it's serializer returned null
[26Oct2025 04:41:25.837] [main/INFO] [net.minecraft.world.item.crafting.RecipeManager/]: Skipping loading recipe delightful:knives/blasting/diamond_diamond_nuggets as it's serializer returned null
[26Oct2025 04:41:25.838] [main/INFO] [net.minecraft.world.item.crafting.RecipeManager/]: Skipping loading recipe delightful:knives/smelting/copper_copperized as it's serializer returned null
[26Oct2025 04:41:25.838] [main/INFO] [net.minecraft.world.item.crafting.RecipeManager/]: Skipping loading recipe woodworks:environmental/pine_ladder_from_pine_logs_sawing as it's serializer returned null
[26Oct2025 04:41:25.838] [main/INFO] [net.minecraft.world.item.crafting.RecipeManager/]: Skipping loading recipe twilightforest:jeed/frosted as it's serializer returned null
[26Oct2025 04:41:25.843] [main/INFO] [net.minecraft.world.item.crafting.RecipeManager/]: Skipping loading recipe delightful:cooking/rock_candy as it's serializer returned null
[26Oct2025 04:41:25.843] [main/INFO] [net.minecraft.world.item.crafting.RecipeManager/]: Skipping loading recipe supplementaries:inspirations/flag_dye as it's serializer returned null
[26Oct2025 04:41:25.843] [main/INFO] [net.minecraft.world.item.crafting.RecipeManager/]: Skipping loading recipe woodworks:environmental/pine_pressure_plate_from_pine_logs_sawing as it's serializer returned null
[26Oct2025 04:41:25.843] [main/INFO] [net.minecraft.world.item.crafting.RecipeManager/]: Skipping loading recipe delightful:knives/mythril_knife as it's serializer returned null
[26Oct2025 04:41:25.848] [main/INFO] [net.minecraft.world.item.crafting.RecipeManager/]: Skipping loading recipe atmospheric:large_yucca_boat as it's serializer returned null
[26Oct2025 04:41:25.849] [main/ERROR] [net.minecraft.world.item.crafting.RecipeManager/]: Parsing error loading recipe iter_rpg:bonb_recipe: com.google.gson.JsonSyntaxException: Unknown item 'iter_rpg:deleted_mod_element'
[26Oct2025 04:41:25.849] [main/INFO] [net.minecraft.world.item.crafting.RecipeManager/]: Skipping loading recipe woodworks:caverns_and_chasms/azalea_door_from_azalea_logs_sawing as it's serializer returned null
[26Oct2025 04:41:25.849] [main/INFO] [net.minecraft.world.item.crafting.RecipeManager/]: Skipping loading recipe woodworks:environmental/wisteria_button_from_wisteria_planks_sawing as it's serializer returned null
[26Oct2025 04:41:25.849] [main/INFO] [net.minecraft.world.item.crafting.RecipeManager/]: Skipping loading recipe wildberries:cranberry_pie_from_slices as it's serializer returned null
[26Oct2025 04:41:25.850] [main/INFO] [net.minecraft.world.item.crafting.RecipeManager/]: Skipping loading recipe woodworks:environmental/willow_boards_from_willow_planks_sawing as it's serializer returned null
[26Oct2025 04:41:25.850] [main/INFO] [net.minecraft.world.item.crafting.RecipeManager/]: Skipping loading recipe woodworks:endergetic/poise_door_from_poise_stems_sawing as it's serializer returned null
[26Oct2025 04:41:25.851] [main/INFO] [net.minecraft.world.item.crafting.RecipeManager/]: Skipping loading recipe clayworks:endergetic/cracked_purpur_block_from_baking as it's serializer returned null
[26Oct2025 04:41:25.851] [main/INFO] [net.minecraft.world.item.crafting.RecipeManager/]: Skipping loading recipe woodworks:upgrade_aquatic/river_door_from_river_logs_sawing as it's serializer returned null
[26Oct2025 04:41:25.852] [main/INFO] [net.minecraft.world.item.crafting.RecipeManager/]: Skipping loading recipe woodworks:environmental/wisteria_button_from_wisteria_logs_sawing as it's serializer returned null
[26Oct2025 04:41:25.852] [main/INFO] [net.minecraft.world.item.crafting.RecipeManager/]: Skipping loading recipe duckling:pumpkin_pie as it's serializer returned null
[26Oct2025 04:41:25.852] [main/INFO] [net.minecraft.world.item.crafting.RecipeManager/]: Skipping loading recipe woodworks:caverns_and_chasms/azalea_button_from_azalea_planks_sawing as it's serializer returned null
[26Oct2025 04:41:25.853] [main/ERROR] [net.minecraft.world.item.crafting.RecipeManager/]: Parsing error loading recipe alexsdelight:barbecue_on_a_stick: com.google.gson.JsonSyntaxException: Unknown item 'amfd:singular_cooked_moose_rib'
[26Oct2025 04:41:25.854] [main/INFO] [net.minecraft.world.item.crafting.RecipeManager/]: Skipping loading recipe botany_pots:ars_elemental/flashing_archwood as it's serializer returned null
[26Oct2025 04:41:25.854] [main/INFO] [net.minecraft.world.item.crafting.RecipeManager/]: Skipping loading recipe woodworks:upgrade_aquatic/river_ladder_from_river_logs_sawing as it's serializer returned null
[26Oct2025 04:41:25.859] [main/INFO] [net.minecraft.world.item.crafting.RecipeManager/]: Skipping loading recipe woodworks:endergetic/poise_trapdoor_from_poise_stems_sawing as it's serializer returned null
[26Oct2025 04:41:25.861] [main/INFO] [net.minecraft.world.item.crafting.RecipeManager/]: Skipping loading recipe woodworks:environmental/cherry_planks_from_cherry_logs_sawing as it's serializer returned null
[26Oct2025 04:41:25.862] [main/INFO] [net.minecraft.world.item.crafting.RecipeManager/]: Skipping loading recipe delightful:integration/rottenleather/chunkwich_from_bun as it's serializer returned null
[26Oct2025 04:41:25.862] [main/INFO] [net.minecraft.world.item.crafting.RecipeManager/]: Skipping loading recipe delightful:integration/biomemakeover/cactus_flesh_from_barrel_cactus as it's serializer returned null
[26Oct2025 04:41:25.862] [main/INFO] [net.minecraft.world.item.crafting.RecipeManager/]: Skipping loading recipe woodworks:environmental/wisteria_planks_from_wisteria_logs_sawing as it's serializer returned null
[26Oct2025 04:41:25.863] [main/INFO] [net.minecraft.world.item.crafting.RecipeManager/]: Skipping loading recipe woodworks:environmental/wisteria_trapdoor_from_wisteria_logs_sawing as it's serializer returned null
[26Oct2025 04:41:25.863] [main/INFO] [net.minecraft.world.item.crafting.RecipeManager/]: Skipping loading recipe delightful:knives/electrum_knife as it's serializer returned null
[26Oct2025 04:41:25.863] [main/INFO] [net.minecraft.world.item.crafting.RecipeManager/]: Skipping loading recipe woodworks:environmental/cherry_trapdoor_from_cherry_logs_sawing as it's serializer returned null
[26Oct2025 04:41:25.863] [main/INFO] [net.minecraft.world.item.crafting.RecipeManager/]: Skipping loading recipe delightful:knives/smelting/invar_thermal as it's serializer returned null
[26Oct2025 04:41:25.863] [main/INFO] [net.minecraft.world.item.crafting.RecipeManager/]: Skipping loading recipe wildberries:raspberry_pie_from_slices as it's serializer returned null
[26Oct2025 04:41:25.865] [main/INFO] [net.minecraft.world.item.crafting.RecipeManager/]: Skipping loading recipe delightful:knives/blasting/bone/bone_meal_from_blasting_shovel as it's serializer returned null
[26Oct2025 04:41:25.866] [main/INFO] [net.minecraft.world.item.crafting.RecipeManager/]: Skipping loading recipe woodworks:upgrade_aquatic/driftwood_door_from_driftwood_logs_sawing as it's serializer returned null
[26Oct2025 04:41:25.866] [main/INFO] [net.minecraft.world.item.crafting.RecipeManager/]: Skipping loading recipe delightful:food/marshmallow_stick_create_confectionery as it's serializer returned null
[26Oct2025 04:41:25.883] [main/INFO] [net.minecraft.world.item.crafting.RecipeManager/]: Skipping loading recipe woodworks:environmental/pine_button_from_pine_logs_sawing as it's serializer returned null
[26Oct2025 04:41:25.884] [main/INFO] [net.minecraft.world.item.crafting.RecipeManager/]: Skipping loading recipe woodworks:upgrade_aquatic/driftwood_stairs_from_driftwood_logs_sawing as it's serializer returned null
[26Oct2025 04:41:25.885] [main/INFO] [net.minecraft.world.item.crafting.RecipeManager/]: Skipping loading recipe woodworks:upgrade_aquatic/river_trapdoor_from_river_logs_sawing as it's serializer returned null
[26Oct2025 04:41:25.885] [main/INFO] [net.minecraft.world.item.crafting.RecipeManager/]: Skipping loading recipe delightful:knives/blasting/bone/bone_meal_from_blasting_leggings as it's serializer returned null
[26Oct2025 04:41:25.886] [main/INFO] [net.minecraft.world.item.crafting.RecipeManager/]: Skipping loading recipe delightful:matcha_ice_cream_block as it's serializer returned null
[26Oct2025 04:41:25.886] [main/INFO] [net.minecraft.world.item.crafting.RecipeManager/]: Skipping loading recipe clayworks:endergetic/cracked_end_stone_bricks_from_baking as it's serializer returned null
[26Oct2025 04:41:25.887] [main/INFO] [net.minecraft.world.item.crafting.RecipeManager/]: Skipping loading recipe woodworks:environmental/willow_trapdoor_from_willow_logs_sawing as it's serializer returned null
[26Oct2025 04:41:25.887] [main/INFO] [net.minecraft.world.item.crafting.RecipeManager/]: Skipping loading recipe delightful:knives/smithing/obsidian_infused_enderite_knife as it's serializer returned null
[26Oct2025 04:41:25.887] [main/INFO] [net.minecraft.world.item.crafting.RecipeManager/]: Skipping loading recipe clayworks:endergetic/eumus_brick_from_baking as it's serializer returned null
[26Oct2025 04:41:25.888] [main/INFO] [net.minecraft.world.item.crafting.RecipeManager/]: Skipping loading recipe delightful:knives/utherium_knife as it's serializer returned null
[26Oct2025 04:41:25.888] [main/INFO] [net.minecraft.world.item.crafting.RecipeManager/]: Skipping loading recipe woodworks:autumnity/maple_door_from_maple_logs_sawing as it's serializer returned null
[26Oct2025 04:41:25.888] [main/INFO] [net.minecraft.world.item.crafting.RecipeManager/]: Skipping loading recipe frozenup:mug_of_milk as it's serializer returned null
[26Oct2025 04:41:25.888] [main/INFO] [net.minecraft.world.item.crafting.RecipeManager/]: Skipping loading recipe woodworks:environmental/wisteria_pressure_plate_from_wisteria_logs_sawing as it's serializer returned null
[26Oct2025 04:41:25.892] [main/INFO] [net.minecraft.world.item.crafting.RecipeManager/]: Skipping loading recipe delightful:knives/leaf_knife as it's serializer returned null
[26Oct2025 04:41:25.893] [main/INFO] [net.minecraft.world.item.crafting.RecipeManager/]: Skipping loading recipe woodworks:caverns_and_chasms/azalea_slab_from_azalea_planks_sawing as it's serializer returned null
[26Oct2025 04:41:25.893] [main/INFO] [net.minecraft.world.item.crafting.RecipeManager/]: Skipping loading recipe delightful:knives/blasting/silver_immersiveengineering as it's serializer returned null
[26Oct2025 04:41:25.894] [main/INFO] [net.minecraft.world.item.crafting.RecipeManager/]: Skipping loading recipe woodworks:environmental/pine_trapdoor_from_pine_logs_sawing as it's serializer returned null
[26Oct2025 04:41:25.894] [main/INFO] [net.minecraft.world.item.crafting.RecipeManager/]: Skipping loading recipe woodworks:environmental/willow_slab_from_willow_logs_sawing as it's serializer returned null
[26Oct2025 04:41:25.894] [main/INFO] [net.minecraft.world.item.crafting.RecipeManager/]: Skipping loading recipe delightful:knives/constantan_knife as it's serializer returned null
[26Oct2025 04:41:25.894] [main/INFO] [net.minecraft.world.item.crafting.RecipeManager/]: Skipping loading recipe delightful:knives/smelting/bone/bone_meal_from_smelting_shovel as it's serializer returned null
[26Oct2025 04:41:25.895] [main/INFO] [net.minecraft.world.item.crafting.RecipeManager/]: Skipping loading recipe woodworks:endergetic/poise_ladder_from_poise_planks_sawing as it's serializer returned null
[26Oct2025 04:41:25.895] [main/INFO] [net.minecraft.world.item.crafting.RecipeManager/]: Skipping loading recipe woodworks:autumnity/maple_slab_from_maple_logs_sawing as it's serializer returned null
[26Oct2025 04:41:25.896] [main/INFO] [net.minecraft.world.item.crafting.RecipeManager/]: Skipping loading recipe woodworks:upgrade_aquatic/driftwood_fence_from_driftwood_planks_sawing as it's serializer returned null
[26Oct2025 04:41:25.897] [main/INFO] [net.minecraft.world.item.crafting.RecipeManager/]: Skipping loading recipe woodworks:caverns_and_chasms/azalea_fence_from_azalea_logs_sawing as it's serializer returned null
[26Oct2025 04:41:25.897] [main/INFO] [net.minecraft.world.item.crafting.RecipeManager/]: Skipping loading recipe woodworks:endergetic/poise_button_from_poise_stems_sawing as it's serializer returned null
[26Oct2025 04:41:25.900] [main/INFO] [net.minecraft.world.item.crafting.RecipeManager/]: Skipping loading recipe delightful:knives/invar_knife as it's serializer returned null
[26Oct2025 04:41:25.902] [main/INFO] [net.minecraft.world.item.crafting.RecipeManager/]: Skipping loading recipe woodworks:autumnity/maple_trapdoor_from_maple_logs_sawing as it's serializer returned null
[26Oct2025 04:41:25.905] [main/ERROR] [net.minecraft.world.item.crafting.RecipeManager/]: Parsing error loading recipe dreadsteel:dreadsteel_shield: com.google.gson.JsonSyntaxException: Unknown item 'iceandfire:witherbone'
[26Oct2025 04:41:25.906] [main/INFO] [net.minecraft.world.item.crafting.RecipeManager/]: Skipping loading recipe delightful:knives/brass_knife as it's serializer returned null
[26Oct2025 04:41:25.907] [main/INFO] [net.minecraft.world.item.crafting.RecipeManager/]: Skipping loading recipe create:sandpaper_polishing/rose_quartz as it's serializer returned null
[26Oct2025 04:41:25.907] [main/INFO] [net.minecraft.world.item.crafting.RecipeManager/]: Skipping loading recipe twilightforest:jeed/blindness as it's serializer returned null
[26Oct2025 04:41:25.907] [main/INFO] [net.minecraft.world.item.crafting.RecipeManager/]: Skipping loading recipe delightful:knives/bronze_knife as it's serializer returned null
[26Oct2025 04:41:25.911] [main/INFO] [net.minecraft.world.item.crafting.RecipeManager/]: Skipping loading recipe woodworks:environmental/cherry_sign_from_cherry_logs_sawing as it's serializer returned null
[26Oct2025 04:41:25.911] [main/INFO] [net.minecraft.world.item.crafting.RecipeManager/]: Skipping loading recipe delightful:food/kettle/matcha_latte_neapolitan as it's serializer returned null
[26Oct2025 04:41:25.911] [main/INFO] [net.minecraft.world.item.crafting.RecipeManager/]: Skipping loading recipe woodworks:environmental/pine_stairs_from_pine_planks_sawing as it's serializer returned null
[26Oct2025 04:41:25.912] [main/INFO] [net.minecraft.world.item.crafting.RecipeManager/]: Skipping loading recipe wildberries:blackberry_pie as it's serializer returned null
[26Oct2025 04:41:25.912] [main/INFO] [net.minecraft.world.item.crafting.RecipeManager/]: Skipping loading recipe delightful:knives/black_opal_knife as it's serializer returned null
[26Oct2025 04:41:25.912] [main/INFO] [net.minecraft.world.item.crafting.RecipeManager/]: Skipping loading recipe woodworks:environmental/cherry_boards_from_cherry_logs_sawing as it's serializer returned null
[26Oct2025 04:41:25.918] [main/INFO] [net.minecraft.world.item.crafting.RecipeManager/]: Skipping loading recipe woodworks:environmental/cherry_slab_from_cherry_planks_sawing as it's serializer returned null
[26Oct2025 04:41:25.919] [main/INFO] [net.minecraft.world.item.crafting.RecipeManager/]: Skipping loading recipe delightful:knives/smelting/nickel_immersiveengineering as it's serializer returned null
[26Oct2025 04:41:25.919] [main/INFO] [net.minecraft.world.item.crafting.RecipeManager/]: Skipping loading recipe delightful:knives/blasting/bone/bone_meal_from_blasting_hoe as it's serializer returned null
[26Oct2025 04:41:25.919] [main/INFO] [net.minecraft.world.item.crafting.RecipeManager/]: Skipping loading recipe woodworks:environmental/wisteria_stairs_from_wisteria_planks_sawing as it's serializer returned null
[26Oct2025 04:41:25.920] [main/INFO] [net.minecraft.world.item.crafting.RecipeManager/]: Skipping loading recipe woodworks:environmental/pine_boards_from_pine_planks_sawing as it's serializer returned null
[26Oct2025 04:41:25.920] [main/INFO] [net.minecraft.world.item.crafting.RecipeManager/]: Skipping loading recipe delightful:integration/goodall/venison_goodall as it's serializer returned null
[26Oct2025 04:41:25.921] [main/INFO] [net.minecraft.world.item.crafting.RecipeManager/]: Skipping loading recipe delightful:knives/smelting/tin_mekanism as it's serializer returned null
[26Oct2025 04:41:25.921] [main/INFO] [net.minecraft.world.item.crafting.RecipeManager/]: Skipping loading recipe woodworks:autumnity/maple_fence_from_maple_logs_sawing as it's serializer returned null
[26Oct2025 04:41:25.921] [main/INFO] [net.minecraft.world.item.crafting.RecipeManager/]: Skipping loading recipe delightful:knives/smelting/electrum_immersiveengineering as it's serializer returned null
[26Oct2025 04:41:25.922] [main/INFO] [net.minecraft.world.item.crafting.RecipeManager/]: Skipping loading recipe woodworks:caverns_and_chasms/azalea_boards_from_azalea_planks_sawing as it's serializer returned null
[26Oct2025 04:41:25.922] [main/INFO] [net.minecraft.world.item.crafting.RecipeManager/]: Skipping loading recipe delightful:knives/smithing/alf_knife as it's serializer returned null
[26Oct2025 04:41:25.922] [main/INFO] [net.minecraft.world.item.crafting.RecipeManager/]: Skipping loading recipe woodworks:autumnity/maple_slab_from_maple_planks_sawing as it's serializer returned null
[26Oct2025 04:41:25.923] [main/INFO] [net.minecraft.world.item.crafting.RecipeManager/]: Skipping loading recipe woodworks:environmental/willow_button_from_willow_logs_sawing as it's serializer returned null
[26Oct2025 04:41:25.923] [main/INFO] [net.minecraft.world.item.crafting.RecipeManager/]: Skipping loading recipe delightful:knives/froststeel_knife as it's serializer returned null
[26Oct2025 04:41:25.923] [main/INFO] [net.minecraft.world.item.crafting.RecipeManager/]: Skipping loading recipe woodworks:upgrade_aquatic/driftwood_boards_from_driftwood_planks_sawing as it's serializer returned null
[26Oct2025 04:41:25.924] [main/INFO] [net.minecraft.world.item.crafting.RecipeManager/]: Skipping loading recipe woodworks:environmental/cherry_ladder_from_cherry_planks_sawing as it's serializer returned null
[26Oct2025 04:41:25.925] [main/INFO] [net.minecraft.world.item.crafting.RecipeManager/]: Skipping loading recipe woodworks:environmental/willow_stairs_from_willow_planks_sawing as it's serializer returned null
[26Oct2025 04:41:25.925] [main/INFO] [net.minecraft.world.item.crafting.RecipeManager/]: Skipping loading recipe delightful:knives/large_amethyst_knife as it's serializer returned null
[26Oct2025 04:41:25.925] [main/INFO] [net.minecraft.world.item.crafting.RecipeManager/]: Skipping loading recipe woodworks:environmental/willow_fence_from_willow_logs_sawing as it's serializer returned null
[26Oct2025 04:41:25.925] [main/INFO] [net.minecraft.world.item.crafting.RecipeManager/]: Skipping loading recipe wildberries:raspberry_pie as it's serializer returned null
[26Oct2025 04:41:25.926] [main/INFO] [net.minecraft.world.item.crafting.RecipeManager/]: Skipping loading recipe delightful:integration/farmersrespite/green_tea_leaves_from_green_tea_leaf as it's serializer returned null
[26Oct2025 04:41:25.926] [main/INFO] [net.minecraft.world.item.crafting.RecipeManager/]: Skipping loading recipe delightful:knives/smelting/constantan_immersiveengineering as it's serializer returned null
[26Oct2025 04:41:25.927] [main/INFO] [net.minecraft.world.item.crafting.RecipeManager/]: Skipping loading recipe woodworks:caverns_and_chasms/azalea_boards_from_azalea_logs_sawing as it's serializer returned null
[26Oct2025 04:41:25.927] [main/INFO] [net.minecraft.world.item.crafting.RecipeManager/]: Skipping loading recipe delightful:knives/experience_knife as it's serializer returned null
[26Oct2025 04:41:25.930] [main/INFO] [net.minecraft.world.item.crafting.RecipeManager/]: Skipping loading recipe woodworks:environmental/willow_fence_gate_from_willow_logs_sawing as it's serializer returned null
[26Oct2025 04:41:25.930] [main/INFO] [net.minecraft.world.item.crafting.RecipeManager/]: Skipping loading recipe woodworks:environmental/willow_sign_from_willow_logs_sawing as it's serializer returned null
[26Oct2025 04:41:25.932] [main/INFO] [net.minecraft.world.item.crafting.RecipeManager/]: Skipping loading recipe woodworks:upgrade_aquatic/river_fence_from_river_planks_sawing as it's serializer returned null
[26Oct2025 04:41:25.932] [main/INFO] [net.minecraft.world.item.crafting.RecipeManager/]: Skipping loading recipe frozenup:mug_of_chocolate_milk as it's serializer returned null
[26Oct2025 04:41:25.935] [main/INFO] [net.minecraft.world.item.crafting.RecipeManager/]: Skipping loading recipe atmospheric:laurel_furnace_boat as it's serializer returned null
[26Oct2025 04:41:25.935] [main/INFO] [net.minecraft.world.item.crafting.RecipeManager/]: Skipping loading recipe delightful:campfire/cooked_goat as it's serializer returned null
[26Oct2025 04:41:25.936] [main/INFO] [net.minecraft.world.item.crafting.RecipeManager/]: Skipping loading recipe woodworks:upgrade_aquatic/driftwood_boards_from_driftwood_logs_sawing as it's serializer returned null
[26Oct2025 04:41:25.938] [main/INFO] [net.minecraft.world.item.crafting.RecipeManager/]: Skipping loading recipe woodworks:upgrade_aquatic/river_planks_from_river_logs_sawing as it's serializer returned null
[26Oct2025 04:41:25.939] [main/INFO] [net.minecraft.world.item.crafting.RecipeManager/]: Skipping loading recipe delightful:food/clover_honey as it's serializer returned null
[26Oct2025 04:41:25.939] [main/INFO] [net.minecraft.world.item.crafting.RecipeManager/]: Skipping loading recipe delightful:knives/blasting/osmium_mekanism as it's serializer returned null
[26Oct2025 04:41:25.940] [main/INFO] [net.minecraft.world.item.crafting.RecipeManager/]: Skipping loading recipe delightful:knives/smelting/bone/bone_meal_from_smelting_boots as it's serializer returned null
[26Oct2025 04:41:25.940] [main/INFO] [net.minecraft.world.item.crafting.RecipeManager/]: Skipping loading recipe delightful:knives/soul_steel_knife as it's serializer returned null
[26Oct2025 04:41:25.940] [main/INFO] [net.minecraft.world.item.crafting.RecipeManager/]: Skipping loading recipe delightful:knives/mixing/blazing_knife as it's serializer returned null
[26Oct2025 04:41:25.941] [main/INFO] [net.minecraft.world.item.crafting.RecipeManager/]: Skipping loading recipe delightful:integration/immersive_weathering/tallow_from_animal_fat as it's serializer returned null
[26Oct2025 04:41:25.941] [main/INFO] [net.minecraft.world.item.crafting.RecipeManager/]: Skipping loading recipe atmospheric:kousa_furnace_boat as it's serializer returned null
[26Oct2025 04:41:25.942] [main/ERROR] [net.minecraft.world.item.crafting.RecipeManager/]: Parsing error loading recipe betterwithminecolonies:create/stupid_chorus_fruit: com.google.gson.JsonSyntaxException: Missing type, expected to find a string
[26Oct2025 04:41:25.943] [main/INFO] [net.minecraft.world.item.crafting.RecipeManager/]: Skipping loading recipe woodworks:environmental/willow_pressure_plate_from_willow_logs_sawing as it's serializer returned null
[26Oct2025 04:41:25.943] [main/INFO] [net.minecraft.world.item.crafting.RecipeManager/]: Skipping loading recipe woodworks:upgrade_aquatic/river_sign_from_river_logs_sawing as it's serializer returned null
[26Oct2025 04:41:25.944] [main/ERROR] [net.minecraft.world.item.crafting.RecipeManager/]: Parsing error loading recipe forbidden_arcanus:corrupted_pixie: com.google.gson.JsonSyntaxException: Unknown item 'forbidden_arcanus:dark_soul'
[26Oct2025 04:41:25.945] [main/INFO] [net.minecraft.world.item.crafting.RecipeManager/]: Skipping loading recipe woodworks:environmental/cherry_button_from_cherry_planks_sawing as it's serializer returned null
[26Oct2025 04:41:25.945] [main/INFO] [net.minecraft.world.item.crafting.RecipeManager/]: Skipping loading recipe delightful:salmonberry_ice_cream_block as it's serializer returned null
[26Oct2025 04:41:25.945] [main/INFO] [net.minecraft.world.item.crafting.RecipeManager/]: Skipping loading recipe woodworks:autumnity/maple_button_from_maple_logs_sawing as it's serializer returned null
[26Oct2025 04:41:25.945] [main/INFO] [net.minecraft.world.item.crafting.RecipeManager/]: Skipping loading recipe delightful:knives/smelting/electrum_thermal as it's serializer returned null
[26Oct2025 04:41:25.946] [main/INFO] [net.minecraft.world.item.crafting.RecipeManager/]: Skipping loading recipe delightful:knives/blasting/nickel_immersiveengineering as it's serializer returned null
[26Oct2025 04:41:25.946] [main/INFO] [net.minecraft.world.item.crafting.RecipeManager/]: Skipping loading recipe delightful:knives/blasting/silver_thermal as it's serializer returned null
[26Oct2025 04:41:25.946] [main/INFO] [net.minecraft.world.item.crafting.RecipeManager/]: Skipping loading recipe woodworks:upgrade_aquatic/driftwood_ladder_from_driftwood_logs_sawing as it's serializer returned null
[26Oct2025 04:41:25.946] [main/INFO] [net.minecraft.world.item.crafting.RecipeManager/]: Skipping loading recipe clayworks:nether_extension/cracked_warped_nether_bricks_from_baking as it's serializer returned null
[26Oct2025 04:41:25.947] [main/INFO] [net.minecraft.world.item.crafting.RecipeManager/]: Skipping loading recipe delightful:food/berry_matcha_latte_neapolitan as it's serializer returned null
[26Oct2025 04:41:25.948] [main/INFO] [net.minecraft.world.item.crafting.RecipeManager/]: Skipping loading recipe woodworks:upgrade_aquatic/driftwood_trapdoor_from_driftwood_logs_sawing as it's serializer returned null
[26Oct2025 04:41:25.948] [main/INFO] [net.minecraft.world.item.crafting.RecipeManager/]: Skipping loading recipe woodworks:environmental/wisteria_sign_from_wisteria_logs_sawing as it's serializer returned null
[26Oct2025 04:41:25.948] [main/INFO] [net.minecraft.world.item.crafting.RecipeManager/]: Skipping loading recipe delightful:knives/blasting/bone/bone_meal_from_blasting_sword as it's serializer returned null
[26Oct2025 04:41:25.948] [main/INFO] [net.minecraft.world.item.crafting.RecipeManager/]: Skipping loading recipe atmospheric:grimwood_furnace_boat as it's serializer returned null
[26Oct2025 04:41:25.948] [main/INFO] [net.minecraft.world.item.crafting.RecipeManager/]: Skipping loading recipe woodworks:upgrade_aquatic/driftwood_ladder_from_driftwood_planks_sawing as it's serializer returned null
[26Oct2025 04:41:25.952] [main/INFO] [net.minecraft.world.item.crafting.RecipeManager/]: Skipping loading recipe woodworks:endergetic/poise_sign_from_poise_stems_sawing as it's serializer returned null
[26Oct2025 04:41:25.955] [main/INFO] [net.minecraft.world.item.crafting.RecipeManager/]: Skipping loading recipe woodworks:upgrade_aquatic/driftwood_slab_from_driftwood_planks_sawing as it's serializer returned null
[26Oct2025 04:41:25.956] [main/INFO] [net.minecraft.world.item.crafting.RecipeManager/]: Skipping loading recipe woodworks:caverns_and_chasms/azalea_planks_from_azalea_logs_sawing as it's serializer returned null
[26Oct2025 04:41:25.956] [main/INFO] [net.minecraft.world.item.crafting.RecipeManager/]: Skipping loading recipe atmospheric:rosewood_furnace_boat as it's serializer returned null
[26Oct2025 04:41:25.959] [main/INFO] [net.minecraft.world.item.crafting.RecipeManager/]: Skipping loading recipe delightful:smoking/cooked_goat as it's serializer returned null
[26Oct2025 04:41:25.960] [main/INFO] [net.minecraft.world.item.crafting.RecipeManager/]: Skipping loading recipe delightful:food/deluxe_cheeseburger_from_bun as it's serializer returned null
[26Oct2025 04:41:25.960] [main/INFO] [net.minecraft.world.item.crafting.RecipeManager/]: Skipping loading recipe delightful:food/matcha_ice_cream as it's serializer returned null
[26Oct2025 04:41:25.960] [main/INFO] [net.minecraft.world.item.crafting.RecipeManager/]: Skipping loading recipe woodworks:autumnity/maple_stairs_from_maple_planks_sawing as it's serializer returned null
[26Oct2025 04:41:25.961] [main/INFO] [net.minecraft.world.item.crafting.RecipeManager/]: Skipping loading recipe twilightforest:jeed/resistance as it's serializer returned null
[26Oct2025 04:41:25.961] [main/INFO] [net.minecraft.world.item.crafting.RecipeManager/]: Skipping loading recipe woodworks:autumnity/maple_boards_from_maple_planks_sawing as it's serializer returned null
[26Oct2025 04:41:25.961] [main/INFO] [net.minecraft.world.item.crafting.RecipeManager/]: Skipping loading recipe woodworks:autumnity/maple_fence_gate_from_maple_logs_sawing as it's serializer returned null
[26Oct2025 04:41:25.962] [main/INFO] [net.minecraft.world.item.crafting.RecipeManager/]: Skipping loading recipe woodworks:environmental/cherry_fence_from_cherry_planks_sawing as it's serializer returned null
[26Oct2025 04:41:25.962] [main/INFO] [net.minecraft.world.item.crafting.RecipeManager/]: Skipping loading recipe minecraft:beehive as it's serializer returned null
[26Oct2025 04:41:25.963] [main/INFO] [net.minecraft.world.item.crafting.RecipeManager/]: Skipping loading recipe woodworks:environmental/cherry_ladder_from_cherry_logs_sawing as it's serializer returned null
[26Oct2025 04:41:25.963] [main/INFO] [net.minecraft.world.item.crafting.RecipeManager/]: Skipping loading recipe delightful:knives/smelting/bronze_mekanism as it's serializer returned null
[26Oct2025 04:41:25.964] [main/INFO] [net.minecraft.world.item.crafting.RecipeManager/]: Skipping loading recipe woodworks:upgrade_aquatic/river_stairs_from_river_logs_sawing as it's serializer returned null
[26Oct2025 04:41:25.964] [main/INFO] [net.minecraft.world.item.crafting.RecipeManager/]: Skipping loading recipe wildberries:sweet_berry_pie as it's serializer returned null
[26Oct2025 04:41:25.965] [main/INFO] [net.minecraft.world.item.crafting.RecipeManager/]: Skipping loading recipe delightful:knives/blasting/nickel_thermal as it's serializer returned null
[26Oct2025 04:41:25.965] [main/INFO] [net.minecraft.world.item.crafting.RecipeManager/]: Skipping loading recipe wildberries:glow_berry_pie_craft as it's serializer returned null
[26Oct2025 04:41:25.969] [main/INFO] [net.minecraft.world.item.crafting.RecipeManager/]: Skipping loading recipe woodworks:caverns_and_chasms/azalea_sign_from_azalea_logs_sawing as it's serializer returned null
[26Oct2025 04:41:25.969] [main/INFO] [net.minecraft.world.item.crafting.RecipeManager/]: Skipping loading recipe delightful:knives/allthemodium_knife as it's serializer returned null
[26Oct2025 04:41:25.973] [main/INFO] [net.minecraft.world.item.crafting.RecipeManager/]: Skipping loading recipe delightful:food/smore as it's serializer returned null
[26Oct2025 04:41:25.973] [main/INFO] [net.minecraft.world.item.crafting.RecipeManager/]: Skipping loading recipe wildberries:blueberry_pie_from_slices as it's serializer returned null
[26Oct2025 04:41:25.975] [main/INFO] [net.minecraft.world.item.crafting.RecipeManager/]: Skipping loading recipe delightful:food/nut_butter_and_jelly_sandwich_from_bread_slice as it's serializer returned null
[26Oct2025 04:41:25.976] [main/INFO] [net.minecraft.world.item.crafting.RecipeManager/]: Skipping loading recipe woodworks:environmental/cherry_button_from_cherry_logs_sawing as it's serializer returned null
[26Oct2025 04:41:25.976] [main/INFO] [net.minecraft.world.item.crafting.RecipeManager/]: Skipping loading recipe delightful:knives/blasting/lead_thermal as it's serializer returned null
[26Oct2025 04:41:25.976] [main/INFO] [net.minecraft.world.item.crafting.RecipeManager/]: Skipping loading recipe woodworks:upgrade_aquatic/driftwood_planks_from_driftwood_logs_sawing as it's serializer returned null
[26Oct2025 04:41:25.976] [main/INFO] [net.minecraft.world.item.crafting.RecipeManager/]: Skipping loading recipe delightful:knives/sinisite_knife as it's serializer returned null
[26Oct2025 04:41:25.976] [main/INFO] [net.minecraft.world.item.crafting.RecipeManager/]: Skipping loading recipe woodworks:environmental/wisteria_fence_from_wisteria_planks_sawing as it's serializer returned null
[26Oct2025 04:41:25.977] [main/INFO] [net.minecraft.world.item.crafting.RecipeManager/]: Skipping loading recipe delightful:food/cooking/coconut_curry as it's serializer returned null
[26Oct2025 04:41:25.977] [main/INFO] [net.minecraft.world.item.crafting.RecipeManager/]: Skipping loading recipe delightful:knives/lead_knife as it's serializer returned null
[26Oct2025 04:41:25.978] [main/INFO] [net.minecraft.world.item.crafting.RecipeManager/]: Skipping loading recipe delightful:knives/blasting/bronze_mekanism as it's serializer returned null
[26Oct2025 04:41:25.978] [main/INFO] [net.minecraft.world.item.crafting.RecipeManager/]: Skipping loading recipe delightful:knives/adamantium_knife as it's serializer returned null
[26Oct2025 04:41:25.978] [main/INFO] [net.minecraft.world.item.crafting.RecipeManager/]: Skipping loading recipe delightful:integration/wildberries/unpack_blueberry_sack as it's serializer returned null
[26Oct2025 04:41:25.979] [main/INFO] [net.minecraft.world.item.crafting.RecipeManager/]: Skipping loading recipe wildberries:sweet_berry_pie_from_slices as it's serializer returned null
[26Oct2025 04:41:25.979] [main/INFO] [net.minecraft.world.item.crafting.RecipeManager/]: Skipping loading recipe woodworks:autumnity/maple_planks_from_maple_logs_sawing as it's serializer returned null
[26Oct2025 04:41:25.979] [main/INFO] [net.minecraft.world.item.crafting.RecipeManager/]: Skipping loading recipe woodworks:autumnity/maple_pressure_plate_from_maple_logs_sawing as it's serializer returned null
[26Oct2025 04:41:25.979] [main/INFO] [net.minecraft.world.item.crafting.RecipeManager/]: Skipping loading recipe delightful:knives/manasteel_knife as it's serializer returned null
[26Oct2025 04:41:25.980] [main/INFO] [net.minecraft.world.item.crafting.RecipeManager/]: Skipping loading recipe delightful:integration/rottenleather/chunk_nugget as it's serializer returned null
[26Oct2025 04:41:25.980] [main/INFO] [net.minecraft.world.item.crafting.RecipeManager/]: Skipping loading recipe delightful:knives/elementium_knife as it's serializer returned null
[26Oct2025 04:41:25.980] [main/INFO] [net.minecraft.world.item.crafting.RecipeManager/]: Skipping loading recipe delightful:knives/nickel_knife as it's serializer returned null
[26Oct2025 04:41:25.980] [main/INFO] [net.minecraft.world.item.crafting.RecipeManager/]: Skipping loading recipe woodworks:upgrade_aquatic/river_ladder_from_river_planks_sawing as it's serializer returned null
[26Oct2025 04:41:25.981] [main/INFO] [net.minecraft.world.item.crafting.RecipeManager/]: Skipping loading recipe woodworks:caverns_and_chasms/azalea_fence_gate_from_azalea_logs_sawing as it's serializer returned null
[26Oct2025 04:41:25.981] [main/INFO] [net.minecraft.world.item.crafting.RecipeManager/]: Skipping loading recipe woodworks:environmental/willow_ladder_from_willow_planks_sawing as it's serializer returned null
[26Oct2025 04:41:25.981] [main/INFO] [net.minecraft.world.item.crafting.RecipeManager/]: Skipping loading recipe woodworks:environmental/pine_ladder_from_pine_planks_sawing as it's serializer returned null
[26Oct2025 04:41:25.983] [main/INFO] [net.minecraft.world.item.crafting.RecipeManager/]: Skipping loading recipe delightful:food/salmonberry_ice_cream as it's serializer returned null
[26Oct2025 04:41:25.983] [main/INFO] [net.minecraft.world.item.crafting.RecipeManager/]: Skipping loading recipe delightful:food/berry_matcha_latte_from_matcha_latte_neapolitan as it's serializer returned null
[26Oct2025 04:41:25.984] [main/INFO] [net.minecraft.world.item.crafting.RecipeManager/]: Skipping loading recipe woodworks:environmental/cherry_stairs_from_cherry_planks_sawing as it's serializer returned null
[26Oct2025 04:41:25.984] [main/INFO] [net.minecraft.world.item.crafting.RecipeManager/]: Skipping loading recipe woodworks:endergetic/poise_stairs_from_poise_stems_sawing as it's serializer returned null
[26Oct2025 04:41:25.986] [main/INFO] [net.minecraft.world.item.crafting.RecipeManager/]: Skipping loading recipe biomemakeover:glowshroom_stew as it's serializer returned null
[26Oct2025 04:41:25.986] [main/INFO] [net.minecraft.world.item.crafting.RecipeManager/]: Skipping loading recipe delightful:knives/smithing/forgotten_knife as it's serializer returned null
[26Oct2025 04:41:25.986] [main/INFO] [net.minecraft.world.item.crafting.RecipeManager/]: Skipping loading recipe delightful:knives/smelting/bone/knife_minecraft as it's serializer returned null
[26Oct2025 04:41:25.987] [main/INFO] [net.minecraft.world.item.crafting.RecipeManager/]: Skipping loading recipe delightful:food/cheeseburger_from_bun as it's serializer returned null
[26Oct2025 04:41:25.990] [main/INFO] [net.minecraft.world.item.crafting.RecipeManager/]: Skipping loading recipe woodworks:upgrade_aquatic/river_button_from_river_logs_sawing as it's serializer returned null
[26Oct2025 04:41:25.990] [main/INFO] [net.minecraft.world.item.crafting.RecipeManager/]: Skipping loading recipe atmospheric:large_grimwood_boat as it's serializer returned null
[26Oct2025 04:41:25.991] [main/INFO] [net.minecraft.world.item.crafting.RecipeManager/]: Skipping loading recipe woodworks:environmental/wisteria_boards_from_wisteria_planks_sawing as it's serializer returned null
[26Oct2025 04:41:25.992] [main/INFO] [net.minecraft.world.item.crafting.RecipeManager/]: Skipping loading recipe woodworks:environmental/pine_button_from_pine_planks_sawing as it's serializer returned null
[26Oct2025 04:41:25.992] [main/INFO] [net.minecraft.world.item.crafting.RecipeManager/]: Skipping loading recipe woodworks:environmental/wisteria_fence_gate_from_wisteria_logs_sawing as it's serializer returned null
[26Oct2025 04:41:25.993] [main/ERROR] [net.minecraft.world.item.crafting.RecipeManager/]: Parsing error loading recipe dramaticdoors:short_chestnut_door: com.google.gson.JsonSyntaxException: Unknown item 'windswept:penumbra_door'
[26Oct2025 04:41:25.993] [main/INFO] [net.minecraft.world.item.crafting.RecipeManager/]: Skipping loading recipe twilightforest:jeed/slowness as it's serializer returned null
[26Oct2025 04:41:25.994] [main/INFO] [net.minecraft.world.item.crafting.RecipeManager/]: Skipping loading recipe delightful:food/crab_rangoon_from_milk as it's serializer returned null
[26Oct2025 04:41:25.994] [main/INFO] [net.minecraft.world.item.crafting.RecipeManager/]: Skipping loading recipe delightful:knives/refined_obsidian_knife as it's serializer returned null
[26Oct2025 04:41:25.994] [main/INFO] [net.minecraft.world.item.crafting.RecipeManager/]: Skipping loading recipe delightful:mixing/salmonberry_gummy as it's serializer returned null
[26Oct2025 04:41:25.994] [main/ERROR] [net.minecraft.world.item.crafting.RecipeManager/]: Parsing error loading recipe dramaticdoors:tall_stripped_bamboo_door: com.google.gson.JsonSyntaxException: Unknown item 'twigs:stripped_bamboo_door'
[26Oct2025 04:41:25.995] [main/INFO] [net.minecraft.world.item.crafting.RecipeManager/]: Skipping loading recipe woodworks:environmental/willow_planks_from_willow_logs_sawing as it's serializer returned null
[26Oct2025 04:41:25.995] [main/INFO] [net.minecraft.world.item.crafting.RecipeManager/]: Skipping loading recipe delightful:knives/blasting/steel_mekanism as it's serializer returned null
[26Oct2025 04:41:25.995] [main/INFO] [net.minecraft.world.item.crafting.RecipeManager/]: Skipping loading recipe delightful:integration/wildberries/blueberry_sack as it's serializer returned null
[26Oct2025 04:41:25.995] [main/INFO] [net.minecraft.world.item.crafting.RecipeManager/]: Skipping loading recipe delightful:knives/smithing/gilded_netherite_knife as it's serializer returned null
[26Oct2025 04:41:25.996] [main/INFO] [net.minecraft.world.item.crafting.RecipeManager/]: Skipping loading recipe delightful:integration/biomesoplenty/huge_clover_petal as it's serializer returned null
[26Oct2025 04:41:26.006] [main/INFO] [net.minecraft.world.item.crafting.RecipeManager/]: Loaded 57 recipes
[26Oct2025 04:41:26.010] [main/WARN] [com.recipeessentials.RecipeEssentials/]: Recipe without matching ID:apotheosis:potion_charm_enchanting
[26Oct2025 04:41:26.020] [main/WARN] [com.recipeessentials.RecipeEssentials/]: Recipe without matching ID:ars_nouveau:mirror_shield_3
[26Oct2025 04:41:26.020] [main/WARN] [com.recipeessentials.RecipeEssentials/]: Recipe without matching ID:ars_nouveau:mirror_shield_2
[26Oct2025 04:41:26.021] [main/WARN] [com.recipeessentials.RecipeEssentials/]: Recipe without matching ID:ars_nouveau:mirror_shield_1
[26Oct2025 04:41:26.021] [main/WARN] [com.recipeessentials.RecipeEssentials/]: Recipe without matching ID:ars_nouveau:soulbound_1
[26Oct2025 04:41:26.028] [main/INFO] [com.teampotato.redirector.Redirector/]: Redirecting com/teamabnormals/blueprint/core/util/modification/selection/ResourceSelectorSerializers
[26Oct2025 04:41:26.031] [main/INFO] [com.teamabnormals.blueprint.core.Blueprint/]: Loot Modification Manager has loaded 6 modifier groups
[26Oct2025 04:41:26.069] [main/INFO] [com.teampotato.redirector.Redirector/]: Redirecting net/minecraft/world/level/storage/loot/functions/CopyNbtFunction$MergeStrategy
[26Oct2025 04:41:26.141] [main/ERROR] [Apotheosis : Adventure/]: Use of the "rarity" key in affix loot pool entries is deprecated and will be removed in a future release.
[26Oct2025 04:41:26.338] [main/ERROR] [net.minecraft.world.level.storage.loot.LootTables/]: Couldn't parse loot table darkerdepths:blocks/grimestone_speleothem: com.google.gson.JsonSyntaxException: Expected name to be an item, was unknown string 'darkerdepths:grimestone_speleothem'
[26Oct2025 04:41:26.648] [main/INFO] [com.teampotato.redirector.Redirector/]: Redirecting com/legacy/blue_skies/items/util/IRarityItem$SkiesRarity
[26Oct2025 04:41:26.655] [main/ERROR] [net.minecraft.world.level.storage.loot.LootTables/]: Couldn't parse loot table darkerdepths:blocks/aridrock_speleothem: com.google.gson.JsonSyntaxException: Expected name to be an item, was unknown string 'darkerdepths:aridrock_speleothem'
[26Oct2025 04:41:26.842] [main/ERROR] [net.minecraft.world.level.storage.loot.LootTables/]: Couldn't parse loot table darkerdepths:blocks/celestine_crystal_block: com.google.gson.JsonSyntaxException: Expected name to be an item, was unknown string 'darkerdepths:celestine_crystal_block'
[26Oct2025 04:41:26.858] [main/ERROR] [net.minecraft.world.level.storage.loot.LootTables/]: Couldn't parse loot table darkerdepths:blocks/shale_speleothem: com.google.gson.JsonSyntaxException: Expected name to be an item, was unknown string 'darkerdepths:shale_speleothem'
[26Oct2025 04:41:27.018] [main/ERROR] [net.minecraft.world.level.storage.loot.LootTables/]: Couldn't parse loot table darkerdepths:blocks/detritus: com.google.gson.JsonSyntaxException: Expected name to be an item, was unknown string 'darkerdepths:detritus'
[26Oct2025 04:41:27.071] [main/ERROR] [Apotheosis : Adventure/]: Use of the "rarity" key in affix loot pool entries is deprecated and will be removed in a future release.
[26Oct2025 04:41:27.071] [main/ERROR] [Apotheosis : Adventure/]: Use of the "rarity" key in affix loot pool entries is deprecated and will be removed in a future release.
[26Oct2025 04:41:27.199] [main/ERROR] [net.minecraft.world.level.storage.loot.LootTables/]: Couldn't parse loot table iter_rpg:gameplay/geode_endstone: com.google.gson.JsonSyntaxException: Expected name to be an item, was unknown string 'iter_rpg:voidquartz_shard'
[26Oct2025 04:41:27.329] [main/ERROR] [net.minecraft.world.level.storage.loot.LootTables/]: Couldn't parse loot table majruszsdifficulty:undead_army/wave_2_mob: com.google.gson.JsonSyntaxException: Expected name to be an item, was unknown string 'apotheosis:wisdom_scroll'
[26Oct2025 04:41:27.334] [main/ERROR] [net.minecraft.world.level.storage.loot.LootTables/]: Couldn't parse loot table darkerdepths:blocks/lush_aridrock: com.google.gson.JsonSyntaxException: Expected name to be an item, was unknown string 'darkerdepths:lush_aridrock'
[26Oct2025 04:41:27.559] [main/ERROR] [net.minecraft.world.level.storage.loot.LootTables/]: Couldn't parse loot table iter_rpg:gameplay/geode_deepslate: com.google.gson.JsonSyntaxException: Expected name to be an item, was unknown string 'iter_rpg:ametrine_shard'
[26Oct2025 04:41:27.609] [main/ERROR] [net.minecraft.world.level.storage.loot.LootTables/]: Couldn't parse loot table darkerdepths:blocks/grime_deepslate: com.google.gson.JsonSyntaxException: Expected name to be an item, was unknown string 'darkerdepths:grime_deepslate'
[26Oct2025 04:41:27.868] [main/ERROR] [net.minecraft.world.level.storage.loot.LootTables/]: Couldn't parse loot table darkerdepths:blocks/limestone_speleothem: com.google.gson.JsonSyntaxException: Expected name to be an item, was unknown string 'darkerdepths:limestone_speleothem'
[26Oct2025 04:41:27.960] [main/WARN] [net.minecraft.world.level.storage.loot.LootTables/]: Found validation problem in {iter_rpg:entities/weeper}.pools[1].entries[1].functions[1]: Parameters [<parameter minecraft:tool>] are not provided in this context
[26Oct2025 04:41:27.960] [main/WARN] [net.minecraft.world.level.storage.loot.LootTables/]: Found validation problem in {iter_rpg:entities/fire_elemental}.pools[1].entries[0].functions[1]: Parameters [<parameter minecraft:tool>] are not provided in this context
[26Oct2025 04:41:27.960] [main/WARN] [net.minecraft.world.level.storage.loot.LootTables/]: Found validation problem in {iter_rpg:entities/griever}.pools[0].entries[0].functions[1]: Parameters [<parameter minecraft:tool>] are not provided in this context
[26Oct2025 04:41:27.960] [main/WARN] [net.minecraft.world.level.storage.loot.LootTables/]: Found validation problem in {iter_rpg:entities/sorrowsealed}.pools[1].entries[0].functions[1]: Parameters [<parameter minecraft:tool>] are not provided in this context
[26Oct2025 04:41:27.960] [main/WARN] [net.minecraft.world.level.storage.loot.LootTables/]: Found validation problem in {iter_rpg:entities/mournstone}.pools[0].entries[0].functions[1]: Parameters [<parameter minecraft:tool>] are not provided in this context
[26Oct2025 04:41:27.961] [main/WARN] [net.minecraft.world.level.storage.loot.LootTables/]: Found validation problem in {iter_rpg:entities/water_elemental}.pools[1].entries[0].functions[1]: Parameters [<parameter minecraft:tool>] are not provided in this context
[26Oct2025 04:41:27.961] [main/WARN] [net.minecraft.world.level.storage.loot.LootTables/]: Found validation problem in {iter_rpg:entities/sorrowsealed}.pools[0].entries[0].functions[1]: Parameters [<parameter minecraft:tool>] are not provided in this context
[26Oct2025 04:41:27.961] [main/WARN] [net.minecraft.world.level.storage.loot.LootTables/]: Found validation problem in {sons_of_sins:entities/prowler}.pools[0].entries[0].functions[1]: Parameters [<parameter minecraft:tool>] are not provided in this context
[26Oct2025 04:41:27.961] [main/WARN] [net.minecraft.world.level.storage.loot.LootTables/]: Found validation problem in {iter_rpg:entities/giant_spider}.pools[0].entries[2].functions[1]: Parameters [<parameter minecraft:tool>] are not provided in this context
[26Oct2025 04:41:27.961] [main/WARN] [net.minecraft.world.level.storage.loot.LootTables/]: Found validation problem in {sons_of_sins:entities/butcher}.pools[0].entries[0].functions[1]: Parameters [<parameter minecraft:tool>] are not provided in this context
[26Oct2025 04:41:27.961] [main/WARN] [net.minecraft.world.level.storage.loot.LootTables/]: Found validation problem in {iter_rpg:entities/griever}.pools[1].entries[1].functions[1]: Parameters [<parameter minecraft:tool>] are not provided in this context
[26Oct2025 04:41:27.961] [main/WARN] [net.minecraft.world.level.storage.loot.LootTables/]: Found validation problem in {iter_rpg:entities/weeper}.pools[0].entries[0].functions[1]: Parameters [<parameter minecraft:tool>] are not provided in this context
[26Oct2025 04:41:27.961] [main/WARN] [net.minecraft.world.level.storage.loot.LootTables/]: Found validation problem in {iter_rpg:entities/mournstone}.pools[1].entries[0].functions[1]: Parameters [<parameter minecraft:tool>] are not provided in this context
[26Oct2025 04:41:27.961] [main/WARN] [net.minecraft.world.level.storage.loot.LootTables/]: Found validation problem in {sons_of_sins:entities/walking_bed}.pools[0].entries[0].functions[1]: Parameters [<parameter minecraft:tool>] are not provided in this context
[26Oct2025 04:41:27.961] [main/WARN] [net.minecraft.world.level.storage.loot.LootTables/]: Found validation problem in {iter_rpg:entities/giant_spider}.pools[0].entries[1].functions[1]: Parameters [<parameter minecraft:tool>] are not provided in this context
[26Oct2025 04:41:27.961] [main/WARN] [net.minecraft.world.level.storage.loot.LootTables/]: Found validation problem in {iter_rpg:entities/griever}.pools[0].entries[1].functions[1]: Parameters [<parameter minecraft:tool>] are not provided in this context
[26Oct2025 04:41:27.961] [main/WARN] [net.minecraft.world.level.storage.loot.LootTables/]: Found validation problem in {iter_rpg:entities/griever}.pools[1].entries[0].functions[1]: Parameters [<parameter minecraft:tool>] are not provided in this context
[26Oct2025 04:41:27.961] [main/WARN] [net.minecraft.world.level.storage.loot.LootTables/]: Found validation problem in {iter_rpg:entities/mournstone}.pools[1].entries[1].functions[1]: Parameters [<parameter minecraft:tool>] are not provided in this context
[26Oct2025 04:41:27.961] [main/WARN] [net.minecraft.world.level.storage.loot.LootTables/]: Found validation problem in {iter_rpg:entities/weeper}.pools[1].entries[0].functions[1]: Parameters [<parameter minecraft:tool>] are not provided in this context
[26Oct2025 04:41:27.961] [main/WARN] [net.minecraft.world.level.storage.loot.LootTables/]: Found validation problem in {iter_rpg:entities/earth_elemental}.pools[1].entries[0].functions[1]: Parameters [<parameter minecraft:tool>] are not provided in this context
[26Oct2025 04:41:27.961] [main/WARN] [net.minecraft.world.level.storage.loot.LootTables/]: Found validation problem in {iter_rpg:entities/void_elemental}.pools[0].entries[0].functions[1]: Parameters [<parameter minecraft:tool>] are not provided in this context
[26Oct2025 04:41:27.961] [main/WARN] [net.minecraft.world.level.storage.loot.LootTables/]: Found validation problem in {sons_of_sins:entities/blud}.pools[0].entries[0].functions[1]: Parameters [<parameter minecraft:tool>] are not provided in this context
[26Oct2025 04:41:27.963] [main/INFO] [placebo/]: Registered 31 additional loot tables.
[26Oct2025 04:41:27.968] [main/INFO] [com.teamabnormals.blueprint.core.Blueprint/]: Skipped modifier named 'savage_and_ravage:adventure/voluntary_exile' as its conditions were not met
[26Oct2025 04:41:27.968] [main/INFO] [com.teamabnormals.blueprint.core.Blueprint/]: Skipped modifier named 'savage_and_ravage:adventure/voluntary_exile' as its conditions were not met
[26Oct2025 04:41:27.971] [main/INFO] [com.teamabnormals.blueprint.core.Blueprint/]: Advancement Modification Manager has loaded 11 modifier groups
[26Oct2025 04:41:27.973] [main/ERROR] [net.minecraft.server.ServerFunctionLibrary/]: Failed to load function sirlogin:config/kick
java.util.concurrent.CompletionException: java.lang.IllegalArgumentException: Whilst parsing command on line 1: Unknown or incomplete command, see below for error at position 0: <--[HERE]
	at java.util.concurrent.CompletableFuture.encodeThrowable(CompletableFuture.java:315) ~[?:?]
	at java.util.concurrent.CompletableFuture.completeThrowable(CompletableFuture.java:320) ~[?:?]
	at java.util.concurrent.CompletableFuture$AsyncSupply.run(CompletableFuture.java:1770) ~[?:?]
	at java.util.concurrent.CompletableFuture$AsyncSupply.exec(CompletableFuture.java:1760) ~[?:?]
	at java.util.concurrent.ForkJoinTask.doExec(ForkJoinTask.java:373) ~[?:?]
	at java.util.concurrent.ForkJoinPool$WorkQueue.topLevelExec(ForkJoinPool.java:1182) ~[?:?]
	at java.util.concurrent.ForkJoinPool.scan(ForkJoinPool.java:1655) ~[?:?]
	at java.util.concurrent.ForkJoinPool.runWorker(ForkJoinPool.java:1622) ~[?:?]
	at java.util.concurrent.ForkJoinWorkerThread.run(ForkJoinWorkerThread.java:165) ~[?:?]
Caused by: java.lang.IllegalArgumentException: Whilst parsing command on line 1: Unknown or incomplete command, see below for error at position 0: <--[HERE]
	at net.minecraft.commands.CommandFunction.m_77984_(CommandFunction.java:63) ~[server-1.19.2-20220805.130853-srg.jar%23655!/:?]
	at net.minecraft.server.ServerFunctionLibrary.m_214320_(ServerFunctionLibrary.java:85) ~[server-1.19.2-20220805.130853-srg.jar%23655!/:?]
	at java.util.concurrent.CompletableFuture$AsyncSupply.run(CompletableFuture.java:1768) ~[?:?]
	... 6 more
[26Oct2025 04:41:27.974] [main/ERROR] [net.minecraft.tags.TagLoader/]: Couldn't load tag [minotaur:tick (from collection-of-singiro-1.19.x-1.1.4.jar)] as it is missing following references: minotaur:tick (from collection-of-singiro-1.19.x-1.1.4.jar)
[26Oct2025 04:41:27.974] [main/ERROR] [net.minecraft.tags.TagLoader/]: Couldn't load tag [minotaur:load (from collection-of-singiro-1.19.x-1.1.4.jar)] as it is missing following references: minotaur:load (from collection-of-singiro-1.19.x-1.1.4.jar)
[26Oct2025 04:41:27.984] [main/ERROR] [net.minecraft.server.ServerAdvancementManager/]: Parsing error loading custom advancement delightful:recipes/cutting/cactus: Missing advancement, expected to find a JsonObject
[26Oct2025 04:41:27.999] [main/ERROR] [net.minecraft.server.ServerAdvancementManager/]: Parsing error loading custom advancement delightful:recipes/cutting/salmonberry_pie: Missing advancement, expected to find a JsonObject
[26Oct2025 04:41:28.014] [main/ERROR] [net.minecraft.server.ServerAdvancementManager/]: Parsing error loading custom advancement dramaticdoors:recipes/redstone/tall_stripped_bamboo_door: Unknown item id 'twigs:stripped_bamboo_door'
[26Oct2025 04:41:28.020] [main/ERROR] [net.minecraft.server.ServerAdvancementManager/]: Parsing error loading custom advancement majruszsdifficulty:recipes/misc/enderium_upgrade_smithing_template: Unknown item id 'majruszsdifficulty:enderium_upgrade_smithing_template'
[26Oct2025 04:41:28.024] [main/ERROR] [net.minecraft.server.ServerAdvancementManager/]: Parsing error loading custom advancement knightquest:recipes/misc/shinobi_chestplate: Unknown required criterion 'has_cherry_wood'
[26Oct2025 04:41:28.028] [main/ERROR] [net.minecraft.server.ServerAdvancementManager/]: Parsing error loading custom advancement knightquest:recipes/misc/shinobi_helmet: Unknown required criterion 'has_cherry_wood'
[26Oct2025 04:41:28.075] [main/ERROR] [net.minecraft.server.ServerAdvancementManager/]: Parsing error loading custom advancement knightquest:recipes/misc/empty_goblet: Missing criteria, expected to find a JsonObject
[26Oct2025 04:41:28.080] [main/ERROR] [net.minecraft.server.ServerAdvancementManager/]: Parsing error loading custom advancement delightful:recipes/cutting/cantaloupe: Missing advancement, expected to find a JsonObject
[26Oct2025 04:41:28.080] [main/ERROR] [net.minecraft.server.ServerAdvancementManager/]: Parsing error loading custom advancement knightquest:recipes/misc/shinobi_boots: Unknown required criterion 'has_cherry_wood'
[26Oct2025 04:41:28.089] [main/ERROR] [net.minecraft.server.ServerAdvancementManager/]: Parsing error loading custom advancement delightful:recipes/cutting/green_apple_pie: Missing advancement, expected to find a JsonObject
[26Oct2025 04:41:28.102] [main/ERROR] [net.minecraft.server.ServerAdvancementManager/]: Parsing error loading custom advancement delightful:recipes/cutting/mini_melon: Missing advancement, expected to find a JsonObject
[26Oct2025 04:41:28.125] [main/ERROR] [net.minecraft.server.ServerAdvancementManager/]: Parsing error loading custom advancement delightful:recipes/cutting/pumpkin_pie: Missing advancement, expected to find a JsonObject
[26Oct2025 04:41:28.140] [main/ERROR] [net.minecraft.server.ServerAdvancementManager/]: Parsing error loading custom advancement delightful:recipes/cutting/blueberry_pie: Missing advancement, expected to find a JsonObject
[26Oct2025 04:41:28.142] [main/ERROR] [net.minecraft.server.ServerAdvancementManager/]: Parsing error loading custom advancement iter_rpg:iter_get_ametrine: Expected item to be an item, was unknown string 'iter_rpg:deleted_mod_element'
[26Oct2025 04:41:28.144] [main/ERROR] [net.minecraft.server.ServerAdvancementManager/]: Parsing error loading custom advancement delightful:recipes/cutting/source_berry_pie: Missing advancement, expected to find a JsonObject
[26Oct2025 04:41:28.144] [main/ERROR] [net.minecraft.server.ServerAdvancementManager/]: Parsing error loading custom advancement delightful:recipes/cutting/nightshade_berry_pie: Missing advancement, expected to find a JsonObject
[26Oct2025 04:41:28.170] [main/ERROR] [net.minecraft.server.ServerAdvancementManager/]: Parsing error loading custom advancement knightquest:recipes/misc/shinobi_leggings: Unknown required criterion 'has_cherry_wood'
[26Oct2025 04:41:28.190] [main/ERROR] [net.minecraft.server.ServerAdvancementManager/]: Parsing error loading custom advancement minecraft:adventure/craft_decorated_pot_using_only_sherds: Invalid criterion trigger: minecraft:recipe_crafted
[26Oct2025 04:41:28.194] [main/ERROR] [net.minecraft.server.ServerAdvancementManager/]: Parsing error loading custom advancement delightful:recipes/cutting/crimson_berry_pie: Missing advancement, expected to find a JsonObject
[26Oct2025 04:41:28.202] [main/ERROR] [net.minecraft.server.ServerAdvancementManager/]: Parsing error loading custom advancement dramaticdoors:recipes/redstone/short_stripped_bamboo_door: Unknown item id 'twigs:stripped_bamboo_door'
[26Oct2025 04:41:28.209] [main/ERROR] [net.minecraft.server.ServerAdvancementManager/]: Parsing error loading custom advancement iter_rpg:iter_get_voidquartz: Expected item to be an item, was unknown string 'iter_rpg:deleted_mod_element'
[26Oct2025 04:41:28.224] [main/INFO] [quark/]: [Automatic Recipe Unlock] Removed 6571 recipe advancements
[26Oct2025 04:41:28.243] [main/ERROR] [net.minecraft.advancements.AdvancementList/]: Couldn't load advancement iter_rpg:elemental: Task Advancement{parentId=iter_rpg:oblivion, display=net.minecraft.advancements.DisplayInfo@25f3c4ed, rewards=AdvancementRewards{experience=16, loot=[], recipes=[], function=net.minecraft.commands.CommandFunction$CacheableFunction@b8671bb}, criteria={elemental=net.minecraft.advancements.Criterion@10e87fb9}, requirements=[[elemental]]}
[26Oct2025 04:41:28.243] [main/ERROR] [net.minecraft.advancements.AdvancementList/]: Couldn't load advancement iter_rpg:iter_get_ametrine_ingot: Task Advancement{parentId=iter_rpg:iter_get_ametrine, display=net.minecraft.advancements.DisplayInfo@3bc98807, rewards=AdvancementRewards{experience=0, loot=[], recipes=[], function=net.minecraft.commands.CommandFunction$CacheableFunction@b8671bb}, criteria={iter_get_ametrine_ingot=net.minecraft.advancements.Criterion@680f2d70}, requirements=[[iter_get_ametrine_ingot]]}
[26Oct2025 04:41:28.243] [main/ERROR] [net.minecraft.advancements.AdvancementList/]: Couldn't load advancement undead_unleashed:it_burns: Task Advancement{parentId=undead_unleashed:deleted_mod_element, display=net.minecraft.advancements.DisplayInfo@7caed060, rewards=AdvancementRewards{experience=0, loot=[], recipes=[], function=net.minecraft.commands.CommandFunction$CacheableFunction@b8671bb}, criteria={it_burns=net.minecraft.advancements.Criterion@6d5b0628}, requirements=[[it_burns]]}
[26Oct2025 04:41:28.243] [main/ERROR] [net.minecraft.advancements.AdvancementList/]: Couldn't load advancement iter_rpg:oblivion: Task Advancement{parentId=iter_rpg:infernal, display=net.minecraft.advancements.DisplayInfo@6b4a3de5, rewards=AdvancementRewards{experience=0, loot=[], recipes=[], function=net.minecraft.commands.CommandFunction$CacheableFunction@b8671bb}, criteria={oblivion=net.minecraft.advancements.Criterion@5e950ce2}, requirements=[[oblivion]]}
[26Oct2025 04:41:28.243] [main/ERROR] [net.minecraft.advancements.AdvancementList/]: Couldn't load advancement iter_rpg:windswept: Task Advancement{parentId=iter_rpg:seabound, display=net.minecraft.advancements.DisplayInfo@2493ffa3, rewards=AdvancementRewards{experience=0, loot=[], recipes=[], function=net.minecraft.commands.CommandFunction$CacheableFunction@b8671bb}, criteria={windswept=net.minecraft.advancements.Criterion@529715cf}, requirements=[[windswept]]}
[26Oct2025 04:41:28.243] [main/ERROR] [net.minecraft.advancements.AdvancementList/]: Couldn't load advancement iter_rpg:seabound: Task Advancement{parentId=iter_rpg:druid, display=net.minecraft.advancements.DisplayInfo@6e42a6b6, rewards=AdvancementRewards{experience=0, loot=[], recipes=[], function=net.minecraft.commands.CommandFunction$CacheableFunction@b8671bb}, criteria={seabound=net.minecraft.advancements.Criterion@411ffdc}, requirements=[[seabound]]}
[26Oct2025 04:41:28.244] [main/ERROR] [net.minecraft.advancements.AdvancementList/]: Couldn't load advancement iter_rpg:druid: Task Advancement{parentId=iter_rpg:iter_get_ametrine_ingot, display=net.minecraft.advancements.DisplayInfo@22db59cb, rewards=AdvancementRewards{experience=0, loot=[], recipes=[], function=net.minecraft.commands.CommandFunction$CacheableFunction@b8671bb}, criteria={druid=net.minecraft.advancements.Criterion@29bfad53}, requirements=[[druid]]}
[26Oct2025 04:41:28.244] [main/ERROR] [net.minecraft.advancements.AdvancementList/]: Couldn't load advancement iter_rpg:infernal: Task Advancement{parentId=iter_rpg:windswept, display=net.minecraft.advancements.DisplayInfo@3591b158, rewards=AdvancementRewards{experience=0, loot=[], recipes=[], function=net.minecraft.commands.CommandFunction$CacheableFunction@b8671bb}, criteria={infernal=net.minecraft.advancements.Criterion@6110478c}, requirements=[[infernal]]}
[26Oct2025 04:41:28.265] [main/INFO] [net.minecraft.advancements.AdvancementList/]: Loaded 1613 advancements
[26Oct2025 04:41:28.282] [main/INFO] [placebo/]: Registered 27 additional recipes.
[26Oct2025 04:41:28.333] [main/INFO] [daripher.autoleveling.data.DimensionsLevelingSettingsReloader/]: Loading leveling settings minecraft:overworld
[26Oct2025 04:41:28.334] [main/INFO] [daripher.autoleveling.data.DimensionsLevelingSettingsReloader/]: Loading leveling settings minecraft:the_end
[26Oct2025 04:41:28.335] [main/INFO] [daripher.autoleveling.data.DimensionsLevelingSettingsReloader/]: Loading leveling settings aether:the_aether
[26Oct2025 04:41:28.335] [main/INFO] [daripher.autoleveling.data.DimensionsLevelingSettingsReloader/]: Loading leveling settings minecraft:the_nether
[26Oct2025 04:41:28.335] [main/INFO] [daripher.autoleveling.data.EntitiesLevelingSettingsReloader/]: Loading leveling settings bosses_of_mass_destruction:gauntlet
[26Oct2025 04:41:28.335] [main/INFO] [daripher.autoleveling.data.EntitiesLevelingSettingsReloader/]: Loading leveling settings alexsmobs:warped_mosco
[26Oct2025 04:41:28.335] [main/INFO] [daripher.autoleveling.data.EntitiesLevelingSettingsReloader/]: Loading leveling settings cataclysm:netherite_monstrosity
[26Oct2025 04:41:28.336] [main/INFO] [daripher.autoleveling.data.EntitiesLevelingSettingsReloader/]: Loading leveling settings cataclysm:the_leviathan
[26Oct2025 04:41:28.336] [main/INFO] [daripher.autoleveling.data.EntitiesLevelingSettingsReloader/]: Loading leveling settings mowziesmobs:ferrous_wroughtnaut
[26Oct2025 04:41:28.336] [main/INFO] [daripher.autoleveling.data.EntitiesLevelingSettingsReloader/]: Loading leveling settings minecraft:elder_guardian
[26Oct2025 04:41:28.336] [main/INFO] [daripher.autoleveling.data.EntitiesLevelingSettingsReloader/]: Loading leveling settings blue_skies:starlit_crusher
[26Oct2025 04:41:28.336] [main/INFO] [daripher.autoleveling.data.EntitiesLevelingSettingsReloader/]: Loading leveling settings meetyourfight:dame_fortuna
[26Oct2025 04:41:28.336] [main/INFO] [daripher.autoleveling.data.EntitiesLevelingSettingsReloader/]: Loading leveling settings alexsmobs:void_worm
[26Oct2025 04:41:28.336] [main/INFO] [daripher.autoleveling.data.EntitiesLevelingSettingsReloader/]: Loading leveling settings blue_skies:arachnarch
[26Oct2025 04:41:28.336] [main/INFO] [daripher.autoleveling.data.EntitiesLevelingSettingsReloader/]: Loading leveling settings knightquest:netherman
[26Oct2025 04:41:28.336] [main/INFO] [daripher.autoleveling.data.EntitiesLevelingSettingsReloader/]: Loading leveling settings bosses_of_mass_destruction:lich
[26Oct2025 04:41:28.336] [main/INFO] [daripher.autoleveling.data.EntitiesLevelingSettingsReloader/]: Loading leveling settings cataclysm:ancient_remnant
[26Oct2025 04:41:28.336] [main/INFO] [daripher.autoleveling.data.EntitiesLevelingSettingsReloader/]: Loading leveling settings cataclysm:ignis
[26Oct2025 04:41:28.336] [main/INFO] [daripher.autoleveling.data.EntitiesLevelingSettingsReloader/]: Loading leveling settings cisco_mod:cisco
[26Oct2025 04:41:28.336] [main/INFO] [daripher.autoleveling.data.EntitiesLevelingSettingsReloader/]: Loading leveling settings bosses_of_mass_destruction:obsidilith
[26Oct2025 04:41:28.336] [main/INFO] [daripher.autoleveling.data.EntitiesLevelingSettingsReloader/]: Loading leveling settings mowziesmobs:umvuthi
[26Oct2025 04:41:28.336] [main/INFO] [daripher.autoleveling.data.EntitiesLevelingSettingsReloader/]: Loading leveling settings meetyourfight:rosalyne
[26Oct2025 04:41:28.336] [main/INFO] [daripher.autoleveling.data.EntitiesLevelingSettingsReloader/]: Loading leveling settings bosses_of_mass_destruction:void_blossom
[26Oct2025 04:41:28.336] [main/INFO] [daripher.autoleveling.data.EntitiesLevelingSettingsReloader/]: Loading leveling settings cataclysm:the_harbinger
[26Oct2025 04:41:28.336] [main/INFO] [daripher.autoleveling.data.EntitiesLevelingSettingsReloader/]: Loading leveling settings cataclysm:ender_guardian
[26Oct2025 04:41:28.336] [main/INFO] [daripher.autoleveling.data.EntitiesLevelingSettingsReloader/]: Loading leveling settings iter_rpg:sorrowsealed
[26Oct2025 04:41:28.336] [main/INFO] [daripher.autoleveling.data.EntitiesLevelingSettingsReloader/]: Loading leveling settings cataclysm:maledictus
[26Oct2025 04:41:28.336] [main/INFO] [daripher.autoleveling.data.EntitiesLevelingSettingsReloader/]: Loading leveling settings minecraft:warden
[26Oct2025 04:41:28.336] [main/INFO] [daripher.autoleveling.data.EntitiesLevelingSettingsReloader/]: Loading leveling settings minecraft:ender_dragon
[26Oct2025 04:41:28.336] [main/INFO] [daripher.autoleveling.data.EntitiesLevelingSettingsReloader/]: Loading leveling settings mowziesmobs:frostmaw
[26Oct2025 04:41:28.336] [main/INFO] [daripher.autoleveling.data.EntitiesLevelingSettingsReloader/]: Loading leveling settings minecraft:wither
[26Oct2025 04:41:28.336] [main/INFO] [daripher.autoleveling.data.EntitiesLevelingSettingsReloader/]: Loading leveling settings aquamirae:captain_cornelia
[26Oct2025 04:41:28.336] [main/INFO] [daripher.autoleveling.data.EntitiesLevelingSettingsReloader/]: Loading leveling settings iter_rpg:insatiable
[26Oct2025 04:41:28.336] [main/INFO] [daripher.autoleveling.data.EntitiesLevelingSettingsReloader/]: Loading leveling settings meetyourfight:bellringer
[26Oct2025 04:41:28.336] [main/INFO] [daripher.autoleveling.data.EntitiesLevelingSettingsReloader/]: Loading leveling settings irons_spellbooks:dead_king
[26Oct2025 04:41:28.336] [main/INFO] [daripher.autoleveling.data.EntitiesLevelingSettingsReloader/]: Loading leveling settings meetyourfight:swampjaw
[26Oct2025 04:41:28.336] [main/INFO] [daripher.autoleveling.data.EntitiesLevelingSettingsReloader/]: Loading leveling settings cisco_mod:fellkingboss
[26Oct2025 04:41:28.339] [main/INFO] [com.teampotato.redirector.Redirector/]: Redirecting com/telepathicgrunt/repurposedstructures/misc/maptrades/WanderingTraderMapObj$TRADE_TYPE
[26Oct2025 04:41:28.370] [main/WARN] [net.minecraftforge.common.loot.LootModifierManager/]: Could not decode GlobalLootModifier with json id bygonenether:soul_stone_from_block - error: Unknown registry key in ResourceKey[minecraft:root / forge:global_loot_modifier_serializers]: bygonenether:replace_item
[26Oct2025 04:41:28.371] [main/WARN] [net.minecraftforge.common.loot.LootModifierManager/]: Could not decode GlobalLootModifier with json id bygonenether:soul_stone_in_catacombs - error: Unknown registry key in ResourceKey[minecraft:root / forge:global_loot_modifier_serializers]: bygonenether:replace_item
[26Oct2025 04:41:28.824] [main/WARN] [io.github.apace100.apoli.Apoli/]: Power "medievalorigins:knight/skilled_swordsman_dungeons_gear" will only be partially loaded: At Ingredient: Unknown item 'dungeons_gear:rapier', At ResourceLocation: JsonObject; At Ingredient: Unknown item 'dungeons_gear:frost_slayer', At ResourceLocation: JsonObject; At Ingredient: Unknown item 'dungeons_gear:heartstealer', At ResourceLocation: JsonObject; At Ingredient: Unknown item 'dungeons_gear:broadsword', At ResourceLocation: JsonObject; At Ingredient: Unknown item 'dungeons_gear:claymore', At ResourceLocation: JsonObject; At Ingredient: Unknown item 'dungeons_gear:truthseeker', At ResourceLocation: JsonObject; At Ingredient: Unknown item 'dungeons_gear:masters_katana', At ResourceLocation: JsonObject; At Ingredient: Unknown item 'dungeons_gear:dark_katana', At ResourceLocation: JsonObject; At Ingredient: Unknown item 'dungeons_gear:katana', At ResourceLocation: JsonObject; At Ingredient: Unknown item 'dungeons_gear:sinister_sword', At ResourceLocation: JsonObject; At Ingredient: Unknown item 'dungeons_gear:hawkbrand', At ResourceLocation: JsonObject; At Ingredient: Unknown item 'dungeons_gear:diamond_sword', At ResourceLocation: JsonObject; At Ingredient: Unknown item 'dungeons_gear:gold_sword', At ResourceLocation: JsonObject; At Ingredient: Unknown item 'dungeons_gear:stone_sword', At ResourceLocation: JsonObject; At Ingredient: Unknown item 'dungeons_gear:sword', At ResourceLocation: JsonObject; At Ingredient: Unknown item 'dungeons_gear:nameless_blade', At ResourceLocation: JsonObject; At Ingredient: Unknown item 'dungeons_gear:cutlass', At ResourceLocation: JsonObject; At Ingredient: Unknown item 'dungeons_gear:freezing_foil', At ResourceLocation: JsonObject; At Ingredient: Unknown item 'dungeons_gear:bee_stinger', At ResourceLocation: JsonObject; At Ingredient: Unknown item 'dungeons_gear:rapier', At ResourceLocation: JsonObject, At ResourceLocation: JsonObject
[26Oct2025 04:41:28.827] [main/WARN] [io.github.apace100.apoli.Apoli/]: Power "strictly:durendal" will only be partially loaded: At Item: Identifier "pmmo_xp_bottles:combat" was not registered in registry "minecraft:item"., At ResourceLocation: JsonObject, At ResourceLocation: JsonObject
[26Oct2025 04:41:28.843] [main/WARN] [io.github.apace100.apoli.Apoli/]: Power "arkwys:demon/cursed_armor_biomemakeover" will only be partially loaded: At Enchantment: Identifier "biomemakeover:buckling_curse" was not registered in registry "minecraft:enchantment"., At ResourceLocation: JsonObject; At Enchantment: Identifier "biomemakeover:inaccuracy_curse" was not registered in registry "minecraft:enchantment"., At ResourceLocation: JsonObject; At Enchantment: Identifier "biomemakeover:unwieldiness_curse" was not registered in registry "minecraft:enchantment"., At ResourceLocation: JsonObject; At Enchantment: Identifier "biomemakeover:suffocation_curse" was not registered in registry "minecraft:enchantment"., At ResourceLocation: JsonObject; At Enchantment: Identifier "biomemakeover:flammability_curse" was not registered in registry "minecraft:enchantment"., At ResourceLocation: JsonObject; At Enchantment: Identifier "biomemakeover:depth_curse" was not registered in registry "minecraft:enchantment"., At ResourceLocation: JsonObject; At Enchantment: Identifier "biomemakeover:enfeeblement_curse" was not registered in registry "minecraft:enchantment"., At ResourceLocation: JsonObject; At Enchantment: Identifier "biomemakeover:conductivity_curse" was not registered in registry "minecraft:enchantment"., At ResourceLocation: JsonObject; At Enchantment: Identifier "biomemakeover:insomnia_curse" was not registered in registry "minecraft:enchantment"., At ResourceLocation: JsonObject; At Enchantment: Identifier "biomemakeover:decay_curse" was not registered in registry "minecraft:enchantment"., At ResourceLocation: JsonObject, At ResourceLocation: JsonObject; At Enchantment: Identifier "biomemakeover:buckling_curse" was not registered in registry "minecraft:enchantment"., At ResourceLocation: JsonObject; At Enchantment: Identifier "biomemakeover:inaccuracy_curse" was not registered in registry "minecraft:enchantment"., At ResourceLocation: JsonObject; At Enchantment: Identifier "biomemakeover:unwieldiness_curse" was not registered in registry "minecraft:enchantment"., At ResourceLocation: JsonObject; At Enchantment: Identifier "biomemakeover:suffocation_curse" was not registered in registry "minecraft:enchantment"., At ResourceLocation: JsonObject; At Enchantment: Identifier "biomemakeover:flammability_curse" was not registered in registry "minecraft:enchantment"., At ResourceLocation: JsonObject; At Enchantment: Identifier "biomemakeover:depth_curse" was not registered in registry "minecraft:enchantment"., At ResourceLocation: JsonObject; At Enchantment: Identifier "biomemakeover:enfeeblement_curse" was not registered in registry "minecraft:enchantment"., At ResourceLocation: JsonObject; At Enchantment: Identifier "biomemakeover:conductivity_curse" was not registered in registry "minecraft:enchantment"., At ResourceLocation: JsonObject; At Enchantment: Identifier "biomemakeover:insomnia_curse" was not registered in registry "minecraft:enchantment"., At ResourceLocation: JsonObject; At Enchantment: Identifier "biomemakeover:decay_curse" was not registered in registry "minecraft:enchantment"., At ResourceLocation: JsonObject, At ResourceLocation: JsonObject; At Enchantment: Identifier "biomemakeover:buckling_curse" was not registered in registry "minecraft:enchantment"., At ResourceLocation: JsonObject; At Enchantment: Identifier "biomemakeover:inaccuracy_curse" was not registered in registry "minecraft:enchantment"., At ResourceLocation: JsonObject; At Enchantment: Identifier "biomemakeover:unwieldiness_curse" was not registered in registry "minecraft:enchantment"., At ResourceLocation: JsonObject; At Enchantment: Identifier "biomemakeover:suffocation_curse" was not registered in registry "minecraft:enchantment"., At ResourceLocation: JsonObject; At Enchantment: Identifier "biomemakeover:flammability_curse" was not registered in registry "minecraft:enchantment"., At ResourceLocation: JsonObject; At Enchantment: Identifier "biomemakeover:depth_curse" was not registered in registry "minecraft:enchantment"., At ResourceLocation: JsonObject; At Enchantment: Identifier "biomemakeover:enfeeblement_curse" was not registered in registry "minecraft:enchantment"., At ResourceLocation: JsonObject; At Enchantment: Identifier "biomemakeover:conductivity_curse" was not registered in registry "minecraft:enchantment"., At ResourceLocation: JsonObject; At Enchantment: Identifier "biomemakeover:insomnia_curse" was not registered in registry "minecraft:enchantment"., At ResourceLocation: JsonObject; At Enchantment: Identifier "biomemakeover:decay_curse" was not registered in registry "minecraft:enchantment"., At ResourceLocation: JsonObject, At ResourceLocation: JsonObject; At Enchantment: Identifier "biomemakeover:buckling_curse" was not registered in registry "minecraft:enchantment"., At ResourceLocation: JsonObject; At Enchantment: Identifier "biomemakeover:inaccuracy_curse" was not registered in registry "minecraft:enchantment"., At ResourceLocation: JsonObject; At Enchantment: Identifier "biomemakeover:unwieldiness_curse" was not registered in registry "minecraft:enchantment"., At ResourceLocation: JsonObject; At Enchantment: Identifier "biomemakeover:suffocation_curse" was not registered in registry "minecraft:enchantment"., At ResourceLocation: JsonObject; At Enchantment: Identifier "biomemakeover:flammability_curse" was not registered in registry "minecraft:enchantment"., At ResourceLocation: JsonObject; At Enchantment: Identifier "biomemakeover:depth_curse" was not registered in registry "minecraft:enchantment"., At ResourceLocation: JsonObject; At Enchantment: Identifier "biomemakeover:enfeeblement_curse" was not registered in registry "minecraft:enchantment"., At ResourceLocation: JsonObject; At Enchantment: Identifier "biomemakeover:conductivity_curse" was not registered in registry "minecraft:enchantment"., At ResourceLocation: JsonObject; At Enchantment: Identifier "biomemakeover:insomnia_curse" was not registered in registry "minecraft:enchantment"., At ResourceLocation: JsonObject; At Enchantment: Identifier "biomemakeover:decay_curse" was not registered in registry "minecraft:enchantment"., At ResourceLocation: JsonObject, At ResourceLocation: JsonObject
[26Oct2025 04:41:28.899] [main/WARN] [io.github.apace100.apoli.Apoli/]: Power "medievalorigins:elf/weak_melee_spartanweaponry" will only be partially loaded: At Ingredient: Unknown item 'spartanweaponry:quarterstaff_lead', At ResourceLocation: JsonObject; At Ingredient: Unknown item 'spartanweaponry:quarterstaff_nickel', At ResourceLocation: JsonObject; At Ingredient: Unknown item 'spartanweaponry:quarterstaff_electrum', At ResourceLocation: JsonObject; At Ingredient: Unknown item 'spartanweaponry:quarterstaff_platinum', At ResourceLocation: JsonObject; At Ingredient: Unknown item 'spartanweaponry:quarterstaff_invar', At ResourceLocation: JsonObject; At Ingredient: Unknown item 'spartanweaponry:quarterstaff_silver', At ResourceLocation: JsonObject; At Ingredient: Unknown item 'spartanweaponry:quarterstaff_steel', At ResourceLocation: JsonObject; At Ingredient: Unknown item 'spartanweaponry:quarterstaff_bronze', At ResourceLocation: JsonObject; At Ingredient: Unknown item 'spartanweaponry:quarterstaff_tin', At ResourceLocation: JsonObject; At Ingredient: Unknown item 'spartanweaponry:quarterstaff_copper', At ResourceLocation: JsonObject; At Ingredient: Unknown item 'spartanweaponry:quarterstaff_netherite', At ResourceLocation: JsonObject; At Ingredient: Unknown item 'spartanweaponry:quarterstaff_diamond', At ResourceLocation: JsonObject; At Ingredient: Unknown item 'spartanweaponry:quarterstaff_gold', At ResourceLocation: JsonObject; At Ingredient: Unknown item 'spartanweaponry:quarterstaff_iron', At ResourceLocation: JsonObject; At Ingredient: Unknown item 'spartanweaponry:quarterstaff_stone', At ResourceLocation: JsonObject; At Ingredient: Unknown item 'spartanweaponry:quarterstaff_wood', At ResourceLocation: JsonObject; At Ingredient: Unknown item 'spartanweaponry:glaive_lead', At ResourceLocation: JsonObject; At Ingredient: Unknown item 'spartanweaponry:glaive_nickel', At ResourceLocation: JsonObject; At Ingredient: Unknown item 'spartanweaponry:glaive_electrum', At ResourceLocation: JsonObject; At Ingredient: Unknown item 'spartanweaponry:glaive_platinum', At ResourceLocation: JsonObject; At Ingredient: Unknown item 'spartanweaponry:glaive_invar', At ResourceLocation: JsonObject; At Ingredient: Unknown item 'spartanweaponry:glaive_silver', At ResourceLocation: JsonObject; At Ingredient: Unknown item 'spartanweaponry:glaive_steel', At ResourceLocation: JsonObject; At Ingredient: Unknown item 'spartanweaponry:glaive_bronze', At ResourceLocation: JsonObject; At Ingredient: Unknown item 'spartanweaponry:glaive_tin', At ResourceLocation: JsonObject; At Ingredient: Unknown item 'spartanweaponry:glaive_copper', At ResourceLocation: JsonObject; At Ingredient: Unknown item 'spartanweaponry:glaive_netherite', At ResourceLocation: JsonObject; At Ingredient: Unknown item 'spartanweaponry:glaive_diamond', At ResourceLocation: JsonObject; At Ingredient: Unknown item 'spartanweaponry:glaive_gold', At ResourceLocation: JsonObject; At Ingredient: Unknown item 'spartanweaponry:glaive_iron', At ResourceLocation: JsonObject; At Ingredient: Unknown item 'spartanweaponry:glaive_stone', At ResourceLocation: JsonObject; At Ingredient: Unknown item 'spartanweaponry:glaive_wood', At ResourceLocation: JsonObject; At Ingredient: Unknown item 'spartanweaponry:flanged_mace_lead', At ResourceLocation: JsonObject; At Ingredient: Unknown item 'spartanweaponry:flanged_mace_nickel', At ResourceLocation: JsonObject; At Ingredient: Unknown item 'spartanweaponry:flanged_mace_electrum', At ResourceLocation: JsonObject; At Ingredient: Unknown item 'spartanweaponry:flanged_mace_platinum', At ResourceLocation: JsonObject; At Ingredient: Unknown item 'spartanweaponry:flanged_mace_invar', At ResourceLocation: JsonObject; At Ingredient: Unknown item 'spartanweaponry:flanged_mace_silver', At ResourceLocation: JsonObject; At Ingredient: Unknown item 'spartanweaponry:flanged_mace_steel', At ResourceLocation: JsonObject; At Ingredient: Unknown item 'spartanweaponry:flanged_mace_bronze', At ResourceLocation: JsonObject; At Ingredient: Unknown item 'spartanweaponry:flanged_mace_tin', At ResourceLocation: JsonObject; At Ingredient: Unknown item 'spartanweaponry:flanged_mace_copper', At ResourceLocation: JsonObject; At Ingredient: Unknown item 'spartanweaponry:flanged_mace_netherite', At ResourceLocation: JsonObject; At Ingredient: Unknown item 'spartanweaponry:flanged_mace_diamond', At ResourceLocation: JsonObject; At Ingredient: Unknown item 'spartanweaponry:flanged_mace_gold', At ResourceLocation: JsonObject; At Ingredient: Unknown item 'spartanweaponry:flanged_mace_iron', At ResourceLocation: JsonObject; At Ingredient: Unknown item 'spartanweaponry:flanged_mace_stone', At ResourceLocation: JsonObject; At Ingredient: Unknown item 'spartanweaponry:flanged_mace_wood', At ResourceLocation: JsonObject; At Ingredient: Unknown item 'spartanweaponry:battleaxe_lead', At ResourceLocation: JsonObject; At Ingredient: Unknown item 'spartanweaponry:battleaxe_nickel', At ResourceLocation: JsonObject; At Ingredient: Unknown item 'spartanweaponry:battleaxe_electrum', At ResourceLocation: JsonObject; At Ingredient: Unknown item 'spartanweaponry:battleaxe_platinum', At ResourceLocation: JsonObject; At Ingredient: Unknown item 'spartanweaponry:battleaxe_invar', At ResourceLocation: JsonObject; At Ingredient: Unknown item 'spartanweaponry:battleaxe_silver', At ResourceLocation: JsonObject; At Ingredient: Unknown item 'spartanweaponry:battleaxe_steel', At ResourceLocation: JsonObject; At Ingredient: Unknown item 'spartanweaponry:battleaxe_bronze', At ResourceLocation: JsonObject; At Ingredient: Unknown item 'spartanweaponry:battleaxe_tin', At ResourceLocation: JsonObject; At Ingredient: Unknown item 'spartanweaponry:battleaxe_copper', At ResourceLocation: JsonObject; At Ingredient: Unknown item 'spartanweaponry:battleaxe_netherite', At ResourceLocation: JsonObject; At Ingredient: Unknown item 'spartanweaponry:battleaxe_diamond', At ResourceLocation: JsonObject; At Ingredient: Unknown item 'spartanweaponry:battleaxe_gold', At ResourceLocation: JsonObject; At Ingredient: Unknown item 'spartanweaponry:battleaxe_iron', At ResourceLocation: JsonObject; At Ingredient: Unknown item 'spartanweaponry:battleaxe_stone', At ResourceLocation: JsonObject; At Ingredient: Unknown item 'spartanweaponry:battleaxe_wood', At ResourceLocation: JsonObject; At Ingredient: Unknown item 'spartanweaponry:javelin_lead', At ResourceLocation: JsonObject; At Ingredient: Unknown item 'spartanweaponry:javelin_nickel', At ResourceLocation: JsonObject; At Ingredient: Unknown item 'spartanweaponry:javelin_electrum', At ResourceLocation: JsonObject; At Ingredient: Unknown item 'spartanweaponry:javelin_platinum', At ResourceLocation: JsonObject; At Ingredient: Unknown item 'spartanweaponry:javelin_invar', At ResourceLocation: JsonObject; At Ingredient: Unknown item 'spartanweaponry:javelin_silver', At ResourceLocation: JsonObject; At Ingredient: Unknown item 'spartanweaponry:javelin_steel', At ResourceLocation: JsonObject; At Ingredient: Unknown item 'spartanweaponry:javelin_bronze', At ResourceLocation: JsonObject; At Ingredient: Unknown item 'spartanweaponry:javelin_tin', At ResourceLocation: JsonObject; At Ingredient: Unknown item 'spartanweaponry:javelin_copper', At ResourceLocation: JsonObject; At Ingredient: Unknown item 'spartanweaponry:javelin_netherite', At ResourceLocation: JsonObject; At Ingredient: Unknown item 'spartanweaponry:javelin_diamond', At ResourceLocation: JsonObject; At Ingredient: Unknown item 'spartanweaponry:javelin_gold', At ResourceLocation: JsonObject; At Ingredient: Unknown item 'spartanweaponry:javelin_iron', At ResourceLocation: JsonObject; At Ingredient: Unknown item 'spartanweaponry:javelin_stone', At ResourceLocation: JsonObject; At Ingredient: Unknown item 'spartanweaponry:javelin_wood', At ResourceLocation: JsonObject; At Ingredient: Unknown item 'spartanweaponry:tomahawk_lead', At ResourceLocation: JsonObject; At Ingredient: Unknown item 'spartanweaponry:tomahawk_nickel', At ResourceLocation: JsonObject; At Ingredient: Unknown item 'spartanweaponry:tomahawk_electrum', At ResourceLocation: JsonObject; At Ingredient: Unknown item 'spartanweaponry:tomahawk_platinum', At ResourceLocation: JsonObject; At Ingredient: Unknown item 'spartanweaponry:tomahawk_invar', At ResourceLocation: JsonObject; At Ingredient: Unknown item 'spartanweaponry:tomahawk_silver', At ResourceLocation: JsonObject; At Ingredient: Unknown item 'spartanweaponry:tomahawk_steel', At ResourceLocation: JsonObject; At Ingredient: Unknown item 'spartanweaponry:tomahawk_bronze', At ResourceLocation: JsonObject; At Ingredient: Unknown item 'spartanweaponry:tomahawk_tin', At ResourceLocation: JsonObject; At Ingredient: Unknown item 'spartanweaponry:tomahawk_copper', At ResourceLocation: JsonObject; At Ingredient: Unknown item 'spartanweaponry:tomahawk_netherite', At ResourceLocation: JsonObject; At Ingredient: Unknown item 'spartanweaponry:tomahawk_diamond', At ResourceLocation: JsonObject; At Ingredient: Unknown item 'spartanweaponry:tomahawk_gold', At ResourceLocation: JsonObject; At Ingredient: Unknown item 'spartanweaponry:tomahawk_iron', At ResourceLocation: JsonObject; At Ingredient: Unknown item 'spartanweaponry:tomahawk_stone', At ResourceLocation: JsonObject; At Ingredient: Unknown item 'spartanweaponry:tomahawk_wood', At ResourceLocation: JsonObject; At Ingredient: Unknown item 'spartanweaponry:throwing_knife_lead', At ResourceLocation: JsonObject; At Ingredient: Unknown item 'spartanweaponry:throwing_knife_nickel', At ResourceLocation: JsonObject; At Ingredient: Unknown item 'spartanweaponry:throwing_knife_electrum', At ResourceLocation: JsonObject; At Ingredient: Unknown item 'spartanweaponry:throwing_knife_platinum', At ResourceLocation: JsonObject; At Ingredient: Unknown item 'spartanweaponry:throwing_knife_invar', At ResourceLocation: JsonObject; At Ingredient: Unknown item 'spartanweaponry:throwing_knife_silver', At ResourceLocation: JsonObject; At Ingredient: Unknown item 'spartanweaponry:throwing_knife_steel', At ResourceLocation: JsonObject; At Ingredient: Unknown item 'spartanweaponry:throwing_knife_bronze', At ResourceLocation: JsonObject; At Ingredient: Unknown item 'spartanweaponry:throwing_knife_tin', At ResourceLocation: JsonObject; At Ingredient: Unknown item 'spartanweaponry:throwing_knife_copper', At ResourceLocation: JsonObject; At Ingredient: Unknown item 'spartanweaponry:throwing_knife_netherite', At ResourceLocation: JsonObject; At Ingredient: Unknown item 'spartanweaponry:throwing_knife_diamond', At ResourceLocation: JsonObject; At Ingredient: Unknown item 'spartanweaponry:throwing_knife_gold', At ResourceLocation: JsonObject; At Ingredient: Unknown item 'spartanweaponry:throwing_knife_iron', At ResourceLocation: JsonObject; At Ingredient: Unknown item 'spartanweaponry:throwing_knife_stone', At ResourceLocation: JsonObject; At Ingredient: Unknown item 'spartanweaponry:throwing_knife_wood', At ResourceLocation: JsonObject; At Ingredient: Unknown item 'spartanweaponry:lance_lead', At ResourceLocation: JsonObject; At Ingredient: Unknown item 'spartanweaponry:lance_nickel', At ResourceLocation: JsonObject; At Ingredient: Unknown item 'spartanweaponry:lance_electrum', At ResourceLocation: JsonObject; At Ingredient: Unknown item 'spartanweaponry:lance_platinum', At ResourceLocation: JsonObject; At Ingredient: Unknown item 'spartanweaponry:lance_invar', At ResourceLocation: JsonObject; At Ingredient: Unknown item 'spartanweaponry:lance_silver', At ResourceLocation: JsonObject; At Ingredient: Unknown item 'spartanweaponry:lance_steel', At ResourceLocation: JsonObject; At Ingredient: Unknown item 'spartanweaponry:lance_bronze', At ResourceLocation: JsonObject; At Ingredient: Unknown item 'spartanweaponry:lance_tin', At ResourceLocation: JsonObject; At Ingredient: Unknown item 'spartanweaponry:lance_copper', At ResourceLocation: JsonObject; At Ingredient: Unknown item 'spartanweaponry:lance_netherite', At ResourceLocation: JsonObject; At Ingredient: Unknown item 'spartanweaponry:lance_diamond', At ResourceLocation: JsonObject; At Ingredient: Unknown item 'spartanweaponry:lance_gold', At ResourceLocation: JsonObject; At Ingredient: Unknown item 'spartanweaponry:lance_iron', At ResourceLocation: JsonObject; At Ingredient: Unknown item 'spartanweaponry:lance_stone', At ResourceLocation: JsonObject; At Ingredient: Unknown item 'spartanweaponry:lance_wood', At ResourceLocation: JsonObject; At Ingredient: Unknown item 'spartanweaponry:pike_lead', At ResourceLocation: JsonObject; At Ingredient: Unknown item 'spartanweaponry:pike_nickel', At ResourceLocation: JsonObject; At Ingredient: Unknown item 'spartanweaponry:pike_electrum', At ResourceLocation: JsonObject; At Ingredient: Unknown item 'spartanweaponry:pike_platinum', At ResourceLocation: JsonObject; At Ingredient: Unknown item 'spartanweaponry:pike_invar', At ResourceLocation: JsonObject; At Ingredient: Unknown item 'spartanweaponry:pike_silver', At ResourceLocation: JsonObject; At Ingredient: Unknown item 'spartanweaponry:pike_steel', At ResourceLocation: JsonObject; At Ingredient: Unknown item 'spartanweaponry:pike_bronze', At ResourceLocation: JsonObject; At Ingredient: Unknown item 'spartanweaponry:pike_tin', At ResourceLocation: JsonObject; At Ingredient: Unknown item 'spartanweaponry:pike_copper', At ResourceLocation: JsonObject; At Ingredient: Unknown item 'spartanweaponry:pike_netherite', At ResourceLocation: JsonObject; At Ingredient: Unknown item 'spartanweaponry:pike_diamond', At ResourceLocation: JsonObject; At Ingredient: Unknown item 'spartanweaponry:pike_gold', At ResourceLocation: JsonObject; At Ingredient: Unknown item 'spartanweaponry:pike_iron', At ResourceLocation: JsonObject; At Ingredient: Unknown item 'spartanweaponry:pike_stone', At ResourceLocation: JsonObject; At Ingredient: Unknown item 'spartanweaponry:pike_wood', At ResourceLocation: JsonObject; At Ingredient: Unknown item 'spartanweaponry:halberd_lead', At ResourceLocation: JsonObject; At Ingredient: Unknown item 'spartanweaponry:halberd_nickel', At ResourceLocation: JsonObject; At Ingredient: Unknown item 'spartanweaponry:halberd_electrum', At ResourceLocation: JsonObject; At Ingredient: Unknown item 'spartanweaponry:halberd_platinum', At ResourceLocation: JsonObject; At Ingredient: Unknown item 'spartanweaponry:halberd_invar', At ResourceLocation: JsonObject; At Ingredient: Unknown item 'spartanweaponry:halberd_silver', At ResourceLocation: JsonObject; At Ingredient: Unknown item 'spartanweaponry:halberd_steel', At ResourceLocation: JsonObject; At Ingredient: Unknown item 'spartanweaponry:halberd_bronze', At ResourceLocation: JsonObject; At Ingredient: Unknown item 'spartanweaponry:halberd_tin', At ResourceLocation: JsonObject; At Ingredient: Unknown item 'spartanweaponry:halberd_copper', At ResourceLocation: JsonObject; At Ingredient: Unknown item 'spartanweaponry:halberd_netherite', At ResourceLocation: JsonObject; At Ingredient: Unknown item 'spartanweaponry:halberd_diamond', At ResourceLocation: JsonObject; At Ingredient: Unknown item 'spartanweaponry:halberd_gold', At ResourceLocation: JsonObject; At Ingredient: Unknown item 'spartanweaponry:halberd_iron', At ResourceLocation: JsonObject; At Ingredient: Unknown item 'spartanweaponry:halberd_stone', At ResourceLocation: JsonObject; At Ingredient: Unknown item 'spartanweaponry:halberd_wood', At ResourceLocation: JsonObject; At Ingredient: Unknown item 'spartanweaponry:spear_lead', At ResourceLocation: JsonObject; At Ingredient: Unknown item 'spartanweaponry:spear_nickel', At ResourceLocation: JsonObject; At Ingredient: Unknown item 'spartanweaponry:spear_electrum', At ResourceLocation: JsonObject; At Ingredient: Unknown item 'spartanweaponry:spear_platinum', At ResourceLocation: JsonObject; At Ingredient: Unknown item 'spartanweaponry:spear_invar', At ResourceLocation: JsonObject; At Ingredient: Unknown item 'spartanweaponry:spear_silver', At ResourceLocation: JsonObject; At Ingredient: Unknown item 'spartanweaponry:spear_steel', At ResourceLocation: JsonObject; At Ingredient: Unknown item 'spartanweaponry:spear_bronze', At ResourceLocation: JsonObject; At Ingredient: Unknown item 'spartanweaponry:spear_tin', At ResourceLocation: JsonObject; At Ingredient: Unknown item 'spartanweaponry:spear_copper', At ResourceLocation: JsonObject; At Ingredient: Unknown item 'spartanweaponry:spear_netherite', At ResourceLocation: JsonObject; At Ingredient: Unknown item 'spartanweaponry:spear_diamond', At ResourceLocation: JsonObject; At Ingredient: Unknown item 'spartanweaponry:spear_gold', At ResourceLocation: JsonObject; At Ingredient: Unknown item 'spartanweaponry:spear_iron', At ResourceLocation: JsonObject; At Ingredient: Unknown item 'spartanweaponry:spear_stone', At ResourceLocation: JsonObject; At Ingredient: Unknown item 'spartanweaponry:spear_wood', At ResourceLocation: JsonObject; At Ingredient: Unknown item 'spartanweaponry:warhammer_lead', At ResourceLocation: JsonObject; At Ingredient: Unknown item 'spartanweaponry:warhammer_nickel', At ResourceLocation: JsonObject; At Ingredient: Unknown item 'spartanweaponry:warhammer_electrum', At ResourceLocation: JsonObject; At Ingredient: Unknown item 'spartanweaponry:warhammer_platinum', At ResourceLocation: JsonObject; At Ingredient: Unknown item 'spartanweaponry:warhammer_invar', At ResourceLocation: JsonObject; At Ingredient: Unknown item 'spartanweaponry:warhammer_silver', At ResourceLocation: JsonObject; At Ingredient: Unknown item 'spartanweaponry:warhammer_steel', At ResourceLocation: JsonObject; At Ingredient: Unknown item 'spartanweaponry:warhammer_bronze', At ResourceLocation: JsonObject; At Ingredient: Unknown item 'spartanweaponry:warhammer_tin', At ResourceLocation: JsonObject; At Ingredient: Unknown item 'spartanweaponry:warhammer_copper', At ResourceLocation: JsonObject; At Ingredient: Unknown item 'spartanweaponry:warhammer_netherite', At ResourceLocation: JsonObject; At Ingredient: Unknown item 'spartanweaponry:warhammer_diamond', At ResourceLocation: JsonObject; At Ingredient: Unknown item 'spartanweaponry:warhammer_gold', At ResourceLocation: JsonObject; At Ingredient: Unknown item 'spartanweaponry:warhammer_iron', At ResourceLocation: JsonObject; At Ingredient: Unknown item 'spartanweaponry:warhammer_stone', At ResourceLocation: JsonObject; At Ingredient: Unknown item 'spartanweaponry:warhammer_wood', At ResourceLocation: JsonObject; At Ingredient: Unknown item 'spartanweaponry:hammer_lead', At ResourceLocation: JsonObject; At Ingredient: Unknown item 'spartanweaponry:hammer_nickel', At ResourceLocation: JsonObject; At Ingredient: Unknown item 'spartanweaponry:hammer_electrum', At ResourceLocation: JsonObject; At Ingredient: Unknown item 'spartanweaponry:hammer_platinum', At ResourceLocation: JsonObject; At Ingredient: Unknown item 'spartanweaponry:hammer_invar', At ResourceLocation: JsonObject; At Ingredient: Unknown item 'spartanweaponry:hammer_silver', At ResourceLocation: JsonObject; At Ingredient: Unknown item 'spartanweaponry:hammer_steel', At ResourceLocation: JsonObject; At Ingredient: Unknown item 'spartanweaponry:hammer_bronze', At ResourceLocation: JsonObject; At Ingredient: Unknown item 'spartanweaponry:hammer_tin', At ResourceLocation: JsonObject; At Ingredient: Unknown item 'spartanweaponry:hammer_copper', At ResourceLocation: JsonObject; At Ingredient: Unknown item 'spartanweaponry:hammer_netherite', At ResourceLocation: JsonObject; At Ingredient: Unknown item 'spartanweaponry:hammer_diamond', At ResourceLocation: JsonObject; At Ingredient: Unknown item 'spartanweaponry:hammer_gold', At ResourceLocation: JsonObject; At Ingredient: Unknown item 'spartanweaponry:hammer_iron', At ResourceLocation: JsonObject; At Ingredient: Unknown item 'spartanweaponry:hammer_stone', At ResourceLocation: JsonObject; At Ingredient: Unknown item 'spartanweaponry:hammer_wood', At ResourceLocation: JsonObject; At Ingredient: Unknown item 'spartanweaponry:dagger_lead', At ResourceLocation: JsonObject; At Ingredient: Unknown item 'spartanweaponry:dagger_nickel', At ResourceLocation: JsonObject; At Ingredient: Unknown item 'spartanweaponry:dagger_electrum', At ResourceLocation: JsonObject; At Ingredient: Unknown item 'spartanweaponry:dagger_platinum', At ResourceLocation: JsonObject; At Ingredient: Unknown item 'spartanweaponry:dagger_invar', At ResourceLocation: JsonObject; At Ingredient: Unknown item 'spartanweaponry:dagger_silver', At ResourceLocation: JsonObject; At Ingredient: Unknown item 'spartanweaponry:dagger_steel', At ResourceLocation: JsonObject; At Ingredient: Unknown item 'spartanweaponry:dagger_bronze', At ResourceLocation: JsonObject; At Ingredient: Unknown item 'spartanweaponry:dagger_tin', At ResourceLocation: JsonObject; At Ingredient: Unknown item 'spartanweaponry:dagger_copper', At ResourceLocation: JsonObject; At Ingredient: Unknown item 'spartanweaponry:dagger_netherite', At ResourceLocation: JsonObject; At Ingredient: Unknown item 'spartanweaponry:dagger_diamond', At ResourceLocation: JsonObject; At Ingredient: Unknown item 'spartanweaponry:dagger_gold', At ResourceLocation: JsonObject; At Ingredient: Unknown item 'spartanweaponry:dagger_iron', At ResourceLocation: JsonObject; At Ingredient: Unknown item 'spartanweaponry:dagger_stone', At ResourceLocation: JsonObject; At Ingredient: Unknown item 'spartanweaponry:dagger_wood', At ResourceLocation: JsonObject, At ResourceLocation: JsonObject
[26Oct2025 04:41:28.901] [main/ERROR] [io.github.apace100.apoli.Apoli/]: Error loading power "arkwys:brute/piglin_neutrality": Unknown registry key: extraorigins:mob_neutrality
[26Oct2025 04:41:28.901] [main/ERROR] [io.github.apace100.apoli.Apoli/]: Loading for all instances of power arkwys:brute/piglin_neutrality failed.
[26Oct2025 04:41:28.901] [main/ERROR] [io.github.apace100.apoli.Apoli/]: Error loading power "strictly:sun_strength": Input does not contain a key [type]: MapLike[{"entity_action":{"type":"origins:apply_effect","effect":{"effect":"minecraft:strength","is_ambient":true,"show_particles":false,"show_icon":false,"amplifier":1,"duration":1000}},"interval":200}]
[26Oct2025 04:41:28.901] [main/ERROR] [io.github.apace100.apoli.Apoli/]: Loading for all instances of power strictly:sun_strength failed.
[26Oct2025 04:41:28.903] [main/ERROR] [io.github.apace100.apoli.Apoli/]: Error loading power "strictly:thick_fur_cont": At EntityType: Identifier "minecraft:tipped_arrow" was not registered in registry "minecraft:entity_type"., At ResourceLocation: JsonObject
[26Oct2025 04:41:28.903] [main/ERROR] [io.github.apace100.apoli.Apoli/]: Loading for all instances of power strictly:thick_fur_cont failed.
[26Oct2025 04:41:28.907] [main/WARN] [io.github.apace100.apoli.Apoli/]: Power "medievalorigins:elf/weak_melee_iceandfire" will only be partially loaded: At Ingredient: Unknown item 'iceandfire:troll_weapon_axe', At ResourceLocation: JsonObject; At Ingredient: Unknown item 'iceandfire:dragonsteel_lightning_axe', At ResourceLocation: JsonObject; At Ingredient: Unknown item 'iceandfire:dragonsteel_cold_axe', At ResourceLocation: JsonObject; At Ingredient: Unknown item 'iceandfire:dragonsteel_fire_axe', At ResourceLocation: JsonObject; At Ingredient: Unknown item 'iceandfire:myrmex_jungle_axe', At ResourceLocation: JsonObject; At Ingredient: Unknown item 'iceandfire:myrmex_desert_axe', At ResourceLocation: JsonObject; At Ingredient: Unknown item 'iceandfire:dragonbone_axe', At ResourceLocation: JsonObject; At Ingredient: Unknown item 'iceandfire:copper_axe', At ResourceLocation: JsonObject; At Ingredient: Unknown item 'iceandfire:silver_axe', At ResourceLocation: JsonObject, At ResourceLocation: JsonObject
[26Oct2025 04:41:28.919] [main/WARN] [io.github.apace100.apoli.Apoli/]: Power "arkwys:minotaur/axe_proficiency_spartanweaponry" will only be partially loaded: At Ingredient: Unknown item 'spartanweaponry:battleaxe_lead', At ResourceLocation: JsonObject; At Ingredient: Unknown item 'spartanweaponry:battleaxe_nickel', At ResourceLocation: JsonObject; At Ingredient: Unknown item 'spartanweaponry:battleaxe_electrum', At ResourceLocation: JsonObject; At Ingredient: Unknown item 'spartanweaponry:battleaxe_platinum', At ResourceLocation: JsonObject; At Ingredient: Unknown item 'spartanweaponry:battleaxe_invar', At ResourceLocation: JsonObject; At Ingredient: Unknown item 'spartanweaponry:battleaxe_silver', At ResourceLocation: JsonObject; At Ingredient: Unknown item 'spartanweaponry:battleaxe_steel', At ResourceLocation: JsonObject; At Ingredient: Unknown item 'spartanweaponry:battleaxe_bronze', At ResourceLocation: JsonObject; At Ingredient: Unknown item 'spartanweaponry:battleaxe_tin', At ResourceLocation: JsonObject; At Ingredient: Unknown item 'spartanweaponry:battleaxe_copper', At ResourceLocation: JsonObject; At Ingredient: Unknown item 'spartanweaponry:battleaxe_netherite', At ResourceLocation: JsonObject; At Ingredient: Unknown item 'spartanweaponry:battleaxe_diamond', At ResourceLocation: JsonObject; At Ingredient: Unknown item 'spartanweaponry:battleaxe_gold', At ResourceLocation: JsonObject; At Ingredient: Unknown item 'spartanweaponry:battleaxe_iron', At ResourceLocation: JsonObject; At Ingredient: Unknown item 'spartanweaponry:battleaxe_stone', At ResourceLocation: JsonObject; At Ingredient: Unknown item 'spartanweaponry:battleaxe_wood', At ResourceLocation: JsonObject; At Ingredient: Unknown item 'spartanweaponry:tomahawk_lead', At ResourceLocation: JsonObject; At Ingredient: Unknown item 'spartanweaponry:tomahawk_nickel', At ResourceLocation: JsonObject; At Ingredient: Unknown item 'spartanweaponry:tomahawk_electrum', At ResourceLocation: JsonObject; At Ingredient: Unknown item 'spartanweaponry:tomahawk_platinum', At ResourceLocation: JsonObject; At Ingredient: Unknown item 'spartanweaponry:tomahawk_invar', At ResourceLocation: JsonObject; At Ingredient: Unknown item 'spartanweaponry:tomahawk_silver', At ResourceLocation: JsonObject; At Ingredient: Unknown item 'spartanweaponry:tomahawk_steel', At ResourceLocation: JsonObject; At Ingredient: Unknown item 'spartanweaponry:tomahawk_bronze', At ResourceLocation: JsonObject; At Ingredient: Unknown item 'spartanweaponry:tomahawk_tin', At ResourceLocation: JsonObject; At Ingredient: Unknown item 'spartanweaponry:tomahawk_copper', At ResourceLocation: JsonObject; At Ingredient: Unknown item 'spartanweaponry:tomahawk_netherite', At ResourceLocation: JsonObject; At Ingredient: Unknown item 'spartanweaponry:tomahawk_diamond', At ResourceLocation: JsonObject; At Ingredient: Unknown item 'spartanweaponry:tomahawk_gold', At ResourceLocation: JsonObject; At Ingredient: Unknown item 'spartanweaponry:tomahawk_iron', At ResourceLocation: JsonObject; At Ingredient: Unknown item 'spartanweaponry:tomahawk_stone', At ResourceLocation: JsonObject; At Ingredient: Unknown item 'spartanweaponry:tomahawk_wood', At ResourceLocation: JsonObject; At Ingredient: Unknown item 'spartanweaponry:halberd_lead', At ResourceLocation: JsonObject; At Ingredient: Unknown item 'spartanweaponry:halberd_nickel', At ResourceLocation: JsonObject; At Ingredient: Unknown item 'spartanweaponry:halberd_electrum', At ResourceLocation: JsonObject; At Ingredient: Unknown item 'spartanweaponry:halberd_platinum', At ResourceLocation: JsonObject; At Ingredient: Unknown item 'spartanweaponry:halberd_invar', At ResourceLocation: JsonObject; At Ingredient: Unknown item 'spartanweaponry:halberd_silver', At ResourceLocation: JsonObject; At Ingredient: Unknown item 'spartanweaponry:halberd_steel', At ResourceLocation: JsonObject; At Ingredient: Unknown item 'spartanweaponry:halberd_bronze', At ResourceLocation: JsonObject; At Ingredient: Unknown item 'spartanweaponry:halberd_tin', At ResourceLocation: JsonObject; At Ingredient: Unknown item 'spartanweaponry:halberd_copper', At ResourceLocation: JsonObject; At Ingredient: Unknown item 'spartanweaponry:halberd_netherite', At ResourceLocation: JsonObject; At Ingredient: Unknown item 'spartanweaponry:halberd_diamond', At ResourceLocation: JsonObject; At Ingredient: Unknown item 'spartanweaponry:halberd_gold', At ResourceLocation: JsonObject; At Ingredient: Unknown item 'spartanweaponry:halberd_iron', At ResourceLocation: JsonObject; At Ingredient: Unknown item 'spartanweaponry:halberd_stone', At ResourceLocation: JsonObject; At Ingredient: Unknown item 'spartanweaponry:halberd_wood', At ResourceLocation: JsonObject, At ResourceLocation: JsonObject
[26Oct2025 04:41:28.928] [main/WARN] [io.github.apace100.apoli.Apoli/]: Power "strictly:spider_like" will only be partially loaded: Input does not contain a key [type]: MapLike[{"key":"key.jump","continuous":true}], At ResourceLocation: JsonObject
[26Oct2025 04:41:28.936] [main/WARN] [io.github.apace100.apoli.Apoli/]: Power "arkwys:demon/cursed_armor" will only be partially loaded: At Enchantment: Identifier "biomemakeover:buckling_curse" was not registered in registry "minecraft:enchantment"., At ResourceLocation: JsonObject; At Enchantment: Identifier "biomemakeover:inaccuracy_curse" was not registered in registry "minecraft:enchantment"., At ResourceLocation: JsonObject; At Enchantment: Identifier "biomemakeover:unwieldiness_curse" was not registered in registry "minecraft:enchantment"., At ResourceLocation: JsonObject; At Enchantment: Identifier "biomemakeover:suffocation_curse" was not registered in registry "minecraft:enchantment"., At ResourceLocation: JsonObject; At Enchantment: Identifier "biomemakeover:flammability_curse" was not registered in registry "minecraft:enchantment"., At ResourceLocation: JsonObject; At Enchantment: Identifier "biomemakeover:depth_curse" was not registered in registry "minecraft:enchantment"., At ResourceLocation: JsonObject; At Enchantment: Identifier "biomemakeover:enfeeblement_curse" was not registered in registry "minecraft:enchantment"., At ResourceLocation: JsonObject; At Enchantment: Identifier "biomemakeover:conductivity_curse" was not registered in registry "minecraft:enchantment"., At ResourceLocation: JsonObject; At Enchantment: Identifier "biomemakeover:insomnia_curse" was not registered in registry "minecraft:enchantment"., At ResourceLocation: JsonObject; At Enchantment: Identifier "biomemakeover:decay_curse" was not registered in registry "minecraft:enchantment"., At ResourceLocation: JsonObject, At ResourceLocation: JsonObject; At Enchantment: Identifier "biomemakeover:buckling_curse" was not registered in registry "minecraft:enchantment"., At ResourceLocation: JsonObject; At Enchantment: Identifier "biomemakeover:inaccuracy_curse" was not registered in registry "minecraft:enchantment"., At ResourceLocation: JsonObject; At Enchantment: Identifier "biomemakeover:unwieldiness_curse" was not registered in registry "minecraft:enchantment"., At ResourceLocation: JsonObject; At Enchantment: Identifier "biomemakeover:suffocation_curse" was not registered in registry "minecraft:enchantment"., At ResourceLocation: JsonObject; At Enchantment: Identifier "biomemakeover:flammability_curse" was not registered in registry "minecraft:enchantment"., At ResourceLocation: JsonObject; At Enchantment: Identifier "biomemakeover:depth_curse" was not registered in registry "minecraft:enchantment"., At ResourceLocation: JsonObject; At Enchantment: Identifier "biomemakeover:enfeeblement_curse" was not registered in registry "minecraft:enchantment"., At ResourceLocation: JsonObject; At Enchantment: Identifier "biomemakeover:conductivity_curse" was not registered in registry "minecraft:enchantment"., At ResourceLocation: JsonObject; At Enchantment: Identifier "biomemakeover:insomnia_curse" was not registered in registry "minecraft:enchantment"., At ResourceLocation: JsonObject; At Enchantment: Identifier "biomemakeover:decay_curse" was not registered in registry "minecraft:enchantment"., At ResourceLocation: JsonObject, At ResourceLocation: JsonObject; At Enchantment: Identifier "biomemakeover:buckling_curse" was not registered in registry "minecraft:enchantment"., At ResourceLocation: JsonObject; At Enchantment: Identifier "biomemakeover:inaccuracy_curse" was not registered in registry "minecraft:enchantment"., At ResourceLocation: JsonObject; At Enchantment: Identifier "biomemakeover:unwieldiness_curse" was not registered in registry "minecraft:enchantment"., At ResourceLocation: JsonObject; At Enchantment: Identifier "biomemakeover:suffocation_curse" was not registered in registry "minecraft:enchantment"., At ResourceLocation: JsonObject; At Enchantment: Identifier "biomemakeover:flammability_curse" was not registered in registry "minecraft:enchantment"., At ResourceLocation: JsonObject; At Enchantment: Identifier "biomemakeover:depth_curse" was not registered in registry "minecraft:enchantment"., At ResourceLocation: JsonObject; At Enchantment: Identifier "biomemakeover:enfeeblement_curse" was not registered in registry "minecraft:enchantment"., At ResourceLocation: JsonObject; At Enchantment: Identifier "biomemakeover:conductivity_curse" was not registered in registry "minecraft:enchantment"., At ResourceLocation: JsonObject; At Enchantment: Identifier "biomemakeover:insomnia_curse" was not registered in registry "minecraft:enchantment"., At ResourceLocation: JsonObject; At Enchantment: Identifier "biomemakeover:decay_curse" was not registered in registry "minecraft:enchantment"., At ResourceLocation: JsonObject, At ResourceLocation: JsonObject; At Enchantment: Identifier "biomemakeover:buckling_curse" was not registered in registry "minecraft:enchantment"., At ResourceLocation: JsonObject; At Enchantment: Identifier "biomemakeover:inaccuracy_curse" was not registered in registry "minecraft:enchantment"., At ResourceLocation: JsonObject; At Enchantment: Identifier "biomemakeover:unwieldiness_curse" was not registered in registry "minecraft:enchantment"., At ResourceLocation: JsonObject; At Enchantment: Identifier "biomemakeover:suffocation_curse" was not registered in registry "minecraft:enchantment"., At ResourceLocation: JsonObject; At Enchantment: Identifier "biomemakeover:flammability_curse" was not registered in registry "minecraft:enchantment"., At ResourceLocation: JsonObject; At Enchantment: Identifier "biomemakeover:depth_curse" was not registered in registry "minecraft:enchantment"., At ResourceLocation: JsonObject; At Enchantment: Identifier "biomemakeover:enfeeblement_curse" was not registered in registry "minecraft:enchantment"., At ResourceLocation: JsonObject; At Enchantment: Identifier "biomemakeover:conductivity_curse" was not registered in registry "minecraft:enchantment"., At ResourceLocation: JsonObject; At Enchantment: Identifier "biomemakeover:insomnia_curse" was not registered in registry "minecraft:enchantment"., At ResourceLocation: JsonObject; At Enchantment: Identifier "biomemakeover:decay_curse" was not registered in registry "minecraft:enchantment"., At ResourceLocation: JsonObject, At ResourceLocation: JsonObject
[26Oct2025 04:41:28.942] [main/WARN] [io.github.apace100.apoli.Apoli/]: Power "strictly:skofnung" will only be partially loaded: At Item: Identifier "pmmo_xp_bottles:endurance" was not registered in registry "minecraft:item"., At ResourceLocation: JsonObject, At ResourceLocation: JsonObject
[26Oct2025 04:41:28.955] [main/WARN] [io.github.apace100.apoli.Apoli/]: Power "medievalorigins:knight/skilled_swordsman" will only be partially loaded: At Ingredient: Unknown item 'iceandfire:ghost_sword', At ResourceLocation: JsonObject; At Ingredient: Unknown item 'iceandfire:dread_queen_sword', At ResourceLocation: JsonObject; At Ingredient: Unknown item 'iceandfire:dread_kinght_sword', At ResourceLocation: JsonObject; At Ingredient: Unknown item 'iceandfire:dread_sword', At ResourceLocation: JsonObject; At Ingredient: Unknown item 'iceandfire:dragonsteel_lightning_sword', At ResourceLocation: JsonObject; At Ingredient: Unknown item 'iceandfire:dragonsteel_ice_sword', At ResourceLocation: JsonObject; At Ingredient: Unknown item 'iceandfire:dragonsteel_fire_sword', At ResourceLocation: JsonObject; At Ingredient: Unknown item 'iceandfire:myrmex_jungle_sword_venom', At ResourceLocation: JsonObject; At Ingredient: Unknown item 'iceandfire:myrmex_jungle_sword', At ResourceLocation: JsonObject; At Ingredient: Unknown item 'iceandfire:myrmex_desert_sword_venom', At ResourceLocation: JsonObject; At Ingredient: Unknown item 'iceandfire:myrmex_desert_sword', At ResourceLocation: JsonObject; At Ingredient: Unknown item 'iceandfire:hippogryph_sword', At ResourceLocation: JsonObject; At Ingredient: Unknown item 'iceandfire:dragonbone_sword_ice', At ResourceLocation: JsonObject; At Ingredient: Unknown item 'iceandfire:dragonbone_sword_fire', At ResourceLocation: JsonObject; At Ingredient: Unknown item 'iceandfire:dragonbone_sword', At ResourceLocation: JsonObject; At Ingredient: Unknown item 'iceandfire:copper_sword', At ResourceLocation: JsonObject; At Ingredient: Unknown item 'iceandfire:silver_sword', At ResourceLocation: JsonObject; At Ingredient: Unknown item 'dungeons_gear:rapier', At ResourceLocation: JsonObject; At Ingredient: Unknown item 'dungeons_gear:frost_slayer', At ResourceLocation: JsonObject; At Ingredient: Unknown item 'dungeons_gear:heartstealer', At ResourceLocation: JsonObject; At Ingredient: Unknown item 'dungeons_gear:broadsword', At ResourceLocation: JsonObject; At Ingredient: Unknown item 'dungeons_gear:claymore', At ResourceLocation: JsonObject; At Ingredient: Unknown item 'dungeons_gear:truthseeker', At ResourceLocation: JsonObject; At Ingredient: Unknown item 'dungeons_gear:masters_katana', At ResourceLocation: JsonObject; At Ingredient: Unknown item 'dungeons_gear:dark_katana', At ResourceLocation: JsonObject; At Ingredient: Unknown item 'dungeons_gear:katana', At ResourceLocation: JsonObject; At Ingredient: Unknown item 'dungeons_gear:sinister_sword', At ResourceLocation: JsonObject; At Ingredient: Unknown item 'dungeons_gear:hawkbrand', At ResourceLocation: JsonObject; At Ingredient: Unknown item 'dungeons_gear:diamond_sword', At ResourceLocation: JsonObject; At Ingredient: Unknown item 'dungeons_gear:gold_sword', At ResourceLocation: JsonObject; At Ingredient: Unknown item 'dungeons_gear:stone_sword', At ResourceLocation: JsonObject; At Ingredient: Unknown item 'dungeons_gear:sword', At ResourceLocation: JsonObject; At Ingredient: Unknown item 'dungeons_gear:nameless_blade', At ResourceLocation: JsonObject; At Ingredient: Unknown item 'dungeons_gear:cutlass', At ResourceLocation: JsonObject; At Ingredient: Unknown item 'dungeons_gear:freezing_foil', At ResourceLocation: JsonObject; At Ingredient: Unknown item 'dungeons_gear:bee_stinger', At ResourceLocation: JsonObject; At Ingredient: Unknown item 'dungeons_gear:rapier', At ResourceLocation: JsonObject, At ResourceLocation: JsonObject
[26Oct2025 04:41:28.985] [main/WARN] [io.github.apace100.apoli.Apoli/]: Power "medievalorigins:elf/weak_swords_spartanweaponry" will only be partially loaded: At Ingredient: Unknown item 'spartanweaponry:greatsword_lead', At ResourceLocation: JsonObject; At Ingredient: Unknown item 'spartanweaponry:greatsword_nickel', At ResourceLocation: JsonObject; At Ingredient: Unknown item 'spartanweaponry:greatsword_electrum', At ResourceLocation: JsonObject; At Ingredient: Unknown item 'spartanweaponry:greatsword_platinum', At ResourceLocation: JsonObject; At Ingredient: Unknown item 'spartanweaponry:greatsword_invar', At ResourceLocation: JsonObject; At Ingredient: Unknown item 'spartanweaponry:greatsword_silver', At ResourceLocation: JsonObject; At Ingredient: Unknown item 'spartanweaponry:greatsword_steel', At ResourceLocation: JsonObject; At Ingredient: Unknown item 'spartanweaponry:greatsword_bronze', At ResourceLocation: JsonObject; At Ingredient: Unknown item 'spartanweaponry:greatsword_tin', At ResourceLocation: JsonObject; At Ingredient: Unknown item 'spartanweaponry:greatsword_copper', At ResourceLocation: JsonObject; At Ingredient: Unknown item 'spartanweaponry:greatsword_netherite', At ResourceLocation: JsonObject; At Ingredient: Unknown item 'spartanweaponry:greatsword_diamond', At ResourceLocation: JsonObject; At Ingredient: Unknown item 'spartanweaponry:greatsword_gold', At ResourceLocation: JsonObject; At Ingredient: Unknown item 'spartanweaponry:greatsword_iron', At ResourceLocation: JsonObject; At Ingredient: Unknown item 'spartanweaponry:greatsword_stone', At ResourceLocation: JsonObject; At Ingredient: Unknown item 'spartanweaponry:greatsword_wood', At ResourceLocation: JsonObject; At Ingredient: Unknown item 'spartanweaponry:rapier_lead', At ResourceLocation: JsonObject; At Ingredient: Unknown item 'spartanweaponry:rapier_nickel', At ResourceLocation: JsonObject; At Ingredient: Unknown item 'spartanweaponry:rapier_electrum', At ResourceLocation: JsonObject; At Ingredient: Unknown item 'spartanweaponry:rapier_platinum', At ResourceLocation: JsonObject; At Ingredient: Unknown item 'spartanweaponry:rapier_invar', At ResourceLocation: JsonObject; At Ingredient: Unknown item 'spartanweaponry:rapier_silver', At ResourceLocation: JsonObject; At Ingredient: Unknown item 'spartanweaponry:rapier_steel', At ResourceLocation: JsonObject; At Ingredient: Unknown item 'spartanweaponry:rapier_bronze', At ResourceLocation: JsonObject; At Ingredient: Unknown item 'spartanweaponry:rapier_tin', At ResourceLocation: JsonObject; At Ingredient: Unknown item 'spartanweaponry:rapier_copper', At ResourceLocation: JsonObject; At Ingredient: Unknown item 'spartanweaponry:rapier_netherite', At ResourceLocation: JsonObject; At Ingredient: Unknown item 'spartanweaponry:rapier_diamond', At ResourceLocation: JsonObject; At Ingredient: Unknown item 'spartanweaponry:rapier_gold', At ResourceLocation: JsonObject; At Ingredient: Unknown item 'spartanweaponry:rapier_iron', At ResourceLocation: JsonObject; At Ingredient: Unknown item 'spartanweaponry:rapier_stone', At ResourceLocation: JsonObject; At Ingredient: Unknown item 'spartanweaponry:rapier_wood', At ResourceLocation: JsonObject; At Ingredient: Unknown item 'spartanweaponry:saber_lead', At ResourceLocation: JsonObject; At Ingredient: Unknown item 'spartanweaponry:saber_nickel', At ResourceLocation: JsonObject; At Ingredient: Unknown item 'spartanweaponry:saber_electrum', At ResourceLocation: JsonObject; At Ingredient: Unknown item 'spartanweaponry:saber_platinum', At ResourceLocation: JsonObject; At Ingredient: Unknown item 'spartanweaponry:saber_invar', At ResourceLocation: JsonObject; At Ingredient: Unknown item 'spartanweaponry:saber_silver', At ResourceLocation: JsonObject; At Ingredient: Unknown item 'spartanweaponry:saber_steel', At ResourceLocation: JsonObject; At Ingredient: Unknown item 'spartanweaponry:saber_bronze', At ResourceLocation: JsonObject; At Ingredient: Unknown item 'spartanweaponry:saber_tin', At ResourceLocation: JsonObject; At Ingredient: Unknown item 'spartanweaponry:saber_copper', At ResourceLocation: JsonObject; At Ingredient: Unknown item 'spartanweaponry:saber_netherite', At ResourceLocation: JsonObject; At Ingredient: Unknown item 'spartanweaponry:saber_diamond', At ResourceLocation: JsonObject; At Ingredient: Unknown item 'spartanweaponry:saber_gold', At ResourceLocation: JsonObject; At Ingredient: Unknown item 'spartanweaponry:saber_iron', At ResourceLocation: JsonObject; At Ingredient: Unknown item 'spartanweaponry:saber_stone', At ResourceLocation: JsonObject; At Ingredient: Unknown item 'spartanweaponry:saber_wood', At ResourceLocation: JsonObject; At Ingredient: Unknown item 'spartanweaponry:katana_lead', At ResourceLocation: JsonObject; At Ingredient: Unknown item 'spartanweaponry:katana_nickel', At ResourceLocation: JsonObject; At Ingredient: Unknown item 'spartanweaponry:katana_electrum', At ResourceLocation: JsonObject; At Ingredient: Unknown item 'spartanweaponry:katana_platinum', At ResourceLocation: JsonObject; At Ingredient: Unknown item 'spartanweaponry:katana_invar', At ResourceLocation: JsonObject; At Ingredient: Unknown item 'spartanweaponry:katana_silver', At ResourceLocation: JsonObject; At Ingredient: Unknown item 'spartanweaponry:katana_steel', At ResourceLocation: JsonObject; At Ingredient: Unknown item 'spartanweaponry:katana_bronze', At ResourceLocation: JsonObject; At Ingredient: Unknown item 'spartanweaponry:katana_tin', At ResourceLocation: JsonObject; At Ingredient: Unknown item 'spartanweaponry:katana_copper', At ResourceLocation: JsonObject; At Ingredient: Unknown item 'spartanweaponry:katana_netherite', At ResourceLocation: JsonObject; At Ingredient: Unknown item 'spartanweaponry:katana_diamond', At ResourceLocation: JsonObject; At Ingredient: Unknown item 'spartanweaponry:katana_gold', At ResourceLocation: JsonObject; At Ingredient: Unknown item 'spartanweaponry:katana_iron', At ResourceLocation: JsonObject; At Ingredient: Unknown item 'spartanweaponry:katana_stone', At ResourceLocation: JsonObject; At Ingredient: Unknown item 'spartanweaponry:katana_wood', At ResourceLocation: JsonObject; At Ingredient: Unknown item 'spartanweaponry:longsword_lead', At ResourceLocation: JsonObject; At Ingredient: Unknown item 'spartanweaponry:longsword_nickel', At ResourceLocation: JsonObject; At Ingredient: Unknown item 'spartanweaponry:longsword_electrum', At ResourceLocation: JsonObject; At Ingredient: Unknown item 'spartanweaponry:longsword_platinum', At ResourceLocation: JsonObject; At Ingredient: Unknown item 'spartanweaponry:longsword_invar', At ResourceLocation: JsonObject; At Ingredient: Unknown item 'spartanweaponry:longsword_silver', At ResourceLocation: JsonObject; At Ingredient: Unknown item 'spartanweaponry:longsword_steel', At ResourceLocation: JsonObject; At Ingredient: Unknown item 'spartanweaponry:longsword_bronze', At ResourceLocation: JsonObject; At Ingredient: Unknown item 'spartanweaponry:longsword_tin', At ResourceLocation: JsonObject; At Ingredient: Unknown item 'spartanweaponry:longsword_copper', At ResourceLocation: JsonObject; At Ingredient: Unknown item 'spartanweaponry:longsword_netherite', At ResourceLocation: JsonObject; At Ingredient: Unknown item 'spartanweaponry:longsword_diamond', At ResourceLocation: JsonObject; At Ingredient: Unknown item 'spartanweaponry:longsword_gold', At ResourceLocation: JsonObject; At Ingredient: Unknown item 'spartanweaponry:longsword_iron', At ResourceLocation: JsonObject; At Ingredient: Unknown item 'spartanweaponry:longsword_stone', At ResourceLocation: JsonObject; At Ingredient: Unknown item 'spartanweaponry:longsword_wood', At ResourceLocation: JsonObject, At ResourceLocation: JsonObject
[26Oct2025 04:41:28.988] [main/WARN] [io.github.apace100.apoli.Apoli/]: Power "medievalorigins:gorgon/silver_aversion_iceandfire" will only be partially loaded: At Ingredient: Unknown item 'iceandfire:armor_silver_metal_boots', At ResourceLocation: JsonObject, At ResourceLocation: JsonObject; At Ingredient: Unknown item 'iceandfire:armor_silver_metal_leggings', At ResourceLocation: JsonObject, At ResourceLocation: JsonObject; At Ingredient: Unknown item 'iceandfire:armor_silver_metal_chestplate', At ResourceLocation: JsonObject, At ResourceLocation: JsonObject; At Ingredient: Unknown item 'iceandfire:armor_silver_metal_helmets', At ResourceLocation: JsonObject, At ResourceLocation: JsonObject
[26Oct2025 04:41:29.005] [main/WARN] [io.github.apace100.apoli.Apoli/]: Power "medievalorigins:paladin/weak_swords_spartanweaponry" will only be partially loaded: At Ingredient: Unknown item 'spartanweaponry:greatsword_lead', At ResourceLocation: JsonObject; At Ingredient: Unknown item 'spartanweaponry:greatsword_nickel', At ResourceLocation: JsonObject; At Ingredient: Unknown item 'spartanweaponry:greatsword_electrum', At ResourceLocation: JsonObject; At Ingredient: Unknown item 'spartanweaponry:greatsword_platinum', At ResourceLocation: JsonObject; At Ingredient: Unknown item 'spartanweaponry:greatsword_invar', At ResourceLocation: JsonObject; At Ingredient: Unknown item 'spartanweaponry:greatsword_silver', At ResourceLocation: JsonObject; At Ingredient: Unknown item 'spartanweaponry:greatsword_steel', At ResourceLocation: JsonObject; At Ingredient: Unknown item 'spartanweaponry:greatsword_bronze', At ResourceLocation: JsonObject; At Ingredient: Unknown item 'spartanweaponry:greatsword_tin', At ResourceLocation: JsonObject; At Ingredient: Unknown item 'spartanweaponry:greatsword_copper', At ResourceLocation: JsonObject; At Ingredient: Unknown item 'spartanweaponry:greatsword_netherite', At ResourceLocation: JsonObject; At Ingredient: Unknown item 'spartanweaponry:greatsword_diamond', At ResourceLocation: JsonObject; At Ingredient: Unknown item 'spartanweaponry:greatsword_gold', At ResourceLocation: JsonObject; At Ingredient: Unknown item 'spartanweaponry:greatsword_iron', At ResourceLocation: JsonObject; At Ingredient: Unknown item 'spartanweaponry:greatsword_stone', At ResourceLocation: JsonObject; At Ingredient: Unknown item 'spartanweaponry:greatsword_wood', At ResourceLocation: JsonObject; At Ingredient: Unknown item 'spartanweaponry:rapier_lead', At ResourceLocation: JsonObject; At Ingredient: Unknown item 'spartanweaponry:rapier_nickel', At ResourceLocation: JsonObject; At Ingredient: Unknown item 'spartanweaponry:rapier_electrum', At ResourceLocation: JsonObject; At Ingredient: Unknown item 'spartanweaponry:rapier_platinum', At ResourceLocation: JsonObject; At Ingredient: Unknown item 'spartanweaponry:rapier_invar', At ResourceLocation: JsonObject; At Ingredient: Unknown item 'spartanweaponry:rapier_silver', At ResourceLocation: JsonObject; At Ingredient: Unknown item 'spartanweaponry:rapier_steel', At ResourceLocation: JsonObject; At Ingredient: Unknown item 'spartanweaponry:rapier_bronze', At ResourceLocation: JsonObject; At Ingredient: Unknown item 'spartanweaponry:rapier_tin', At ResourceLocation: JsonObject; At Ingredient: Unknown item 'spartanweaponry:rapier_copper', At ResourceLocation: JsonObject; At Ingredient: Unknown item 'spartanweaponry:rapier_netherite', At ResourceLocation: JsonObject; At Ingredient: Unknown item 'spartanweaponry:rapier_diamond', At ResourceLocation: JsonObject; At Ingredient: Unknown item 'spartanweaponry:rapier_gold', At ResourceLocation: JsonObject; At Ingredient: Unknown item 'spartanweaponry:rapier_iron', At ResourceLocation: JsonObject; At Ingredient: Unknown item 'spartanweaponry:rapier_stone', At ResourceLocation: JsonObject; At Ingredient: Unknown item 'spartanweaponry:rapier_wood', At ResourceLocation: JsonObject; At Ingredient: Unknown item 'spartanweaponry:saber_lead', At ResourceLocation: JsonObject; At Ingredient: Unknown item 'spartanweaponry:saber_nickel', At ResourceLocation: JsonObject; At Ingredient: Unknown item 'spartanweaponry:saber_electrum', At ResourceLocation: JsonObject; At Ingredient: Unknown item 'spartanweaponry:saber_platinum', At ResourceLocation: JsonObject; At Ingredient: Unknown item 'spartanweaponry:saber_invar', At ResourceLocation: JsonObject; At Ingredient: Unknown item 'spartanweaponry:saber_silver', At ResourceLocation: JsonObject; At Ingredient: Unknown item 'spartanweaponry:saber_steel', At ResourceLocation: JsonObject; At Ingredient: Unknown item 'spartanweaponry:saber_bronze', At ResourceLocation: JsonObject; At Ingredient: Unknown item 'spartanweaponry:saber_tin', At ResourceLocation: JsonObject; At Ingredient: Unknown item 'spartanweaponry:saber_copper', At ResourceLocation: JsonObject; At Ingredient: Unknown item 'spartanweaponry:saber_netherite', At ResourceLocation: JsonObject; At Ingredient: Unknown item 'spartanweaponry:saber_diamond', At ResourceLocation: JsonObject; At Ingredient: Unknown item 'spartanweaponry:saber_gold', At ResourceLocation: JsonObject; At Ingredient: Unknown item 'spartanweaponry:saber_iron', At ResourceLocation: JsonObject; At Ingredient: Unknown item 'spartanweaponry:saber_stone', At ResourceLocation: JsonObject; At Ingredient: Unknown item 'spartanweaponry:saber_wood', At ResourceLocation: JsonObject; At Ingredient: Unknown item 'spartanweaponry:katana_lead', At ResourceLocation: JsonObject; At Ingredient: Unknown item 'spartanweaponry:katana_nickel', At ResourceLocation: JsonObject; At Ingredient: Unknown item 'spartanweaponry:katana_electrum', At ResourceLocation: JsonObject; At Ingredient: Unknown item 'spartanweaponry:katana_platinum', At ResourceLocation: JsonObject; At Ingredient: Unknown item 'spartanweaponry:katana_invar', At ResourceLocation: JsonObject; At Ingredient: Unknown item 'spartanweaponry:katana_silver', At ResourceLocation: JsonObject; At Ingredient: Unknown item 'spartanweaponry:katana_steel', At ResourceLocation: JsonObject; At Ingredient: Unknown item 'spartanweaponry:katana_bronze', At ResourceLocation: JsonObject; At Ingredient: Unknown item 'spartanweaponry:katana_tin', At ResourceLocation: JsonObject; At Ingredient: Unknown item 'spartanweaponry:katana_copper', At ResourceLocation: JsonObject; At Ingredient: Unknown item 'spartanweaponry:katana_netherite', At ResourceLocation: JsonObject; At Ingredient: Unknown item 'spartanweaponry:katana_diamond', At ResourceLocation: JsonObject; At Ingredient: Unknown item 'spartanweaponry:katana_gold', At ResourceLocation: JsonObject; At Ingredient: Unknown item 'spartanweaponry:katana_iron', At ResourceLocation: JsonObject; At Ingredient: Unknown item 'spartanweaponry:katana_stone', At ResourceLocation: JsonObject; At Ingredient: Unknown item 'spartanweaponry:katana_wood', At ResourceLocation: JsonObject; At Ingredient: Unknown item 'spartanweaponry:longsword_lead', At ResourceLocation: JsonObject; At Ingredient: Unknown item 'spartanweaponry:longsword_nickel', At ResourceLocation: JsonObject; At Ingredient: Unknown item 'spartanweaponry:longsword_electrum', At ResourceLocation: JsonObject; At Ingredient: Unknown item 'spartanweaponry:longsword_platinum', At ResourceLocation: JsonObject; At Ingredient: Unknown item 'spartanweaponry:longsword_invar', At ResourceLocation: JsonObject; At Ingredient: Unknown item 'spartanweaponry:longsword_silver', At ResourceLocation: JsonObject; At Ingredient: Unknown item 'spartanweaponry:longsword_steel', At ResourceLocation: JsonObject; At Ingredient: Unknown item 'spartanweaponry:longsword_bronze', At ResourceLocation: JsonObject; At Ingredient: Unknown item 'spartanweaponry:longsword_tin', At ResourceLocation: JsonObject; At Ingredient: Unknown item 'spartanweaponry:longsword_copper', At ResourceLocation: JsonObject; At Ingredient: Unknown item 'spartanweaponry:longsword_netherite', At ResourceLocation: JsonObject; At Ingredient: Unknown item 'spartanweaponry:longsword_diamond', At ResourceLocation: JsonObject; At Ingredient: Unknown item 'spartanweaponry:longsword_gold', At ResourceLocation: JsonObject; At Ingredient: Unknown item 'spartanweaponry:longsword_iron', At ResourceLocation: JsonObject; At Ingredient: Unknown item 'spartanweaponry:longsword_stone', At ResourceLocation: JsonObject; At Ingredient: Unknown item 'spartanweaponry:longsword_wood', At ResourceLocation: JsonObject, At ResourceLocation: JsonObject
[26Oct2025 04:41:29.007] [main/WARN] [io.github.apace100.apoli.Apoli/]: Power "strictly:skull_wand" will only be partially loaded: At Item: Identifier "orcz:skullwand" was not registered in registry "minecraft:item"., At ResourceLocation: JsonObject, At ResourceLocation: JsonObject
[26Oct2025 04:41:29.014] [main/WARN] [io.github.apace100.apoli.Apoli/]: Power "medievalorigins:goblin/greedy_dungeons_gear" will only be partially loaded: Failed to read fields: At Ingredient: Unknown item 'dungeons_gear:suns_grace', At ResourceLocation: JsonObject; At Ingredient: Unknown item 'dungeons_gear:firebrand', At ResourceLocation: JsonObject; At Ingredient: Unknown item 'dungeons_gear:gold_axe', At ResourceLocation: JsonObject; At Ingredient: Unknown item 'dungeons_gear:gold_sword', At ResourceLocation: JsonObject, At ResourceLocation: JsonObject
[26Oct2025 04:41:29.026] [main/WARN] [io.github.apace100.apoli.Apoli/]: Power "medievalorigins:knight/melee4ever_spartanweaponry" will only be partially loaded: At Ingredient: Unknown item 'spartanweaponry:boomerang_lead', At ResourceLocation: JsonObject; At Ingredient: Unknown item 'spartanweaponry:boomerang_nickel', At ResourceLocation: JsonObject; At Ingredient: Unknown item 'spartanweaponry:boomerang_electrum', At ResourceLocation: JsonObject; At Ingredient: Unknown item 'spartanweaponry:boomerang_platinum', At ResourceLocation: JsonObject; At Ingredient: Unknown item 'spartanweaponry:boomerang_invar', At ResourceLocation: JsonObject; At Ingredient: Unknown item 'spartanweaponry:boomerang_silver', At ResourceLocation: JsonObject; At Ingredient: Unknown item 'spartanweaponry:boomerang_steel', At ResourceLocation: JsonObject; At Ingredient: Unknown item 'spartanweaponry:boomerang_bronze', At ResourceLocation: JsonObject; At Ingredient: Unknown item 'spartanweaponry:boomerang_tin', At ResourceLocation: JsonObject; At Ingredient: Unknown item 'spartanweaponry:boomerang_copper', At ResourceLocation: JsonObject; At Ingredient: Unknown item 'spartanweaponry:boomerang_netherite', At ResourceLocation: JsonObject; At Ingredient: Unknown item 'spartanweaponry:boomerang_diamond', At ResourceLocation: JsonObject; At Ingredient: Unknown item 'spartanweaponry:boomerang_gold', At ResourceLocation: JsonObject; At Ingredient: Unknown item 'spartanweaponry:boomerang_iron', At ResourceLocation: JsonObject; At Ingredient: Unknown item 'spartanweaponry:boomerang_stone', At ResourceLocation: JsonObject; At Ingredient: Unknown item 'spartanweaponry:boomerang_wood', At ResourceLocation: JsonObject; At Ingredient: Unknown item 'spartanweaponry:heavy_crossbow_lead', At ResourceLocation: JsonObject; At Ingredient: Unknown item 'spartanweaponry:heavy_crossbow_nickel', At ResourceLocation: JsonObject; At Ingredient: Unknown item 'spartanweaponry:heavy_crossbow_electrum', At ResourceLocation: JsonObject; At Ingredient: Unknown item 'spartanweaponry:heavy_crossbow_platinum', At ResourceLocation: JsonObject; At Ingredient: Unknown item 'spartanweaponry:heavy_crossbow_invar', At ResourceLocation: JsonObject; At Ingredient: Unknown item 'spartanweaponry:heavy_crossbow_silver', At ResourceLocation: JsonObject; At Ingredient: Unknown item 'spartanweaponry:heavy_crossbow_steel', At ResourceLocation: JsonObject; At Ingredient: Unknown item 'spartanweaponry:heavy_crossbow_bronze', At ResourceLocation: JsonObject; At Ingredient: Unknown item 'spartanweaponry:heavy_crossbow_tin', At ResourceLocation: JsonObject; At Ingredient: Unknown item 'spartanweaponry:heavy_crossbow_copper', At ResourceLocation: JsonObject; At Ingredient: Unknown item 'spartanweaponry:heavy_crossbow_netherite', At ResourceLocation: JsonObject; At Ingredient: Unknown item 'spartanweaponry:heavy_crossbow_diamond', At ResourceLocation: JsonObject; At Ingredient: Unknown item 'spartanweaponry:heavy_crossbow_gold', At ResourceLocation: JsonObject; At Ingredient: Unknown item 'spartanweaponry:heavy_crossbow_iron', At ResourceLocation: JsonObject; At Ingredient: Unknown item 'spartanweaponry:heavy_crossbow_leather', At ResourceLocation: JsonObject; At Ingredient: Unknown item 'spartanweaponry:heavy_crossbow_wood', At ResourceLocation: JsonObject; At Ingredient: Unknown item 'spartanweaponry:longbow_lead', At ResourceLocation: JsonObject; At Ingredient: Unknown item 'spartanweaponry:longbow_nickel', At ResourceLocation: JsonObject; At Ingredient: Unknown item 'spartanweaponry:longbow_electrum', At ResourceLocation: JsonObject; At Ingredient: Unknown item 'spartanweaponry:longbow_platinum', At ResourceLocation: JsonObject; At Ingredient: Unknown item 'spartanweaponry:longbow_invar', At ResourceLocation: JsonObject; At Ingredient: Unknown item 'spartanweaponry:longbow_silver', At ResourceLocation: JsonObject; At Ingredient: Unknown item 'spartanweaponry:longbow_steel', At ResourceLocation: JsonObject; At Ingredient: Unknown item 'spartanweaponry:longbow_bronze', At ResourceLocation: JsonObject; At Ingredient: Unknown item 'spartanweaponry:longbow_tin', At ResourceLocation: JsonObject; At Ingredient: Unknown item 'spartanweaponry:longbow_copper', At ResourceLocation: JsonObject; At Ingredient: Unknown item 'spartanweaponry:longbow_netherite', At ResourceLocation: JsonObject; At Ingredient: Unknown item 'spartanweaponry:longbow_diamond', At ResourceLocation: JsonObject; At Ingredient: Unknown item 'spartanweaponry:longbow_gold', At ResourceLocation: JsonObject; At Ingredient: Unknown item 'spartanweaponry:longbow_iron', At ResourceLocation: JsonObject; At Ingredient: Unknown item 'spartanweaponry:longbow_leather', At ResourceLocation: JsonObject; At Ingredient: Unknown item 'spartanweaponry:longbow_wood', At ResourceLocation: JsonObject, At ResourceLocation: JsonObject
[26Oct2025 04:41:29.032] [main/WARN] [io.github.apace100.apoli.Apoli/]: Power "medievalorigins:werewolf/silver_aversion_werewolf_iceandfire" will only be partially loaded: At Ingredient: Unknown item 'iceandfire:armor_silver_metal_boots', At ResourceLocation: JsonObject, At ResourceLocation: JsonObject; At Ingredient: Unknown item 'iceandfire:armor_silver_metal_leggings', At ResourceLocation: JsonObject, At ResourceLocation: JsonObject; At Ingredient: Unknown item 'iceandfire:armor_silver_metal_chestplate', At ResourceLocation: JsonObject, At ResourceLocation: JsonObject; At Ingredient: Unknown item 'iceandfire:armor_silver_metal_helmets', At ResourceLocation: JsonObject, At ResourceLocation: JsonObject
[26Oct2025 04:41:29.048] [main/WARN] [io.github.apace100.apoli.Apoli/]: Power "medievalorigins:knight/skilled_swordsman_iceandfire" will only be partially loaded: At Ingredient: Unknown item 'iceandfire:ghost_sword', At ResourceLocation: JsonObject; At Ingredient: Unknown item 'iceandfire:dread_queen_sword', At ResourceLocation: JsonObject; At Ingredient: Unknown item 'iceandfire:dread_kinght_sword', At ResourceLocation: JsonObject; At Ingredient: Unknown item 'iceandfire:dread_sword', At ResourceLocation: JsonObject; At Ingredient: Unknown item 'iceandfire:dragonsteel_lightning_sword', At ResourceLocation: JsonObject; At Ingredient: Unknown item 'iceandfire:dragonsteel_ice_sword', At ResourceLocation: JsonObject; At Ingredient: Unknown item 'iceandfire:dragonsteel_fire_sword', At ResourceLocation: JsonObject; At Ingredient: Unknown item 'iceandfire:myrmex_jungle_sword_venom', At ResourceLocation: JsonObject; At Ingredient: Unknown item 'iceandfire:myrmex_jungle_sword', At ResourceLocation: JsonObject; At Ingredient: Unknown item 'iceandfire:myrmex_desert_sword_venom', At ResourceLocation: JsonObject; At Ingredient: Unknown item 'iceandfire:myrmex_desert_sword', At ResourceLocation: JsonObject; At Ingredient: Unknown item 'iceandfire:hippogryph_sword', At ResourceLocation: JsonObject; At Ingredient: Unknown item 'iceandfire:dragonbone_sword_ice', At ResourceLocation: JsonObject; At Ingredient: Unknown item 'iceandfire:dragonbone_sword_fire', At ResourceLocation: JsonObject; At Ingredient: Unknown item 'iceandfire:dragonbone_sword', At ResourceLocation: JsonObject; At Ingredient: Unknown item 'iceandfire:copper_sword', At ResourceLocation: JsonObject; At Ingredient: Unknown item 'iceandfire:silver_sword', At ResourceLocation: JsonObject, At ResourceLocation: JsonObject
[26Oct2025 04:41:29.059] [main/WARN] [io.github.apace100.apoli.Apoli/]: Power "medievalorigins:paladin/holy_instruments_iceandfire" will only be partially loaded: At Ingredient: Unknown item 'iceandfire:troll_weapon_axe', At ResourceLocation: JsonObject; At Ingredient: Unknown item 'iceandfire:dragonsteel_lightning_axe', At ResourceLocation: JsonObject; At Ingredient: Unknown item 'iceandfire:dragonsteel_cold_axe', At ResourceLocation: JsonObject; At Ingredient: Unknown item 'iceandfire:dragonsteel_fire_axe', At ResourceLocation: JsonObject; At Ingredient: Unknown item 'iceandfire:myrmex_jungle_axe', At ResourceLocation: JsonObject; At Ingredient: Unknown item 'iceandfire:myrmex_desert_axe', At ResourceLocation: JsonObject; At Ingredient: Unknown item 'iceandfire:dragonbone_axe', At ResourceLocation: JsonObject; At Ingredient: Unknown item 'iceandfire:copper_axe', At ResourceLocation: JsonObject; At Ingredient: Unknown item 'iceandfire:silver_axe', At ResourceLocation: JsonObject, At ResourceLocation: JsonObject
[26Oct2025 04:41:29.087] [main/WARN] [io.github.apace100.apoli.Apoli/]: Power "medievalorigins:paladin/holy_instruments_spartanweaponry" will only be partially loaded: At Ingredient: Unknown item 'spartanweaponry:battleaxe_lead', At ResourceLocation: JsonObject; At Ingredient: Unknown item 'spartanweaponry:battleaxe_nickel', At ResourceLocation: JsonObject; At Ingredient: Unknown item 'spartanweaponry:battleaxe_electrum', At ResourceLocation: JsonObject; At Ingredient: Unknown item 'spartanweaponry:battleaxe_platinum', At ResourceLocation: JsonObject; At Ingredient: Unknown item 'spartanweaponry:battleaxe_invar', At ResourceLocation: JsonObject; At Ingredient: Unknown item 'spartanweaponry:battleaxe_silver', At ResourceLocation: JsonObject; At Ingredient: Unknown item 'spartanweaponry:battleaxe_steel', At ResourceLocation: JsonObject; At Ingredient: Unknown item 'spartanweaponry:battleaxe_bronze', At ResourceLocation: JsonObject; At Ingredient: Unknown item 'spartanweaponry:battleaxe_tin', At ResourceLocation: JsonObject; At Ingredient: Unknown item 'spartanweaponry:battleaxe_copper', At ResourceLocation: JsonObject; At Ingredient: Unknown item 'spartanweaponry:battleaxe_netherite', At ResourceLocation: JsonObject; At Ingredient: Unknown item 'spartanweaponry:battleaxe_diamond', At ResourceLocation: JsonObject; At Ingredient: Unknown item 'spartanweaponry:battleaxe_gold', At ResourceLocation: JsonObject; At Ingredient: Unknown item 'spartanweaponry:battleaxe_iron', At ResourceLocation: JsonObject; At Ingredient: Unknown item 'spartanweaponry:battleaxe_stone', At ResourceLocation: JsonObject; At Ingredient: Unknown item 'spartanweaponry:battleaxe_wood', At ResourceLocation: JsonObject; At Ingredient: Unknown item 'spartanweaponry:tomahawk_lead', At ResourceLocation: JsonObject; At Ingredient: Unknown item 'spartanweaponry:tomahawk_nickel', At ResourceLocation: JsonObject; At Ingredient: Unknown item 'spartanweaponry:tomahawk_electrum', At ResourceLocation: JsonObject; At Ingredient: Unknown item 'spartanweaponry:tomahawk_platinum', At ResourceLocation: JsonObject; At Ingredient: Unknown item 'spartanweaponry:tomahawk_invar', At ResourceLocation: JsonObject; At Ingredient: Unknown item 'spartanweaponry:tomahawk_silver', At ResourceLocation: JsonObject; At Ingredient: Unknown item 'spartanweaponry:tomahawk_steel', At ResourceLocation: JsonObject; At Ingredient: Unknown item 'spartanweaponry:tomahawk_bronze', At ResourceLocation: JsonObject; At Ingredient: Unknown item 'spartanweaponry:tomahawk_tin', At ResourceLocation: JsonObject; At Ingredient: Unknown item 'spartanweaponry:tomahawk_copper', At ResourceLocation: JsonObject; At Ingredient: Unknown item 'spartanweaponry:tomahawk_netherite', At ResourceLocation: JsonObject; At Ingredient: Unknown item 'spartanweaponry:tomahawk_diamond', At ResourceLocation: JsonObject; At Ingredient: Unknown item 'spartanweaponry:tomahawk_gold', At ResourceLocation: JsonObject; At Ingredient: Unknown item 'spartanweaponry:tomahawk_iron', At ResourceLocation: JsonObject; At Ingredient: Unknown item 'spartanweaponry:tomahawk_stone', At ResourceLocation: JsonObject; At Ingredient: Unknown item 'spartanweaponry:tomahawk_wood', At ResourceLocation: JsonObject; At Ingredient: Unknown item 'spartanweaponry:halberd_lead', At ResourceLocation: JsonObject; At Ingredient: Unknown item 'spartanweaponry:halberd_nickel', At ResourceLocation: JsonObject; At Ingredient: Unknown item 'spartanweaponry:halberd_electrum', At ResourceLocation: JsonObject; At Ingredient: Unknown item 'spartanweaponry:halberd_platinum', At ResourceLocation: JsonObject; At Ingredient: Unknown item 'spartanweaponry:halberd_invar', At ResourceLocation: JsonObject; At Ingredient: Unknown item 'spartanweaponry:halberd_silver', At ResourceLocation: JsonObject; At Ingredient: Unknown item 'spartanweaponry:halberd_steel', At ResourceLocation: JsonObject; At Ingredient: Unknown item 'spartanweaponry:halberd_bronze', At ResourceLocation: JsonObject; At Ingredient: Unknown item 'spartanweaponry:halberd_tin', At ResourceLocation: JsonObject; At Ingredient: Unknown item 'spartanweaponry:halberd_copper', At ResourceLocation: JsonObject; At Ingredient: Unknown item 'spartanweaponry:halberd_netherite', At ResourceLocation: JsonObject; At Ingredient: Unknown item 'spartanweaponry:halberd_diamond', At ResourceLocation: JsonObject; At Ingredient: Unknown item 'spartanweaponry:halberd_gold', At ResourceLocation: JsonObject; At Ingredient: Unknown item 'spartanweaponry:halberd_iron', At ResourceLocation: JsonObject; At Ingredient: Unknown item 'spartanweaponry:halberd_stone', At ResourceLocation: JsonObject; At Ingredient: Unknown item 'spartanweaponry:halberd_wood', At ResourceLocation: JsonObject, At ResourceLocation: JsonObject
[26Oct2025 04:41:29.187] [main/WARN] [io.github.apace100.apoli.Apoli/]: Power "arkwys:woodelf/weak_melee_spartanweaponry" will only be partially loaded: At Ingredient: Unknown item 'spartanweaponry:greatsword_lead', At ResourceLocation: JsonObject; At Ingredient: Unknown item 'spartanweaponry:greatsword_nickel', At ResourceLocation: JsonObject; At Ingredient: Unknown item 'spartanweaponry:greatsword_electrum', At ResourceLocation: JsonObject; At Ingredient: Unknown item 'spartanweaponry:greatsword_platinum', At ResourceLocation: JsonObject; At Ingredient: Unknown item 'spartanweaponry:greatsword_invar', At ResourceLocation: JsonObject; At Ingredient: Unknown item 'spartanweaponry:greatsword_silver', At ResourceLocation: JsonObject; At Ingredient: Unknown item 'spartanweaponry:greatsword_steel', At ResourceLocation: JsonObject; At Ingredient: Unknown item 'spartanweaponry:greatsword_bronze', At ResourceLocation: JsonObject; At Ingredient: Unknown item 'spartanweaponry:greatsword_tin', At ResourceLocation: JsonObject; At Ingredient: Unknown item 'spartanweaponry:greatsword_copper', At ResourceLocation: JsonObject; At Ingredient: Unknown item 'spartanweaponry:greatsword_netherite', At ResourceLocation: JsonObject; At Ingredient: Unknown item 'spartanweaponry:greatsword_diamond', At ResourceLocation: JsonObject; At Ingredient: Unknown item 'spartanweaponry:greatsword_gold', At ResourceLocation: JsonObject; At Ingredient: Unknown item 'spartanweaponry:greatsword_iron', At ResourceLocation: JsonObject; At Ingredient: Unknown item 'spartanweaponry:greatsword_stone', At ResourceLocation: JsonObject; At Ingredient: Unknown item 'spartanweaponry:greatsword_wood', At ResourceLocation: JsonObject; At Ingredient: Unknown item 'spartanweaponry:rapier_lead', At ResourceLocation: JsonObject; At Ingredient: Unknown item 'spartanweaponry:rapier_nickel', At ResourceLocation: JsonObject; At Ingredient: Unknown item 'spartanweaponry:rapier_electrum', At ResourceLocation: JsonObject; At Ingredient: Unknown item 'spartanweaponry:rapier_platinum', At ResourceLocation: JsonObject; At Ingredient: Unknown item 'spartanweaponry:rapier_invar', At ResourceLocation: JsonObject; At Ingredient: Unknown item 'spartanweaponry:rapier_silver', At ResourceLocation: JsonObject; At Ingredient: Unknown item 'spartanweaponry:rapier_steel', At ResourceLocation: JsonObject; At Ingredient: Unknown item 'spartanweaponry:rapier_bronze', At ResourceLocation: JsonObject; At Ingredient: Unknown item 'spartanweaponry:rapier_tin', At ResourceLocation: JsonObject; At Ingredient: Unknown item 'spartanweaponry:rapier_copper', At ResourceLocation: JsonObject; At Ingredient: Unknown item 'spartanweaponry:rapier_netherite', At ResourceLocation: JsonObject; At Ingredient: Unknown item 'spartanweaponry:rapier_diamond', At ResourceLocation: JsonObject; At Ingredient: Unknown item 'spartanweaponry:rapier_gold', At ResourceLocation: JsonObject; At Ingredient: Unknown item 'spartanweaponry:rapier_iron', At ResourceLocation: JsonObject; At Ingredient: Unknown item 'spartanweaponry:rapier_stone', At ResourceLocation: JsonObject; At Ingredient: Unknown item 'spartanweaponry:rapier_wood', At ResourceLocation: JsonObject; At Ingredient: Unknown item 'spartanweaponry:saber_lead', At ResourceLocation: JsonObject; At Ingredient: Unknown item 'spartanweaponry:saber_nickel', At ResourceLocation: JsonObject; At Ingredient: Unknown item 'spartanweaponry:saber_electrum', At ResourceLocation: JsonObject; At Ingredient: Unknown item 'spartanweaponry:saber_platinum', At ResourceLocation: JsonObject; At Ingredient: Unknown item 'spartanweaponry:saber_invar', At ResourceLocation: JsonObject; At Ingredient: Unknown item 'spartanweaponry:saber_silver', At ResourceLocation: JsonObject; At Ingredient: Unknown item 'spartanweaponry:saber_steel', At ResourceLocation: JsonObject; At Ingredient: Unknown item 'spartanweaponry:saber_bronze', At ResourceLocation: JsonObject; At Ingredient: Unknown item 'spartanweaponry:saber_tin', At ResourceLocation: JsonObject; At Ingredient: Unknown item 'spartanweaponry:saber_copper', At ResourceLocation: JsonObject; At Ingredient: Unknown item 'spartanweaponry:saber_netherite', At ResourceLocation: JsonObject; At Ingredient: Unknown item 'spartanweaponry:saber_diamond', At ResourceLocation: JsonObject; At Ingredient: Unknown item 'spartanweaponry:saber_gold', At ResourceLocation: JsonObject; At Ingredient: Unknown item 'spartanweaponry:saber_iron', At ResourceLocation: JsonObject; At Ingredient: Unknown item 'spartanweaponry:saber_stone', At ResourceLocation: JsonObject; At Ingredient: Unknown item 'spartanweaponry:saber_wood', At ResourceLocation: JsonObject; At Ingredient: Unknown item 'spartanweaponry:katana_lead', At ResourceLocation: JsonObject; At Ingredient: Unknown item 'spartanweaponry:katana_nickel', At ResourceLocation: JsonObject; At Ingredient: Unknown item 'spartanweaponry:katana_electrum', At ResourceLocation: JsonObject; At Ingredient: Unknown item 'spartanweaponry:katana_platinum', At ResourceLocation: JsonObject; At Ingredient: Unknown item 'spartanweaponry:katana_invar', At ResourceLocation: JsonObject; At Ingredient: Unknown item 'spartanweaponry:katana_silver', At ResourceLocation: JsonObject; At Ingredient: Unknown item 'spartanweaponry:katana_steel', At ResourceLocation: JsonObject; At Ingredient: Unknown item 'spartanweaponry:katana_bronze', At ResourceLocation: JsonObject; At Ingredient: Unknown item 'spartanweaponry:katana_tin', At ResourceLocation: JsonObject; At Ingredient: Unknown item 'spartanweaponry:katana_copper', At ResourceLocation: JsonObject; At Ingredient: Unknown item 'spartanweaponry:katana_netherite', At ResourceLocation: JsonObject; At Ingredient: Unknown item 'spartanweaponry:katana_diamond', At ResourceLocation: JsonObject; At Ingredient: Unknown item 'spartanweaponry:katana_gold', At ResourceLocation: JsonObject; At Ingredient: Unknown item 'spartanweaponry:katana_iron', At ResourceLocation: JsonObject; At Ingredient: Unknown item 'spartanweaponry:katana_stone', At ResourceLocation: JsonObject; At Ingredient: Unknown item 'spartanweaponry:katana_wood', At ResourceLocation: JsonObject; At Ingredient: Unknown item 'spartanweaponry:longsword_lead', At ResourceLocation: JsonObject; At Ingredient: Unknown item 'spartanweaponry:longsword_nickel', At ResourceLocation: JsonObject; At Ingredient: Unknown item 'spartanweaponry:longsword_electrum', At ResourceLocation: JsonObject; At Ingredient: Unknown item 'spartanweaponry:longsword_platinum', At ResourceLocation: JsonObject; At Ingredient: Unknown item 'spartanweaponry:longsword_invar', At ResourceLocation: JsonObject; At Ingredient: Unknown item 'spartanweaponry:longsword_silver', At ResourceLocation: JsonObject; At Ingredient: Unknown item 'spartanweaponry:longsword_steel', At ResourceLocation: JsonObject; At Ingredient: Unknown item 'spartanweaponry:longsword_bronze', At ResourceLocation: JsonObject; At Ingredient: Unknown item 'spartanweaponry:longsword_tin', At ResourceLocation: JsonObject; At Ingredient: Unknown item 'spartanweaponry:longsword_copper', At ResourceLocation: JsonObject; At Ingredient: Unknown item 'spartanweaponry:longsword_netherite', At ResourceLocation: JsonObject; At Ingredient: Unknown item 'spartanweaponry:longsword_diamond', At ResourceLocation: JsonObject; At Ingredient: Unknown item 'spartanweaponry:longsword_gold', At ResourceLocation: JsonObject; At Ingredient: Unknown item 'spartanweaponry:longsword_iron', At ResourceLocation: JsonObject; At Ingredient: Unknown item 'spartanweaponry:longsword_stone', At ResourceLocation: JsonObject; At Ingredient: Unknown item 'spartanweaponry:longsword_wood', At ResourceLocation: JsonObject; At Ingredient: Unknown item 'spartanweaponry:quarterstaff_lead', At ResourceLocation: JsonObject; At Ingredient: Unknown item 'spartanweaponry:quarterstaff_nickel', At ResourceLocation: JsonObject; At Ingredient: Unknown item 'spartanweaponry:quarterstaff_electrum', At ResourceLocation: JsonObject; At Ingredient: Unknown item 'spartanweaponry:quarterstaff_platinum', At ResourceLocation: JsonObject; At Ingredient: Unknown item 'spartanweaponry:quarterstaff_invar', At ResourceLocation: JsonObject; At Ingredient: Unknown item 'spartanweaponry:quarterstaff_silver', At ResourceLocation: JsonObject; At Ingredient: Unknown item 'spartanweaponry:quarterstaff_steel', At ResourceLocation: JsonObject; At Ingredient: Unknown item 'spartanweaponry:quarterstaff_bronze', At ResourceLocation: JsonObject; At Ingredient: Unknown item 'spartanweaponry:quarterstaff_tin', At ResourceLocation: JsonObject; At Ingredient: Unknown item 'spartanweaponry:quarterstaff_copper', At ResourceLocation: JsonObject; At Ingredient: Unknown item 'spartanweaponry:quarterstaff_netherite', At ResourceLocation: JsonObject; At Ingredient: Unknown item 'spartanweaponry:quarterstaff_diamond', At ResourceLocation: JsonObject; At Ingredient: Unknown item 'spartanweaponry:quarterstaff_gold', At ResourceLocation: JsonObject; At Ingredient: Unknown item 'spartanweaponry:quarterstaff_iron', At ResourceLocation: JsonObject; At Ingredient: Unknown item 'spartanweaponry:quarterstaff_stone', At ResourceLocation: JsonObject; At Ingredient: Unknown item 'spartanweaponry:quarterstaff_wood', At ResourceLocation: JsonObject; At Ingredient: Unknown item 'spartanweaponry:glaive_lead', At ResourceLocation: JsonObject; At Ingredient: Unknown item 'spartanweaponry:glaive_nickel', At ResourceLocation: JsonObject; At Ingredient: Unknown item 'spartanweaponry:glaive_electrum', At ResourceLocation: JsonObject; At Ingredient: Unknown item 'spartanweaponry:glaive_platinum', At ResourceLocation: JsonObject; At Ingredient: Unknown item 'spartanweaponry:glaive_invar', At ResourceLocation: JsonObject; At Ingredient: Unknown item 'spartanweaponry:glaive_silver', At ResourceLocation: JsonObject; At Ingredient: Unknown item 'spartanweaponry:glaive_steel', At ResourceLocation: JsonObject; At Ingredient: Unknown item 'spartanweaponry:glaive_bronze', At ResourceLocation: JsonObject; At Ingredient: Unknown item 'spartanweaponry:glaive_tin', At ResourceLocation: JsonObject; At Ingredient: Unknown item 'spartanweaponry:glaive_copper', At ResourceLocation: JsonObject; At Ingredient: Unknown item 'spartanweaponry:glaive_netherite', At ResourceLocation: JsonObject; At Ingredient: Unknown item 'spartanweaponry:glaive_diamond', At ResourceLocation: JsonObject; At Ingredient: Unknown item 'spartanweaponry:glaive_gold', At ResourceLocation: JsonObject; At Ingredient: Unknown item 'spartanweaponry:glaive_iron', At ResourceLocation: JsonObject; At Ingredient: Unknown item 'spartanweaponry:glaive_stone', At ResourceLocation: JsonObject; At Ingredient: Unknown item 'spartanweaponry:glaive_wood', At ResourceLocation: JsonObject; At Ingredient: Unknown item 'spartanweaponry:flanged_mace_lead', At ResourceLocation: JsonObject; At Ingredient: Unknown item 'spartanweaponry:flanged_mace_nickel', At ResourceLocation: JsonObject; At Ingredient: Unknown item 'spartanweaponry:flanged_mace_electrum', At ResourceLocation: JsonObject; At Ingredient: Unknown item 'spartanweaponry:flanged_mace_platinum', At ResourceLocation: JsonObject; At Ingredient: Unknown item 'spartanweaponry:flanged_mace_invar', At ResourceLocation: JsonObject; At Ingredient: Unknown item 'spartanweaponry:flanged_mace_silver', At ResourceLocation: JsonObject; At Ingredient: Unknown item 'spartanweaponry:flanged_mace_steel', At ResourceLocation: JsonObject; At Ingredient: Unknown item 'spartanweaponry:flanged_mace_bronze', At ResourceLocation: JsonObject; At Ingredient: Unknown item 'spartanweaponry:flanged_mace_tin', At ResourceLocation: JsonObject; At Ingredient: Unknown item 'spartanweaponry:flanged_mace_copper', At ResourceLocation: JsonObject; At Ingredient: Unknown item 'spartanweaponry:flanged_mace_netherite', At ResourceLocation: JsonObject; At Ingredient: Unknown item 'spartanweaponry:flanged_mace_diamond', At ResourceLocation: JsonObject; At Ingredient: Unknown item 'spartanweaponry:flanged_mace_gold', At ResourceLocation: JsonObject; At Ingredient: Unknown item 'spartanweaponry:flanged_mace_iron', At ResourceLocation: JsonObject; At Ingredient: Unknown item 'spartanweaponry:flanged_mace_stone', At ResourceLocation: JsonObject; At Ingredient: Unknown item 'spartanweaponry:flanged_mace_wood', At ResourceLocation: JsonObject; At Ingredient: Unknown item 'spartanweaponry:battleaxe_lead', At ResourceLocation: JsonObject; At Ingredient: Unknown item 'spartanweaponry:battleaxe_nickel', At ResourceLocation: JsonObject; At Ingredient: Unknown item 'spartanweaponry:battleaxe_electrum', At ResourceLocation: JsonObject; At Ingredient: Unknown item 'spartanweaponry:battleaxe_platinum', At ResourceLocation: JsonObject; At Ingredient: Unknown item 'spartanweaponry:battleaxe_invar', At ResourceLocation: JsonObject; At Ingredient: Unknown item 'spartanweaponry:battleaxe_silver', At ResourceLocation: JsonObject; At Ingredient: Unknown item 'spartanweaponry:battleaxe_steel', At ResourceLocation: JsonObject; At Ingredient: Unknown item 'spartanweaponry:battleaxe_bronze', At ResourceLocation: JsonObject; At Ingredient: Unknown item 'spartanweaponry:battleaxe_tin', At ResourceLocation: JsonObject; At Ingredient: Unknown item 'spartanweaponry:battleaxe_copper', At ResourceLocation: JsonObject; At Ingredient: Unknown item 'spartanweaponry:battleaxe_netherite', At ResourceLocation: JsonObject; At Ingredient: Unknown item 'spartanweaponry:battleaxe_diamond', At ResourceLocation: JsonObject; At Ingredient: Unknown item 'spartanweaponry:battleaxe_gold', At ResourceLocation: JsonObject; At Ingredient: Unknown item 'spartanweaponry:battleaxe_iron', At ResourceLocation: JsonObject; At Ingredient: Unknown item 'spartanweaponry:battleaxe_stone', At ResourceLocation: JsonObject; At Ingredient: Unknown item 'spartanweaponry:battleaxe_wood', At ResourceLocation: JsonObject; At Ingredient: Unknown item 'spartanweaponry:javelin_lead', At ResourceLocation: JsonObject; At Ingredient: Unknown item 'spartanweaponry:javelin_nickel', At ResourceLocation: JsonObject; At Ingredient: Unknown item 'spartanweaponry:javelin_electrum', At ResourceLocation: JsonObject; At Ingredient: Unknown item 'spartanweaponry:javelin_platinum', At ResourceLocation: JsonObject; At Ingredient: Unknown item 'spartanweaponry:javelin_invar', At ResourceLocation: JsonObject; At Ingredient: Unknown item 'spartanweaponry:javelin_silver', At ResourceLocation: JsonObject; At Ingredient: Unknown item 'spartanweaponry:javelin_steel', At ResourceLocation: JsonObject; At Ingredient: Unknown item 'spartanweaponry:javelin_bronze', At ResourceLocation: JsonObject; At Ingredient: Unknown item 'spartanweaponry:javelin_tin', At ResourceLocation: JsonObject; At Ingredient: Unknown item 'spartanweaponry:javelin_copper', At ResourceLocation: JsonObject; At Ingredient: Unknown item 'spartanweaponry:javelin_netherite', At ResourceLocation: JsonObject; At Ingredient: Unknown item 'spartanweaponry:javelin_diamond', At ResourceLocation: JsonObject; At Ingredient: Unknown item 'spartanweaponry:javelin_gold', At ResourceLocation: JsonObject; At Ingredient: Unknown item 'spartanweaponry:javelin_iron', At ResourceLocation: JsonObject; At Ingredient: Unknown item 'spartanweaponry:javelin_stone', At ResourceLocation: JsonObject; At Ingredient: Unknown item 'spartanweaponry:javelin_wood', At ResourceLocation: JsonObject; At Ingredient: Unknown item 'spartanweaponry:tomahawk_lead', At ResourceLocation: JsonObject; At Ingredient: Unknown item 'spartanweaponry:tomahawk_nickel', At ResourceLocation: JsonObject; At Ingredient: Unknown item 'spartanweaponry:tomahawk_electrum', At ResourceLocation: JsonObject; At Ingredient: Unknown item 'spartanweaponry:tomahawk_platinum', At ResourceLocation: JsonObject; At Ingredient: Unknown item 'spartanweaponry:tomahawk_invar', At ResourceLocation: JsonObject; At Ingredient: Unknown item 'spartanweaponry:tomahawk_silver', At ResourceLocation: JsonObject; At Ingredient: Unknown item 'spartanweaponry:tomahawk_steel', At ResourceLocation: JsonObject; At Ingredient: Unknown item 'spartanweaponry:tomahawk_bronze', At ResourceLocation: JsonObject; At Ingredient: Unknown item 'spartanweaponry:tomahawk_tin', At ResourceLocation: JsonObject; At Ingredient: Unknown item 'spartanweaponry:tomahawk_copper', At ResourceLocation: JsonObject; At Ingredient: Unknown item 'spartanweaponry:tomahawk_netherite', At ResourceLocation: JsonObject; At Ingredient: Unknown item 'spartanweaponry:tomahawk_diamond', At ResourceLocation: JsonObject; At Ingredient: Unknown item 'spartanweaponry:tomahawk_gold', At ResourceLocation: JsonObject; At Ingredient: Unknown item 'spartanweaponry:tomahawk_iron', At ResourceLocation: JsonObject; At Ingredient: Unknown item 'spartanweaponry:tomahawk_stone', At ResourceLocation: JsonObject; At Ingredient: Unknown item 'spartanweaponry:tomahawk_wood', At ResourceLocation: JsonObject; At Ingredient: Unknown item 'spartanweaponry:throwing_knife_lead', At ResourceLocation: JsonObject; At Ingredient: Unknown item 'spartanweaponry:throwing_knife_nickel', At ResourceLocation: JsonObject; At Ingredient: Unknown item 'spartanweaponry:throwing_knife_electrum', At ResourceLocation: JsonObject; At Ingredient: Unknown item 'spartanweaponry:throwing_knife_platinum', At ResourceLocation: JsonObject; At Ingredient: Unknown item 'spartanweaponry:throwing_knife_invar', At ResourceLocation: JsonObject; At Ingredient: Unknown item 'spartanweaponry:throwing_knife_silver', At ResourceLocation: JsonObject; At Ingredient: Unknown item 'spartanweaponry:throwing_knife_steel', At ResourceLocation: JsonObject; At Ingredient: Unknown item 'spartanweaponry:throwing_knife_bronze', At ResourceLocation: JsonObject; At Ingredient: Unknown item 'spartanweaponry:throwing_knife_tin', At ResourceLocation: JsonObject; At Ingredient: Unknown item 'spartanweaponry:throwing_knife_copper', At ResourceLocation: JsonObject; At Ingredient: Unknown item 'spartanweaponry:throwing_knife_netherite', At ResourceLocation: JsonObject; At Ingredient: Unknown item 'spartanweaponry:throwing_knife_diamond', At ResourceLocation: JsonObject; At Ingredient: Unknown item 'spartanweaponry:throwing_knife_gold', At ResourceLocation: JsonObject; At Ingredient: Unknown item 'spartanweaponry:throwing_knife_iron', At ResourceLocation: JsonObject; At Ingredient: Unknown item 'spartanweaponry:throwing_knife_stone', At ResourceLocation: JsonObject; At Ingredient: Unknown item 'spartanweaponry:throwing_knife_wood', At ResourceLocation: JsonObject; At Ingredient: Unknown item 'spartanweaponry:lance_lead', At ResourceLocation: JsonObject; At Ingredient: Unknown item 'spartanweaponry:lance_nickel', At ResourceLocation: JsonObject; At Ingredient: Unknown item 'spartanweaponry:lance_electrum', At ResourceLocation: JsonObject; At Ingredient: Unknown item 'spartanweaponry:lance_platinum', At ResourceLocation: JsonObject; At Ingredient: Unknown item 'spartanweaponry:lance_invar', At ResourceLocation: JsonObject; At Ingredient: Unknown item 'spartanweaponry:lance_silver', At ResourceLocation: JsonObject; At Ingredient: Unknown item 'spartanweaponry:lance_steel', At ResourceLocation: JsonObject; At Ingredient: Unknown item 'spartanweaponry:lance_bronze', At ResourceLocation: JsonObject; At Ingredient: Unknown item 'spartanweaponry:lance_tin', At ResourceLocation: JsonObject; At Ingredient: Unknown item 'spartanweaponry:lance_copper', At ResourceLocation: JsonObject; At Ingredient: Unknown item 'spartanweaponry:lance_netherite', At ResourceLocation: JsonObject; At Ingredient: Unknown item 'spartanweaponry:lance_diamond', At ResourceLocation: JsonObject; At Ingredient: Unknown item 'spartanweaponry:lance_gold', At ResourceLocation: JsonObject; At Ingredient: Unknown item 'spartanweaponry:lance_iron', At ResourceLocation: JsonObject; At Ingredient: Unknown item 'spartanweaponry:lance_stone', At ResourceLocation: JsonObject; At Ingredient: Unknown item 'spartanweaponry:lance_wood', At ResourceLocation: JsonObject; At Ingredient: Unknown item 'spartanweaponry:pike_lead', At ResourceLocation: JsonObject; At Ingredient: Unknown item 'spartanweaponry:pike_nickel', At ResourceLocation: JsonObject; At Ingredient: Unknown item 'spartanweaponry:pike_electrum', At ResourceLocation: JsonObject; At Ingredient: Unknown item 'spartanweaponry:pike_platinum', At ResourceLocation: JsonObject; At Ingredient: Unknown item 'spartanweaponry:pike_invar', At ResourceLocation: JsonObject; At Ingredient: Unknown item 'spartanweaponry:pike_silver', At ResourceLocation: JsonObject; At Ingredient: Unknown item 'spartanweaponry:pike_steel', At ResourceLocation: JsonObject; At Ingredient: Unknown item 'spartanweaponry:pike_bronze', At ResourceLocation: JsonObject; At Ingredient: Unknown item 'spartanweaponry:pike_tin', At ResourceLocation: JsonObject; At Ingredient: Unknown item 'spartanweaponry:pike_copper', At ResourceLocation: JsonObject; At Ingredient: Unknown item 'spartanweaponry:pike_netherite', At ResourceLocation: JsonObject; At Ingredient: Unknown item 'spartanweaponry:pike_diamond', At ResourceLocation: JsonObject; At Ingredient: Unknown item 'spartanweaponry:pike_gold', At ResourceLocation: JsonObject; At Ingredient: Unknown item 'spartanweaponry:pike_iron', At ResourceLocation: JsonObject; At Ingredient: Unknown item 'spartanweaponry:pike_stone', At ResourceLocation: JsonObject; At Ingredient: Unknown item 'spartanweaponry:pike_wood', At ResourceLocation: JsonObject; At Ingredient: Unknown item 'spartanweaponry:halberd_lead', At ResourceLocation: JsonObject; At Ingredient: Unknown item 'spartanweaponry:halberd_nickel', At ResourceLocation: JsonObject; At Ingredient: Unknown item 'spartanweaponry:halberd_electrum', At ResourceLocation: JsonObject; At Ingredient: Unknown item 'spartanweaponry:halberd_platinum', At ResourceLocation: JsonObject; At Ingredient: Unknown item 'spartanweaponry:halberd_invar', At ResourceLocation: JsonObject; At Ingredient: Unknown item 'spartanweaponry:halberd_silver', At ResourceLocation: JsonObject; At Ingredient: Unknown item 'spartanweaponry:halberd_steel', At ResourceLocation: JsonObject; At Ingredient: Unknown item 'spartanweaponry:halberd_bronze', At ResourceLocation: JsonObject; At Ingredient: Unknown item 'spartanweaponry:halberd_tin', At ResourceLocation: JsonObject; At Ingredient: Unknown item 'spartanweaponry:halberd_copper', At ResourceLocation: JsonObject; At Ingredient: Unknown item 'spartanweaponry:halberd_netherite', At ResourceLocation: JsonObject; At Ingredient: Unknown item 'spartanweaponry:halberd_diamond', At ResourceLocation: JsonObject; At Ingredient: Unknown item 'spartanweaponry:halberd_gold', At ResourceLocation: JsonObject; At Ingredient: Unknown item 'spartanweaponry:halberd_iron', At ResourceLocation: JsonObject; At Ingredient: Unknown item 'spartanweaponry:halberd_stone', At ResourceLocation: JsonObject; At Ingredient: Unknown item 'spartanweaponry:halberd_wood', At ResourceLocation: JsonObject; At Ingredient: Unknown item 'spartanweaponry:spear_lead', At ResourceLocation: JsonObject; At Ingredient: Unknown item 'spartanweaponry:spear_nickel', At ResourceLocation: JsonObject; At Ingredient: Unknown item 'spartanweaponry:spear_electrum', At ResourceLocation: JsonObject; At Ingredient: Unknown item 'spartanweaponry:spear_platinum', At ResourceLocation: JsonObject; At Ingredient: Unknown item 'spartanweaponry:spear_invar', At ResourceLocation: JsonObject; At Ingredient: Unknown item 'spartanweaponry:spear_silver', At ResourceLocation: JsonObject; At Ingredient: Unknown item 'spartanweaponry:spear_steel', At ResourceLocation: JsonObject; At Ingredient: Unknown item 'spartanweaponry:spear_bronze', At ResourceLocation: JsonObject; At Ingredient: Unknown item 'spartanweaponry:spear_tin', At ResourceLocation: JsonObject; At Ingredient: Unknown item 'spartanweaponry:spear_copper', At ResourceLocation: JsonObject; At Ingredient: Unknown item 'spartanweaponry:spear_netherite', At ResourceLocation: JsonObject; At Ingredient: Unknown item 'spartanweaponry:spear_diamond', At ResourceLocation: JsonObject; At Ingredient: Unknown item 'spartanweaponry:spear_gold', At ResourceLocation: JsonObject; At Ingredient: Unknown item 'spartanweaponry:spear_iron', At ResourceLocation: JsonObject; At Ingredient: Unknown item 'spartanweaponry:spear_stone', At ResourceLocation: JsonObject; At Ingredient: Unknown item 'spartanweaponry:spear_wood', At ResourceLocation: JsonObject; At Ingredient: Unknown item 'spartanweaponry:warhammer_lead', At ResourceLocation: JsonObject; At Ingredient: Unknown item 'spartanweaponry:warhammer_nickel', At ResourceLocation: JsonObject; At Ingredient: Unknown item 'spartanweaponry:warhammer_electrum', At ResourceLocation: JsonObject; At Ingredient: Unknown item 'spartanweaponry:warhammer_platinum', At ResourceLocation: JsonObject; At Ingredient: Unknown item 'spartanweaponry:warhammer_invar', At ResourceLocation: JsonObject; At Ingredient: Unknown item 'spartanweaponry:warhammer_silver', At ResourceLocation: JsonObject; At Ingredient: Unknown item 'spartanweaponry:warhammer_steel', At ResourceLocation: JsonObject; At Ingredient: Unknown item 'spartanweaponry:warhammer_bronze', At ResourceLocation: JsonObject; At Ingredient: Unknown item 'spartanweaponry:warhammer_tin', At ResourceLocation: JsonObject; At Ingredient: Unknown item 'spartanweaponry:warhammer_copper', At ResourceLocation: JsonObject; At Ingredient: Unknown item 'spartanweaponry:warhammer_netherite', At ResourceLocation: JsonObject; At Ingredient: Unknown item 'spartanweaponry:warhammer_diamond', At ResourceLocation: JsonObject; At Ingredient: Unknown item 'spartanweaponry:warhammer_gold', At ResourceLocation: JsonObject; At Ingredient: Unknown item 'spartanweaponry:warhammer_iron', At ResourceLocation: JsonObject; At Ingredient: Unknown item 'spartanweaponry:warhammer_stone', At ResourceLocation: JsonObject; At Ingredient: Unknown item 'spartanweaponry:warhammer_wood', At ResourceLocation: JsonObject; At Ingredient: Unknown item 'spartanweaponry:hammer_lead', At ResourceLocation: JsonObject; At Ingredient: Unknown item 'spartanweaponry:hammer_nickel', At ResourceLocation: JsonObject; At Ingredient: Unknown item 'spartanweaponry:hammer_electrum', At ResourceLocation: JsonObject; At Ingredient: Unknown item 'spartanweaponry:hammer_platinum', At ResourceLocation: JsonObject; At Ingredient: Unknown item 'spartanweaponry:hammer_invar', At ResourceLocation: JsonObject; At Ingredient: Unknown item 'spartanweaponry:hammer_silver', At ResourceLocation: JsonObject; At Ingredient: Unknown item 'spartanweaponry:hammer_steel', At ResourceLocation: JsonObject; At Ingredient: Unknown item 'spartanweaponry:hammer_bronze', At ResourceLocation: JsonObject; At Ingredient: Unknown item 'spartanweaponry:hammer_tin', At ResourceLocation: JsonObject; At Ingredient: Unknown item 'spartanweaponry:hammer_copper', At ResourceLocation: JsonObject; At Ingredient: Unknown item 'spartanweaponry:hammer_netherite', At ResourceLocation: JsonObject; At Ingredient: Unknown item 'spartanweaponry:hammer_diamond', At ResourceLocation: JsonObject; At Ingredient: Unknown item 'spartanweaponry:hammer_gold', At ResourceLocation: JsonObject; At Ingredient: Unknown item 'spartanweaponry:hammer_iron', At ResourceLocation: JsonObject; At Ingredient: Unknown item 'spartanweaponry:hammer_stone', At ResourceLocation: JsonObject; At Ingredient: Unknown item 'spartanweaponry:hammer_wood', At ResourceLocation: JsonObject; At Ingredient: Unknown item 'spartanweaponry:dagger_lead', At ResourceLocation: JsonObject; At Ingredient: Unknown item 'spartanweaponry:dagger_nickel', At ResourceLocation: JsonObject; At Ingredient: Unknown item 'spartanweaponry:dagger_electrum', At ResourceLocation: JsonObject; At Ingredient: Unknown item 'spartanweaponry:dagger_platinum', At ResourceLocation: JsonObject; At Ingredient: Unknown item 'spartanweaponry:dagger_invar', At ResourceLocation: JsonObject; At Ingredient: Unknown item 'spartanweaponry:dagger_silver', At ResourceLocation: JsonObject; At Ingredient: Unknown item 'spartanweaponry:dagger_steel', At ResourceLocation: JsonObject; At Ingredient: Unknown item 'spartanweaponry:dagger_bronze', At ResourceLocation: JsonObject; At Ingredient: Unknown item 'spartanweaponry:dagger_tin', At ResourceLocation: JsonObject; At Ingredient: Unknown item 'spartanweaponry:dagger_copper', At ResourceLocation: JsonObject; At Ingredient: Unknown item 'spartanweaponry:dagger_netherite', At ResourceLocation: JsonObject; At Ingredient: Unknown item 'spartanweaponry:dagger_diamond', At ResourceLocation: JsonObject; At Ingredient: Unknown item 'spartanweaponry:dagger_gold', At ResourceLocation: JsonObject; At Ingredient: Unknown item 'spartanweaponry:dagger_iron', At ResourceLocation: JsonObject; At Ingredient: Unknown item 'spartanweaponry:dagger_stone', At ResourceLocation: JsonObject; At Ingredient: Unknown item 'spartanweaponry:dagger_wood', At ResourceLocation: JsonObject, At ResourceLocation: JsonObject
[26Oct2025 04:41:29.193] [main/WARN] [io.github.apace100.apoli.Apoli/]: Power "medievalorigins:paladin/holy_instruments_dungeons_gear" will only be partially loaded: At Ingredient: Unknown item 'dungeons_gear:whirlwind', At ResourceLocation: JsonObject; At Ingredient: Unknown item 'dungeons_gear:cursed_axe', At ResourceLocation: JsonObject; At Ingredient: Unknown item 'dungeons_gear:double_axe', At ResourceLocation: JsonObject; At Ingredient: Unknown item 'dungeons_gear:highland_axe', At ResourceLocation: JsonObject; At Ingredient: Unknown item 'dungeons_gear:firebrand', At ResourceLocation: JsonObject; At Ingredient: Unknown item 'dungeons_gear:gold_axe', At ResourceLocation: JsonObject; At Ingredient: Unknown item 'dungeons_gear:axe', At ResourceLocation: JsonObject, At ResourceLocation: JsonObject
[26Oct2025 04:41:29.196] [main/WARN] [io.github.apace100.apoli.Apoli/]: Power "arkwys:minotaur/axe_proficiency_iceandfire" will only be partially loaded: At Ingredient: Unknown item 'iceandfire:troll_weapon_axe', At ResourceLocation: JsonObject; At Ingredient: Unknown item 'iceandfire:dragonsteel_lightning_axe', At ResourceLocation: JsonObject; At Ingredient: Unknown item 'iceandfire:dragonsteel_cold_axe', At ResourceLocation: JsonObject; At Ingredient: Unknown item 'iceandfire:dragonsteel_fire_axe', At ResourceLocation: JsonObject; At Ingredient: Unknown item 'iceandfire:myrmex_jungle_axe', At ResourceLocation: JsonObject; At Ingredient: Unknown item 'iceandfire:myrmex_desert_axe', At ResourceLocation: JsonObject; At Ingredient: Unknown item 'iceandfire:dragonbone_axe', At ResourceLocation: JsonObject; At Ingredient: Unknown item 'iceandfire:copper_axe', At ResourceLocation: JsonObject; At Ingredient: Unknown item 'iceandfire:silver_axe', At ResourceLocation: JsonObject, At ResourceLocation: JsonObject
[26Oct2025 04:41:29.197] [main/ERROR] [io.github.apace100.apoli.Apoli/]: Error loading power "arkwys:slimefolk/slime_sizeable_health": Unknown registry key: minecraft:generic.max_health; Unknown registry key: origins:attribute, At ResourceLocation: JsonObject
[26Oct2025 04:41:29.197] [main/ERROR] [io.github.apace100.apoli.Apoli/]: Loading for all instances of power arkwys:slimefolk/slime_sizeable_health failed.
[26Oct2025 04:41:29.213] [main/WARN] [io.github.apace100.apoli.Apoli/]: Power "arkwys:minotaur/axe_proficiency" will only be partially loaded: At Ingredient: Unknown item 'iceandfire:troll_weapon_axe', At ResourceLocation: JsonObject; At Ingredient: Unknown item 'iceandfire:dragonsteel_lightning_axe', At ResourceLocation: JsonObject; At Ingredient: Unknown item 'iceandfire:dragonsteel_cold_axe', At ResourceLocation: JsonObject; At Ingredient: Unknown item 'iceandfire:dragonsteel_fire_axe', At ResourceLocation: JsonObject; At Ingredient: Unknown item 'iceandfire:myrmex_jungle_axe', At ResourceLocation: JsonObject; At Ingredient: Unknown item 'iceandfire:myrmex_desert_axe', At ResourceLocation: JsonObject; At Ingredient: Unknown item 'iceandfire:dragonbone_axe', At ResourceLocation: JsonObject; At Ingredient: Unknown item 'iceandfire:copper_axe', At ResourceLocation: JsonObject; At Ingredient: Unknown item 'iceandfire:silver_axe', At ResourceLocation: JsonObject; At Ingredient: Unknown item 'dungeons_gear:whirlwind', At ResourceLocation: JsonObject; At Ingredient: Unknown item 'dungeons_gear:cursed_axe', At ResourceLocation: JsonObject; At Ingredient: Unknown item 'dungeons_gear:double_axe', At ResourceLocation: JsonObject; At Ingredient: Unknown item 'dungeons_gear:highland_axe', At ResourceLocation: JsonObject; At Ingredient: Unknown item 'dungeons_gear:firebrand', At ResourceLocation: JsonObject; At Ingredient: Unknown item 'dungeons_gear:gold_axe', At ResourceLocation: JsonObject; At Ingredient: Unknown item 'dungeons_gear:axe', At ResourceLocation: JsonObject, At ResourceLocation: JsonObject
[26Oct2025 04:41:29.214] [main/ERROR] [io.github.apace100.apoli.Apoli/]: Error loading power "medievalorigins:dwarf/photoallergic": No key interval in MapLike[{"type":"origins:burn","burn_duration":6,"condition":{"type":"origins:and","conditions":[{"type":"origins:exposed_to_sun"},{"type":"origins:equipped_item","equipment_slot":"head","item_condition":{"type":"origins:ingredient","ingredient":{"tag":"medievalorigins:helmet"}},"inverted":true}]}}]
[26Oct2025 04:41:29.214] [main/ERROR] [io.github.apace100.apoli.Apoli/]: Loading for all instances of power medievalorigins:dwarf/photoallergic failed.
[26Oct2025 04:41:29.226] [main/WARN] [io.github.apace100.apoli.Apoli/]: Power "strictly:new_diet" will only be partially loaded: Failed to read fields: No key conditions in MapLike[{"type":"origins:and"}]
[26Oct2025 04:41:29.240] [main/WARN] [io.github.apace100.apoli.Apoli/]: Power "strictly:smoke_sickness" will only be partially loaded: Failed to read fields: Unknown registry key: origins:stacking_status_effect, At ResourceLocation: JsonObject; Unknown registry key: origins:stacking_status_effect, At ResourceLocation: JsonObject, At ResourceLocation: JsonObject
[26Oct2025 04:41:29.244] [main/ERROR] [io.github.apace100.apoli.Apoli/]: Error loading power "medievalorigins:troll/mountainous": Input does not contain a key [type]: MapLike[{"mountainous":{"type":"origins:action_on_callback","entity_action_chosen":{"type":"origins:execute_command","command":"scale set pehkui:base 1.7"},"entity_action_lost":{"type":"origins:execute_command","command":"scale reset pehkui:base"},"execute_chosen_when_orb":true},"mountainous2":{"type":"origins:action_over_time","entity_action":{"type":"origins:execute_command","command":"scale set pehkui:base 1.7"},"interval":100}}]
[26Oct2025 04:41:29.244] [main/ERROR] [io.github.apace100.apoli.Apoli/]: Loading for all instances of power medievalorigins:troll/mountainous failed.
[26Oct2025 04:41:29.259] [main/WARN] [io.github.apace100.apoli.Apoli/]: Power "medievalorigins:knight/melee4ever_dungeons_gear" will only be partially loaded: At Ingredient: Unknown item 'dungeons_gear:nautical_crossbow', At ResourceLocation: JsonObject; At Ingredient: Unknown item 'dungeons_gear:harpoon_crossbow', At ResourceLocation: JsonObject; At Ingredient: Unknown item 'dungeons_gear:pride_of_the_piglins', At ResourceLocation: JsonObject; At Ingredient: Unknown item 'dungeons_gear:cog_crossbow', At ResourceLocation: JsonObject; At Ingredient: Unknown item 'dungeons_gear:baby_crossbow', At ResourceLocation: JsonObject; At Ingredient: Unknown item 'dungeons_gear:dual_crossbow', At ResourceLocation: JsonObject; At Ingredient: Unknown item 'dungeons_gear:soul_hunter_crossbow', At ResourceLocation: JsonObject; At Ingredient: Unknown item 'dungeons_gear:corrupted_crossbow', At ResourceLocation: JsonObject; At Ingredient: Unknown item 'dungeons_gear:burst_crossbow', At ResourceLocation: JsonObject; At Ingredient: Unknown item 'dungeons_gear:imploding_crossbow', At ResourceLocation: JsonObject; At Ingredient: Unknown item 'dungeons_gear:firebolt_thrower', At ResourceLocation: JsonObject; At Ingredient: Unknown item 'dungeons_gear:exploding_crossbow', At ResourceLocation: JsonObject; At Ingredient: Unknown item 'dungeons_gear:lightning_harp_crossbow', At ResourceLocation: JsonObject; At Ingredient: Unknown item 'dungeons_gear:harp_crossbow', At ResourceLocation: JsonObject; At Ingredient: Unknown item 'dungeons_gear:scatter_crossbow', At ResourceLocation: JsonObject; At Ingredient: Unknown item 'dungeons_gear:voidcaller', At ResourceLocation: JsonObject; At Ingredient: Unknown item 'dungeons_gear:feral_soul_crossbow', At ResourceLocation: JsonObject; At Ingredient: Unknown item 'dungeons_gear:soul_crossbow', At ResourceLocation: JsonObject; At Ingredient: Unknown item 'dungeons_gear:slayer_crossbow', At ResourceLocation: JsonObject; At Ingredient: Unknown item 'dungeons_gear:doom_crossbow', At ResourceLocation: JsonObject; At Ingredient: Unknown item 'dungeons_gear:heavy_crossbow', At ResourceLocation: JsonObject; At Ingredient: Unknown item 'dungeons_gear:the_slicer', At ResourceLocation: JsonObject; At Ingredient: Unknown item 'dungeons_gear:azure_seeker', At ResourceLocation: JsonObject; At Ingredient: Unknown item 'dungeons_gear:auto_crossbow', At ResourceLocation: JsonObject; At Ingredient: Unknown item 'dungeons_gear:butterfly_crossbow', At ResourceLocation: JsonObject; At Ingredient: Unknown item 'dungeons_gear:rapid_crossbow', At ResourceLocation: JsonObject; At Ingredient: Unknown item 'dungeons_gear:bubble_burster', At ResourceLocation: JsonObject; At Ingredient: Unknown item 'dungeons_gear:bubble_bow', At ResourceLocation: JsonObject; At Ingredient: Unknown item 'dungeons_gear:weeping_vine_bow', At ResourceLocation: JsonObject; At Ingredient: Unknown item 'dungeons_gear:twisting_vine_bow', At ResourceLocation: JsonObject; At Ingredient: Unknown item 'dungeons_gear:echo_of_the_valley', At ResourceLocation: JsonObject; At Ingredient: Unknown item 'dungeons_gear:burst_gale_bow', At ResourceLocation: JsonObject; At Ingredient: Unknown item 'dungeons_gear:wind_bow', At ResourceLocation: JsonObject; At Ingredient: Unknown item 'dungeons_gear:winters_touch', At ResourceLocation: JsonObject; At Ingredient: Unknown item 'dungeons_gear:snow_bow', At ResourceLocation: JsonObject; At Ingredient: Unknown item 'dungeons_gear:sugar_rush', At ResourceLocation: JsonObject; At Ingredient: Unknown item 'dungeons_gear:the_pink_scoundrel', At ResourceLocation: JsonObject; At Ingredient: Unknown item 'dungeons_gear:the_green_menace', At ResourceLocation: JsonObject; At Ingredient: Unknown item 'dungeons_gear:trickbow', At ResourceLocation: JsonObject; At Ingredient: Unknown item 'dungeons_gear:love_spell_bow', At ResourceLocation: JsonObject; At Ingredient: Unknown item 'dungeons_gear:purple_storm', At ResourceLocation: JsonObject; At Ingredient: Unknown item 'dungeons_gear:mechanical_shortbow', At ResourceLocation: JsonObject; At Ingredient: Unknown item 'dungeons_gear:shortbow', At ResourceLocation: JsonObject; At Ingredient: Unknown item 'dungeons_gear:ancient_bow', At ResourceLocation: JsonObject; At Ingredient: Unknown item 'dungeons_gear:masters_bow', At ResourceLocation: JsonObject; At Ingredient: Unknown item 'dungeons_gear:hunters_promise', At ResourceLocation: JsonObject; At Ingredient: Unknown item 'dungeons_gear:hunting_bow', At ResourceLocation: JsonObject; At Ingredient: Unknown item 'dungeons_gear:red_snake', At ResourceLocation: JsonObject; At Ingredient: Unknown item 'dungeons_gear:guardian_bow', At ResourceLocation: JsonObject; At Ingredient: Unknown item 'dungeons_gear:longbow', At ResourceLocation: JsonObject; At Ingredient: Unknown item 'dungeons_gear:sabrewing', At ResourceLocation: JsonObject; At Ingredient: Unknown item 'dungeons_gear:elite_power_bow', At ResourceLocation: JsonObject; At Ingredient: Unknown item 'dungeons_gear:power_bow', At ResourceLocation: JsonObject; At Ingredient: Unknown item 'dungeons_gear:shivering_bow', At ResourceLocation: JsonObject; At Ingredient: Unknown item 'dungeons_gear:nocturnal_bow', At ResourceLocation: JsonObject; At Ingredient: Unknown item 'dungeons_gear:bow_of_lost_souls', At ResourceLocation: JsonObject; At Ingredient: Unknown item 'dungeons_gear:soul_bow', At ResourceLocation: JsonObject; At Ingredient: Unknown item 'dungeons_gear:haunted_bow', At ResourceLocation: JsonObject; At Ingredient: Unknown item 'dungeons_gear:twin_bow', At ResourceLocation: JsonObject; At Ingredient: Unknown item 'dungeons_gear:bonebow', At ResourceLocation: JsonObject, At ResourceLocation: JsonObject
[26Oct2025 04:41:29.260] [main/ERROR] [io.github.apace100.apoli.Apoli/]: Error loading power "strictly:slowwalker": No key duration_per_stack in MapLike[{"type":"origins:stacking_status_effect","entity_action":{"type":"origins:apply_effect","effects":[{"effect":"minecraft:luck","duration":-1,"is_ambient":false,"show_particles":false,"show_icon":false},{"effect":"minecraft:slowness","duration":-1,"is_ambient":false,"show_particles":false,"show_icon":true}]}}]; No key max_stacks in MapLike[{"type":"origins:stacking_status_effect","entity_action":{"type":"origins:apply_effect","effects":[{"effect":"minecraft:luck","duration":-1,"is_ambient":false,"show_particles":false,"show_icon":false},{"effect":"minecraft:slowness","duration":-1,"is_ambient":false,"show_particles":false,"show_icon":true}]}}]; No key min_stacks in MapLike[{"type":"origins:stacking_status_effect","entity_action":{"type":"origins:apply_effect","effects":[{"effect":"minecraft:luck","duration":-1,"is_ambient":false,"show_particles":false,"show_icon":false},{"effect":"minecraft:slowness","duration":-1,"is_ambient":false,"show_particles":false,"show_icon":true}]}}]
[26Oct2025 04:41:29.260] [main/ERROR] [io.github.apace100.apoli.Apoli/]: Loading for all instances of power strictly:slowwalker failed.
[26Oct2025 04:41:29.260] [main/ERROR] [io.github.apace100.apoli.Apoli/]: Error loading power "cisco_rpg_origins:melee_inapptitude": At Ingredient: Unknown item 'origins:swords', At ResourceLocation: JsonObject
[26Oct2025 04:41:29.260] [main/ERROR] [io.github.apace100.apoli.Apoli/]: Loading for all instances of power cisco_rpg_origins:melee_inapptitude failed.
[26Oct2025 04:41:29.262] [main/WARN] [io.github.apace100.apoli.Apoli/]: Power "medievalorigins:elf/weak_melee_dungeons_gear" will only be partially loaded: At Ingredient: Unknown item 'dungeons_gear:whirlwind', At ResourceLocation: JsonObject; At Ingredient: Unknown item 'dungeons_gear:cursed_axe', At ResourceLocation: JsonObject; At Ingredient: Unknown item 'dungeons_gear:double_axe', At ResourceLocation: JsonObject; At Ingredient: Unknown item 'dungeons_gear:highland_axe', At ResourceLocation: JsonObject; At Ingredient: Unknown item 'dungeons_gear:firebrand', At ResourceLocation: JsonObject; At Ingredient: Unknown item 'dungeons_gear:gold_axe', At ResourceLocation: JsonObject; At Ingredient: Unknown item 'dungeons_gear:axe', At ResourceLocation: JsonObject, At ResourceLocation: JsonObject
[26Oct2025 04:41:29.270] [main/WARN] [io.github.apace100.apoli.Apoli/]: Power "arkwys:woodelf/weak_melee_dungeons_gear" will only be partially loaded: At Ingredient: Unknown item 'dungeons_gear:rapier', At ResourceLocation: JsonObject; At Ingredient: Unknown item 'dungeons_gear:frost_slayer', At ResourceLocation: JsonObject; At Ingredient: Unknown item 'dungeons_gear:heartstealer', At ResourceLocation: JsonObject; At Ingredient: Unknown item 'dungeons_gear:broadsword', At ResourceLocation: JsonObject; At Ingredient: Unknown item 'dungeons_gear:claymore', At ResourceLocation: JsonObject; At Ingredient: Unknown item 'dungeons_gear:truthseeker', At ResourceLocation: JsonObject; At Ingredient: Unknown item 'dungeons_gear:masters_katana', At ResourceLocation: JsonObject; At Ingredient: Unknown item 'dungeons_gear:dark_katana', At ResourceLocation: JsonObject; At Ingredient: Unknown item 'dungeons_gear:katana', At ResourceLocation: JsonObject; At Ingredient: Unknown item 'dungeons_gear:sinister_sword', At ResourceLocation: JsonObject; At Ingredient: Unknown item 'dungeons_gear:hawkbrand', At ResourceLocation: JsonObject; At Ingredient: Unknown item 'dungeons_gear:diamond_sword', At ResourceLocation: JsonObject; At Ingredient: Unknown item 'dungeons_gear:gold_sword', At ResourceLocation: JsonObject; At Ingredient: Unknown item 'dungeons_gear:stone_sword', At ResourceLocation: JsonObject; At Ingredient: Unknown item 'dungeons_gear:sword', At ResourceLocation: JsonObject; At Ingredient: Unknown item 'dungeons_gear:nameless_blade', At ResourceLocation: JsonObject; At Ingredient: Unknown item 'dungeons_gear:cutlass', At ResourceLocation: JsonObject; At Ingredient: Unknown item 'dungeons_gear:freezing_foil', At ResourceLocation: JsonObject; At Ingredient: Unknown item 'dungeons_gear:bee_stinger', At ResourceLocation: JsonObject; At Ingredient: Unknown item 'dungeons_gear:rapier', At ResourceLocation: JsonObject; At Ingredient: Unknown item 'dungeons_gear:whirlwind', At ResourceLocation: JsonObject; At Ingredient: Unknown item 'dungeons_gear:cursed_axe', At ResourceLocation: JsonObject; At Ingredient: Unknown item 'dungeons_gear:double_axe', At ResourceLocation: JsonObject; At Ingredient: Unknown item 'dungeons_gear:highland_axe', At ResourceLocation: JsonObject; At Ingredient: Unknown item 'dungeons_gear:firebrand', At ResourceLocation: JsonObject; At Ingredient: Unknown item 'dungeons_gear:gold_axe', At ResourceLocation: JsonObject; At Ingredient: Unknown item 'dungeons_gear:axe', At ResourceLocation: JsonObject, At ResourceLocation: JsonObject
[26Oct2025 04:41:29.276] [main/WARN] [io.github.apace100.apoli.Apoli/]: Power "medievalorigins:elf/weak_swords_dungeons_gear" will only be partially loaded: At Ingredient: Unknown item 'dungeons_gear:rapier', At ResourceLocation: JsonObject; At Ingredient: Unknown item 'dungeons_gear:frost_slayer', At ResourceLocation: JsonObject; At Ingredient: Unknown item 'dungeons_gear:heartstealer', At ResourceLocation: JsonObject; At Ingredient: Unknown item 'dungeons_gear:broadsword', At ResourceLocation: JsonObject; At Ingredient: Unknown item 'dungeons_gear:claymore', At ResourceLocation: JsonObject; At Ingredient: Unknown item 'dungeons_gear:truthseeker', At ResourceLocation: JsonObject; At Ingredient: Unknown item 'dungeons_gear:masters_katana', At ResourceLocation: JsonObject; At Ingredient: Unknown item 'dungeons_gear:dark_katana', At ResourceLocation: JsonObject; At Ingredient: Unknown item 'dungeons_gear:katana', At ResourceLocation: JsonObject; At Ingredient: Unknown item 'dungeons_gear:sinister_sword', At ResourceLocation: JsonObject; At Ingredient: Unknown item 'dungeons_gear:hawkbrand', At ResourceLocation: JsonObject; At Ingredient: Unknown item 'dungeons_gear:diamond_sword', At ResourceLocation: JsonObject; At Ingredient: Unknown item 'dungeons_gear:gold_sword', At ResourceLocation: JsonObject; At Ingredient: Unknown item 'dungeons_gear:stone_sword', At ResourceLocation: JsonObject; At Ingredient: Unknown item 'dungeons_gear:sword', At ResourceLocation: JsonObject; At Ingredient: Unknown item 'dungeons_gear:nameless_blade', At ResourceLocation: JsonObject; At Ingredient: Unknown item 'dungeons_gear:cutlass', At ResourceLocation: JsonObject; At Ingredient: Unknown item 'dungeons_gear:freezing_foil', At ResourceLocation: JsonObject; At Ingredient: Unknown item 'dungeons_gear:bee_stinger', At ResourceLocation: JsonObject; At Ingredient: Unknown item 'dungeons_gear:rapier', At ResourceLocation: JsonObject, At ResourceLocation: JsonObject
[26Oct2025 04:41:29.280] [main/WARN] [io.github.apace100.apoli.Apoli/]: Power "medievalorigins:knight/melee4ever_iceandfire" will only be partially loaded: At Ingredient: Unknown item 'iceandfire:dragonbone_bow', At ResourceLocation: JsonObject, At ResourceLocation: JsonObject
[26Oct2025 04:41:29.293] [main/WARN] [io.github.apace100.apoli.Apoli/]: Power "arkwys:minotaur/axe_proficiency_dungeons_gear" will only be partially loaded: At Ingredient: Unknown item 'dungeons_gear:whirlwind', At ResourceLocation: JsonObject; At Ingredient: Unknown item 'dungeons_gear:cursed_axe', At ResourceLocation: JsonObject; At Ingredient: Unknown item 'dungeons_gear:double_axe', At ResourceLocation: JsonObject; At Ingredient: Unknown item 'dungeons_gear:highland_axe', At ResourceLocation: JsonObject; At Ingredient: Unknown item 'dungeons_gear:firebrand', At ResourceLocation: JsonObject; At Ingredient: Unknown item 'dungeons_gear:gold_axe', At ResourceLocation: JsonObject; At Ingredient: Unknown item 'dungeons_gear:axe', At ResourceLocation: JsonObject, At ResourceLocation: JsonObject
[26Oct2025 04:41:29.298] [main/WARN] [io.github.apace100.apoli.Apoli/]: Power "arkwys:brute/axe_efficient_spartanweaponry" will only be partially loaded: At Ingredient: Unknown item 'spartanweaponry:battleaxe_gold', At ResourceLocation: JsonObject; At Ingredient: Unknown item 'spartanweaponry:tomahawk_gold', At ResourceLocation: JsonObject; At Ingredient: Unknown item 'spartanweaponry:halberd_gold', At ResourceLocation: JsonObject, At ResourceLocation: JsonObject
[26Oct2025 04:41:29.304] [main/WARN] [io.github.apace100.apoli.Apoli/]: Power "medievalorigins:elf/weak_swords_iceandfire" will only be partially loaded: At Ingredient: Unknown item 'iceandfire:ghost_sword', At ResourceLocation: JsonObject; At Ingredient: Unknown item 'iceandfire:dread_queen_sword', At ResourceLocation: JsonObject; At Ingredient: Unknown item 'iceandfire:dread_kinght_sword', At ResourceLocation: JsonObject; At Ingredient: Unknown item 'iceandfire:dread_sword', At ResourceLocation: JsonObject; At Ingredient: Unknown item 'iceandfire:dragonsteel_lightning_sword', At ResourceLocation: JsonObject; At Ingredient: Unknown item 'iceandfire:dragonsteel_ice_sword', At ResourceLocation: JsonObject; At Ingredient: Unknown item 'iceandfire:dragonsteel_fire_sword', At ResourceLocation: JsonObject; At Ingredient: Unknown item 'iceandfire:myrmex_jungle_sword_venom', At ResourceLocation: JsonObject; At Ingredient: Unknown item 'iceandfire:myrmex_jungle_sword', At ResourceLocation: JsonObject; At Ingredient: Unknown item 'iceandfire:myrmex_desert_sword_venom', At ResourceLocation: JsonObject; At Ingredient: Unknown item 'iceandfire:myrmex_desert_sword', At ResourceLocation: JsonObject; At Ingredient: Unknown item 'iceandfire:hippogryph_sword', At ResourceLocation: JsonObject; At Ingredient: Unknown item 'iceandfire:dragonbone_sword_ice', At ResourceLocation: JsonObject; At Ingredient: Unknown item 'iceandfire:dragonbone_sword_fire', At ResourceLocation: JsonObject; At Ingredient: Unknown item 'iceandfire:dragonbone_sword', At ResourceLocation: JsonObject; At Ingredient: Unknown item 'iceandfire:copper_sword', At ResourceLocation: JsonObject; At Ingredient: Unknown item 'iceandfire:silver_sword', At ResourceLocation: JsonObject, At ResourceLocation: JsonObject
[26Oct2025 04:41:29.321] [main/WARN] [io.github.apace100.apoli.Apoli/]: Power "medievalorigins:knight/skilled_swordsman_spartanweaponry" will only be partially loaded: At Ingredient: Unknown item 'spartanweaponry:greatsword_lead', At ResourceLocation: JsonObject; At Ingredient: Unknown item 'spartanweaponry:greatsword_nickel', At ResourceLocation: JsonObject; At Ingredient: Unknown item 'spartanweaponry:greatsword_electrum', At ResourceLocation: JsonObject; At Ingredient: Unknown item 'spartanweaponry:greatsword_platinum', At ResourceLocation: JsonObject; At Ingredient: Unknown item 'spartanweaponry:greatsword_invar', At ResourceLocation: JsonObject; At Ingredient: Unknown item 'spartanweaponry:greatsword_silver', At ResourceLocation: JsonObject; At Ingredient: Unknown item 'spartanweaponry:greatsword_steel', At ResourceLocation: JsonObject; At Ingredient: Unknown item 'spartanweaponry:greatsword_bronze', At ResourceLocation: JsonObject; At Ingredient: Unknown item 'spartanweaponry:greatsword_tin', At ResourceLocation: JsonObject; At Ingredient: Unknown item 'spartanweaponry:greatsword_copper', At ResourceLocation: JsonObject; At Ingredient: Unknown item 'spartanweaponry:greatsword_netherite', At ResourceLocation: JsonObject; At Ingredient: Unknown item 'spartanweaponry:greatsword_diamond', At ResourceLocation: JsonObject; At Ingredient: Unknown item 'spartanweaponry:greatsword_gold', At ResourceLocation: JsonObject; At Ingredient: Unknown item 'spartanweaponry:greatsword_iron', At ResourceLocation: JsonObject; At Ingredient: Unknown item 'spartanweaponry:greatsword_stone', At ResourceLocation: JsonObject; At Ingredient: Unknown item 'spartanweaponry:greatsword_wood', At ResourceLocation: JsonObject; At Ingredient: Unknown item 'spartanweaponry:rapier_lead', At ResourceLocation: JsonObject; At Ingredient: Unknown item 'spartanweaponry:rapier_nickel', At ResourceLocation: JsonObject; At Ingredient: Unknown item 'spartanweaponry:rapier_electrum', At ResourceLocation: JsonObject; At Ingredient: Unknown item 'spartanweaponry:rapier_platinum', At ResourceLocation: JsonObject; At Ingredient: Unknown item 'spartanweaponry:rapier_invar', At ResourceLocation: JsonObject; At Ingredient: Unknown item 'spartanweaponry:rapier_silver', At ResourceLocation: JsonObject; At Ingredient: Unknown item 'spartanweaponry:rapier_steel', At ResourceLocation: JsonObject; At Ingredient: Unknown item 'spartanweaponry:rapier_bronze', At ResourceLocation: JsonObject; At Ingredient: Unknown item 'spartanweaponry:rapier_tin', At ResourceLocation: JsonObject; At Ingredient: Unknown item 'spartanweaponry:rapier_copper', At ResourceLocation: JsonObject; At Ingredient: Unknown item 'spartanweaponry:rapier_netherite', At ResourceLocation: JsonObject; At Ingredient: Unknown item 'spartanweaponry:rapier_diamond', At ResourceLocation: JsonObject; At Ingredient: Unknown item 'spartanweaponry:rapier_gold', At ResourceLocation: JsonObject; At Ingredient: Unknown item 'spartanweaponry:rapier_iron', At ResourceLocation: JsonObject; At Ingredient: Unknown item 'spartanweaponry:rapier_stone', At ResourceLocation: JsonObject; At Ingredient: Unknown item 'spartanweaponry:rapier_wood', At ResourceLocation: JsonObject; At Ingredient: Unknown item 'spartanweaponry:saber_lead', At ResourceLocation: JsonObject; At Ingredient: Unknown item 'spartanweaponry:saber_nickel', At ResourceLocation: JsonObject; At Ingredient: Unknown item 'spartanweaponry:saber_electrum', At ResourceLocation: JsonObject; At Ingredient: Unknown item 'spartanweaponry:saber_platinum', At ResourceLocation: JsonObject; At Ingredient: Unknown item 'spartanweaponry:saber_invar', At ResourceLocation: JsonObject; At Ingredient: Unknown item 'spartanweaponry:saber_silver', At ResourceLocation: JsonObject; At Ingredient: Unknown item 'spartanweaponry:saber_steel', At ResourceLocation: JsonObject; At Ingredient: Unknown item 'spartanweaponry:saber_bronze', At ResourceLocation: JsonObject; At Ingredient: Unknown item 'spartanweaponry:saber_tin', At ResourceLocation: JsonObject; At Ingredient: Unknown item 'spartanweaponry:saber_copper', At ResourceLocation: JsonObject; At Ingredient: Unknown item 'spartanweaponry:saber_netherite', At ResourceLocation: JsonObject; At Ingredient: Unknown item 'spartanweaponry:saber_diamond', At ResourceLocation: JsonObject; At Ingredient: Unknown item 'spartanweaponry:saber_gold', At ResourceLocation: JsonObject; At Ingredient: Unknown item 'spartanweaponry:saber_iron', At ResourceLocation: JsonObject; At Ingredient: Unknown item 'spartanweaponry:saber_stone', At ResourceLocation: JsonObject; At Ingredient: Unknown item 'spartanweaponry:saber_wood', At ResourceLocation: JsonObject; At Ingredient: Unknown item 'spartanweaponry:katana_lead', At ResourceLocation: JsonObject; At Ingredient: Unknown item 'spartanweaponry:katana_nickel', At ResourceLocation: JsonObject; At Ingredient: Unknown item 'spartanweaponry:katana_electrum', At ResourceLocation: JsonObject; At Ingredient: Unknown item 'spartanweaponry:katana_platinum', At ResourceLocation: JsonObject; At Ingredient: Unknown item 'spartanweaponry:katana_invar', At ResourceLocation: JsonObject; At Ingredient: Unknown item 'spartanweaponry:katana_silver', At ResourceLocation: JsonObject; At Ingredient: Unknown item 'spartanweaponry:katana_steel', At ResourceLocation: JsonObject; At Ingredient: Unknown item 'spartanweaponry:katana_bronze', At ResourceLocation: JsonObject; At Ingredient: Unknown item 'spartanweaponry:katana_tin', At ResourceLocation: JsonObject; At Ingredient: Unknown item 'spartanweaponry:katana_copper', At ResourceLocation: JsonObject; At Ingredient: Unknown item 'spartanweaponry:katana_netherite', At ResourceLocation: JsonObject; At Ingredient: Unknown item 'spartanweaponry:katana_diamond', At ResourceLocation: JsonObject; At Ingredient: Unknown item 'spartanweaponry:katana_gold', At ResourceLocation: JsonObject; At Ingredient: Unknown item 'spartanweaponry:katana_iron', At ResourceLocation: JsonObject; At Ingredient: Unknown item 'spartanweaponry:katana_stone', At ResourceLocation: JsonObject; At Ingredient: Unknown item 'spartanweaponry:katana_wood', At ResourceLocation: JsonObject; At Ingredient: Unknown item 'spartanweaponry:longsword_lead', At ResourceLocation: JsonObject; At Ingredient: Unknown item 'spartanweaponry:longsword_nickel', At ResourceLocation: JsonObject; At Ingredient: Unknown item 'spartanweaponry:longsword_electrum', At ResourceLocation: JsonObject; At Ingredient: Unknown item 'spartanweaponry:longsword_platinum', At ResourceLocation: JsonObject; At Ingredient: Unknown item 'spartanweaponry:longsword_invar', At ResourceLocation: JsonObject; At Ingredient: Unknown item 'spartanweaponry:longsword_silver', At ResourceLocation: JsonObject; At Ingredient: Unknown item 'spartanweaponry:longsword_steel', At ResourceLocation: JsonObject; At Ingredient: Unknown item 'spartanweaponry:longsword_bronze', At ResourceLocation: JsonObject; At Ingredient: Unknown item 'spartanweaponry:longsword_tin', At ResourceLocation: JsonObject; At Ingredient: Unknown item 'spartanweaponry:longsword_copper', At ResourceLocation: JsonObject; At Ingredient: Unknown item 'spartanweaponry:longsword_netherite', At ResourceLocation: JsonObject; At Ingredient: Unknown item 'spartanweaponry:longsword_diamond', At ResourceLocation: JsonObject; At Ingredient: Unknown item 'spartanweaponry:longsword_gold', At ResourceLocation: JsonObject; At Ingredient: Unknown item 'spartanweaponry:longsword_iron', At ResourceLocation: JsonObject; At Ingredient: Unknown item 'spartanweaponry:longsword_stone', At ResourceLocation: JsonObject; At Ingredient: Unknown item 'spartanweaponry:longsword_wood', At ResourceLocation: JsonObject, At ResourceLocation: JsonObject
[26Oct2025 04:41:29.329] [main/ERROR] [io.github.apace100.apoli.Apoli/]: Error loading power "strictly:holy_shield": At MobEffectInstance: Error reading status effect: could not find status effect with id: dungeons_gear:shielding, At ResourceLocation: JsonObject; At MobEffect: Identifier "dungeons_gear:shielding" was not registered in registry "minecraft:mob_effect"., At ResourceLocation: JsonObject; At MobEffect: Identifier "dungeons_gear:shielding" was not registered in registry "minecraft:mob_effect"., At ResourceLocation: JsonObject
[26Oct2025 04:41:29.329] [main/ERROR] [io.github.apace100.apoli.Apoli/]: Loading for all instances of power strictly:holy_shield failed.
[26Oct2025 04:41:29.329] [main/WARN] [io.github.apace100.apoli.Apoli/]: Power "cisco_rpg_origins:lokis_boon_minor2" will only be partially loaded: At Attribute: Identifier "reach-entity-attributes:attack_range" was not registered in registry "minecraft:attribute".; At Attribute: Identifier "reach-entity-attributes:reach" was not registered in registry "minecraft:attribute".
[26Oct2025 04:41:29.352] [main/WARN] [io.github.apace100.apoli.Apoli/]: Power "arkwys:woodelf/weak_melee_iceandfire" will only be partially loaded: At Ingredient: Unknown item 'iceandfire:ghost_sword', At ResourceLocation: JsonObject; At Ingredient: Unknown item 'iceandfire:dread_queen_sword', At ResourceLocation: JsonObject; At Ingredient: Unknown item 'iceandfire:dread_kinght_sword', At ResourceLocation: JsonObject; At Ingredient: Unknown item 'iceandfire:dread_sword', At ResourceLocation: JsonObject; At Ingredient: Unknown item 'iceandfire:dragonsteel_lightning_sword', At ResourceLocation: JsonObject; At Ingredient: Unknown item 'iceandfire:dragonsteel_ice_sword', At ResourceLocation: JsonObject; At Ingredient: Unknown item 'iceandfire:dragonsteel_fire_sword', At ResourceLocation: JsonObject; At Ingredient: Unknown item 'iceandfire:myrmex_jungle_sword_venom', At ResourceLocation: JsonObject; At Ingredient: Unknown item 'iceandfire:myrmex_jungle_sword', At ResourceLocation: JsonObject; At Ingredient: Unknown item 'iceandfire:myrmex_desert_sword_venom', At ResourceLocation: JsonObject; At Ingredient: Unknown item 'iceandfire:myrmex_desert_sword', At ResourceLocation: JsonObject; At Ingredient: Unknown item 'iceandfire:hippogryph_sword', At ResourceLocation: JsonObject; At Ingredient: Unknown item 'iceandfire:dragonbone_sword_ice', At ResourceLocation: JsonObject; At Ingredient: Unknown item 'iceandfire:dragonbone_sword_fire', At ResourceLocation: JsonObject; At Ingredient: Unknown item 'iceandfire:dragonbone_sword', At ResourceLocation: JsonObject; At Ingredient: Unknown item 'iceandfire:copper_sword', At ResourceLocation: JsonObject; At Ingredient: Unknown item 'iceandfire:silver_sword', At ResourceLocation: JsonObject; At Ingredient: Unknown item 'iceandfire:troll_weapon_axe', At ResourceLocation: JsonObject; At Ingredient: Unknown item 'iceandfire:dragonsteel_lightning_axe', At ResourceLocation: JsonObject; At Ingredient: Unknown item 'iceandfire:dragonsteel_cold_axe', At ResourceLocation: JsonObject; At Ingredient: Unknown item 'iceandfire:dragonsteel_fire_axe', At ResourceLocation: JsonObject; At Ingredient: Unknown item 'iceandfire:myrmex_jungle_axe', At ResourceLocation: JsonObject; At Ingredient: Unknown item 'iceandfire:myrmex_desert_axe', At ResourceLocation: JsonObject; At Ingredient: Unknown item 'iceandfire:dragonbone_axe', At ResourceLocation: JsonObject; At Ingredient: Unknown item 'iceandfire:copper_axe', At ResourceLocation: JsonObject; At Ingredient: Unknown item 'iceandfire:silver_axe', At ResourceLocation: JsonObject, At ResourceLocation: JsonObject
[26Oct2025 04:41:29.359] [main/WARN] [io.github.apace100.apoli.Apoli/]: Power "strictly:withers_immunity" will only be partially loaded: At MobEffect: Identifier "orcz:stunspam" was not registered in registry "minecraft:mob_effect".; At MobEffect: Identifier "orcz:stunlock" was not registered in registry "minecraft:mob_effect".
[26Oct2025 04:41:29.365] [main/WARN] [io.github.apace100.apoli.Apoli/]: Power "arkwys:moth/glowaffinity" will only be partially loaded: At MobEffectInstance: Error reading status effect: could not find status effect with id: netherite_plus:lava_vision, At ResourceLocation: JsonObject, At ResourceLocation: JsonObject
[26Oct2025 04:41:29.369] [main/WARN] [io.github.apace100.apoli.Apoli/]: Power "medievalorigins:paladin/weak_swords_dungeons_gear" will only be partially loaded: At Ingredient: Unknown item 'dungeons_gear:rapier', At ResourceLocation: JsonObject; At Ingredient: Unknown item 'dungeons_gear:frost_slayer', At ResourceLocation: JsonObject; At Ingredient: Unknown item 'dungeons_gear:heartstealer', At ResourceLocation: JsonObject; At Ingredient: Unknown item 'dungeons_gear:broadsword', At ResourceLocation: JsonObject; At Ingredient: Unknown item 'dungeons_gear:claymore', At ResourceLocation: JsonObject; At Ingredient: Unknown item 'dungeons_gear:truthseeker', At ResourceLocation: JsonObject; At Ingredient: Unknown item 'dungeons_gear:masters_katana', At ResourceLocation: JsonObject; At Ingredient: Unknown item 'dungeons_gear:dark_katana', At ResourceLocation: JsonObject; At Ingredient: Unknown item 'dungeons_gear:katana', At ResourceLocation: JsonObject; At Ingredient: Unknown item 'dungeons_gear:sinister_sword', At ResourceLocation: JsonObject; At Ingredient: Unknown item 'dungeons_gear:hawkbrand', At ResourceLocation: JsonObject; At Ingredient: Unknown item 'dungeons_gear:diamond_sword', At ResourceLocation: JsonObject; At Ingredient: Unknown item 'dungeons_gear:gold_sword', At ResourceLocation: JsonObject; At Ingredient: Unknown item 'dungeons_gear:stone_sword', At ResourceLocation: JsonObject; At Ingredient: Unknown item 'dungeons_gear:sword', At ResourceLocation: JsonObject; At Ingredient: Unknown item 'dungeons_gear:nameless_blade', At ResourceLocation: JsonObject; At Ingredient: Unknown item 'dungeons_gear:cutlass', At ResourceLocation: JsonObject; At Ingredient: Unknown item 'dungeons_gear:freezing_foil', At ResourceLocation: JsonObject; At Ingredient: Unknown item 'dungeons_gear:bee_stinger', At ResourceLocation: JsonObject; At Ingredient: Unknown item 'dungeons_gear:rapier', At ResourceLocation: JsonObject, At ResourceLocation: JsonObject
[26Oct2025 04:41:29.380] [main/WARN] [io.github.apace100.apoli.Apoli/]: Power "strictly:shaman_hood" will only be partially loaded: At Item: Identifier "skillcloaks:slayer_hood" was not registered in registry "minecraft:item"., At ResourceLocation: JsonObject, At ResourceLocation: JsonObject
[26Oct2025 04:41:29.381] [main/WARN] [io.github.apace100.apoli.Apoli/]: Power "arkwys:brute/axe_efficient_dungeons_gear" will only be partially loaded: At Ingredient: Unknown item 'dungeons_gear:firebrand', At ResourceLocation: JsonObject; At Ingredient: Unknown item 'dungeons_gear:gold_axe', At ResourceLocation: JsonObject, At ResourceLocation: JsonObject
[26Oct2025 04:41:29.384] [main/WARN] [io.github.apace100.apoli.Apoli/]: Power "medievalorigins:paladin/weak_swords_iceandfire" will only be partially loaded: At Ingredient: Unknown item 'iceandfire:ghost_sword', At ResourceLocation: JsonObject; At Ingredient: Unknown item 'iceandfire:dread_queen_sword', At ResourceLocation: JsonObject; At Ingredient: Unknown item 'iceandfire:dread_kinght_sword', At ResourceLocation: JsonObject; At Ingredient: Unknown item 'iceandfire:dread_sword', At ResourceLocation: JsonObject; At Ingredient: Unknown item 'iceandfire:dragonsteel_lightning_sword', At ResourceLocation: JsonObject; At Ingredient: Unknown item 'iceandfire:dragonsteel_ice_sword', At ResourceLocation: JsonObject; At Ingredient: Unknown item 'iceandfire:dragonsteel_fire_sword', At ResourceLocation: JsonObject; At Ingredient: Unknown item 'iceandfire:myrmex_jungle_sword_venom', At ResourceLocation: JsonObject; At Ingredient: Unknown item 'iceandfire:myrmex_jungle_sword', At ResourceLocation: JsonObject; At Ingredient: Unknown item 'iceandfire:myrmex_desert_sword_venom', At ResourceLocation: JsonObject; At Ingredient: Unknown item 'iceandfire:myrmex_desert_sword', At ResourceLocation: JsonObject; At Ingredient: Unknown item 'iceandfire:hippogryph_sword', At ResourceLocation: JsonObject; At Ingredient: Unknown item 'iceandfire:dragonbone_sword_ice', At ResourceLocation: JsonObject; At Ingredient: Unknown item 'iceandfire:dragonbone_sword_fire', At ResourceLocation: JsonObject; At Ingredient: Unknown item 'iceandfire:dragonbone_sword', At ResourceLocation: JsonObject; At Ingredient: Unknown item 'iceandfire:copper_sword', At ResourceLocation: JsonObject; At Ingredient: Unknown item 'iceandfire:silver_sword', At ResourceLocation: JsonObject, At ResourceLocation: JsonObject
[26Oct2025 04:41:29.403] [main/ERROR] [io.github.apace100.origins.Origins/]: There was a problem reading Origin file strictly:orcs_shaman (skipping): Identifier "orcz:skullwand" was not registered in registry "minecraft:item".
[26Oct2025 04:41:29.403] [main/ERROR] [io.github.apace100.origins.Origins/]: All instances of origin strictly:orcs_shaman failed to load. Skipped
[26Oct2025 04:41:29.423] [main/ERROR] [io.github.apace100.origins.Origins/]: Removed 1 missing powers from strictly:priest
[26Oct2025 04:41:29.424] [main/ERROR] [io.github.apace100.origins.Origins/]: Removed 2 missing powers from strictly:otter
[26Oct2025 04:41:29.426] [main/ERROR] [io.github.apace100.origins.Origins/]: Removed 1 missing powers from arkwys:piglinbrute
[26Oct2025 04:41:29.426] [main/ERROR] [io.github.apace100.origins.Origins/]: Removed 1 missing powers from strictly:birdofparadise
[26Oct2025 04:41:29.467] [main/INFO] [ModdingLegacy/blue_skies/SkiesDataManager/]: Loaded 8 tool_handle_types
[26Oct2025 04:41:29.468] [main/INFO] [ModdingLegacy/blue_skies/SkiesDataManager/]: Loaded 37 snowcap_oven_freezing_recipes
[26Oct2025 04:41:29.468] [main/INFO] [ModdingLegacy/blue_skies/SkiesDataManager/]: Loaded 7 horizonite_forge_fuels
[26Oct2025 04:41:29.468] [main/INFO] [ModdingLegacy/blue_skies/SkiesDataManager/]: Loaded 12 snowcap_mushroom_freezing
[26Oct2025 04:41:29.495] [main/INFO] [ModdingLegacy/blue_skies/SkiesDataManager/]: Loaded 70 alchemy_recipes
[26Oct2025 04:41:29.497] [main/INFO] [ModdingLegacy/blue_skies/SkiesDataManager/]: Loaded 81 journal/entries
[26Oct2025 04:41:29.497] [main/INFO] [ModdingLegacy/blue_skies/SkiesDataManager/]: Loaded 3 journal/sections
[26Oct2025 04:41:29.497] [main/INFO] [ModdingLegacy/blue_skies/SkiesDataManager/]: Loaded 7 journal/requirements
[26Oct2025 04:41:29.507] [main/WARN] [com.lootintegrations.LootintegrationsMod/]: Ignoring loot modifiers for:supplementaries:tables/blocks/twilightforest/hanging_sign_dark use this folder name:lootintegrations
[26Oct2025 04:41:29.512] [main/INFO] [com.cupboard.Cupboard/]: Loaded config for: lootintegrations.json
[26Oct2025 04:41:29.512] [main/WARN] [com.lootintegrations.LootintegrationsMod/]: Ignoring loot modifiers for:supplementaries:tables/blocks/hanging_sign_dark_oak use this folder name:lootintegrations
[26Oct2025 04:41:29.512] [main/WARN] [com.lootintegrations.LootintegrationsMod/]: Ignoring loot modifiers for:supplementaries:tables/blocks/darkerdepths/hanging_sign_petrified use this folder name:lootintegrations
[26Oct2025 04:41:29.512] [main/WARN] [com.lootintegrations.LootintegrationsMod/]: Ignoring loot modifiers for:supplementaries:tables/blocks/hanging_sign_crimson use this folder name:lootintegrations
[26Oct2025 04:41:29.513] [main/WARN] [com.lootintegrations.LootintegrationsMod/]: Ignoring loot modifiers for:supplementaries:tables/blocks/blue_skies/hanging_sign_dusk use this folder name:lootintegrations
[26Oct2025 04:41:29.513] [main/WARN] [com.lootintegrations.LootintegrationsMod/]: Ignoring loot modifiers for:supplementaries:tables/blocks/byg/hanging_sign_white_mangrove use this folder name:lootintegrations
[26Oct2025 04:41:29.513] [main/WARN] [com.lootintegrations.LootintegrationsMod/]: Ignoring loot modifiers for:supplementaries:tables/blocks/iter_rpg/hanging_sign_sacred use this folder name:lootintegrations
[26Oct2025 04:41:29.513] [main/WARN] [com.lootintegrations.LootintegrationsMod/]: Ignoring loot modifiers for:supplementaries:tables/blocks/quark/hanging_sign_azalea use this folder name:lootintegrations
[26Oct2025 04:41:29.513] [main/WARN] [com.lootintegrations.LootintegrationsMod/]: Ignoring loot modifiers for:supplementaries:tables/blocks/phantasm/hanging_sign_pream use this folder name:lootintegrations
[26Oct2025 04:41:29.513] [main/WARN] [com.lootintegrations.LootintegrationsMod/]: Ignoring loot modifiers for:supplementaries:tables/blocks/domum_ornamentum/hanging_sign_cactus use this folder name:lootintegrations
[26Oct2025 04:41:29.513] [main/WARN] [com.lootintegrations.LootintegrationsMod/]: Ignoring loot modifiers for:supplementaries:tables/blocks/byg/hanging_sign_maple use this folder name:lootintegrations
[26Oct2025 04:41:29.513] [main/WARN] [com.lootintegrations.LootintegrationsMod/]: Ignoring loot modifiers for:supplementaries:tables/blocks/atmospheric/hanging_sign_rosewood use this folder name:lootintegrations
[26Oct2025 04:41:29.513] [main/WARN] [com.lootintegrations.LootintegrationsMod/]: Ignoring loot modifiers for:supplementaries:tables/blocks/byg/hanging_sign_holly use this folder name:lootintegrations
[26Oct2025 04:41:29.513] [main/WARN] [com.lootintegrations.LootintegrationsMod/]: Ignoring loot modifiers for:supplementaries:tables/blocks/twilightforest/hanging_sign_transformation use this folder name:lootintegrations
[26Oct2025 04:41:29.513] [main/WARN] [com.lootintegrations.LootintegrationsMod/]: Ignoring loot modifiers for:supplementaries:tables/blocks/hanging_sign_acacia use this folder name:lootintegrations
[26Oct2025 04:41:29.513] [main/WARN] [com.lootintegrations.LootintegrationsMod/]: Ignoring loot modifiers for:supplementaries:tables/blocks/ars_nouveau/hanging_sign_archwood use this folder name:lootintegrations
[26Oct2025 04:41:29.513] [main/WARN] [com.lootintegrations.LootintegrationsMod/]: Ignoring loot modifiers for:supplementaries:tables/blocks/ecologics/hanging_sign_flowering_azalea use this folder name:lootintegrations
[26Oct2025 04:41:29.513] [main/WARN] [com.lootintegrations.LootintegrationsMod/]: Ignoring loot modifiers for:supplementaries:tables/blocks/blue_skies/hanging_sign_maple use this folder name:lootintegrations
[26Oct2025 04:41:29.513] [main/WARN] [com.lootintegrations.LootintegrationsMod/]: Ignoring loot modifiers for:supplementaries:tables/blocks/blue_skies/hanging_sign_starlit use this folder name:lootintegrations
[26Oct2025 04:41:29.513] [main/WARN] [com.lootintegrations.LootintegrationsMod/]: Ignoring loot modifiers for:supplementaries:tables/blocks/byg/hanging_sign_cypress use this folder name:lootintegrations
[26Oct2025 04:41:29.513] [main/WARN] [com.lootintegrations.LootintegrationsMod/]: Ignoring loot modifiers for:supplementaries:tables/blocks/twilightforest/hanging_sign_sorting use this folder name:lootintegrations
[26Oct2025 04:41:29.513] [main/WARN] [com.lootintegrations.LootintegrationsMod/]: Ignoring loot modifiers for:supplementaries:tables/blocks/byg/hanging_sign_ether use this folder name:lootintegrations
[26Oct2025 04:41:29.513] [main/WARN] [com.lootintegrations.LootintegrationsMod/]: Ignoring loot modifiers for:supplementaries:tables/blocks/atmospheric/hanging_sign_grimwood use this folder name:lootintegrations
[26Oct2025 04:41:29.513] [main/WARN] [com.lootintegrations.LootintegrationsMod/]: Ignoring loot modifiers for:supplementaries:tables/blocks/twilightforest/hanging_sign_time use this folder name:lootintegrations
[26Oct2025 04:41:29.513] [main/WARN] [com.lootintegrations.LootintegrationsMod/]: Ignoring loot modifiers for:supplementaries:tables/blocks/byg/hanging_sign_witch_hazel use this folder name:lootintegrations
[26Oct2025 04:41:29.513] [main/WARN] [com.lootintegrations.LootintegrationsMod/]: Ignoring loot modifiers for:supplementaries:tables/blocks/deep_aether/hanging_sign_roseroot use this folder name:lootintegrations
[26Oct2025 04:41:29.513] [main/WARN] [com.lootintegrations.LootintegrationsMod/]: Ignoring loot modifiers for:supplementaries:tables/blocks/deep_aether/hanging_sign_yagroot use this folder name:lootintegrations
[26Oct2025 04:41:29.513] [main/WARN] [com.lootintegrations.LootintegrationsMod/]: Ignoring loot modifiers for:supplementaries:tables/blocks/byg/hanging_sign_sythian use this folder name:lootintegrations
[26Oct2025 04:41:29.513] [main/WARN] [com.lootintegrations.LootintegrationsMod/]: Ignoring loot modifiers for:supplementaries:tables/blocks/atmospheric/hanging_sign_kousa use this folder name:lootintegrations
[26Oct2025 04:41:29.513] [main/WARN] [com.lootintegrations.LootintegrationsMod/]: Ignoring loot modifiers for:supplementaries:tables/blocks/quark/hanging_sign_blossom use this folder name:lootintegrations
[26Oct2025 04:41:29.513] [main/WARN] [com.lootintegrations.LootintegrationsMod/]: Ignoring loot modifiers for:supplementaries:tables/blocks/byg/hanging_sign_cherry use this folder name:lootintegrations
[26Oct2025 04:41:29.513] [main/WARN] [com.lootintegrations.LootintegrationsMod/]: Ignoring loot modifiers for:supplementaries:tables/blocks/hanging_sign_jungle use this folder name:lootintegrations
[26Oct2025 04:41:29.513] [main/WARN] [com.lootintegrations.LootintegrationsMod/]: Ignoring loot modifiers for:supplementaries:tables/blocks/twilightforest/hanging_sign_mangrove use this folder name:lootintegrations
[26Oct2025 04:41:29.514] [main/WARN] [com.lootintegrations.LootintegrationsMod/]: Ignoring loot modifiers for:supplementaries:tables/blocks/quark/hanging_sign_bamboo use this folder name:lootintegrations
[26Oct2025 04:41:29.514] [main/WARN] [com.lootintegrations.LootintegrationsMod/]: Ignoring loot modifiers for:supplementaries:tables/blocks/byg/hanging_sign_redwood use this folder name:lootintegrations
[26Oct2025 04:41:29.514] [main/WARN] [com.lootintegrations.LootintegrationsMod/]: Ignoring loot modifiers for:supplementaries:tables/blocks/hanging_sign_mangrove use this folder name:lootintegrations
[26Oct2025 04:41:29.514] [main/WARN] [com.lootintegrations.LootintegrationsMod/]: Ignoring loot modifiers for:supplementaries:tables/blocks/byg/hanging_sign_baobab use this folder name:lootintegrations
[26Oct2025 04:41:29.514] [main/WARN] [com.lootintegrations.LootintegrationsMod/]: Ignoring loot modifiers for:supplementaries:tables/blocks/hanging_sign_oak use this folder name:lootintegrations
[26Oct2025 04:41:29.514] [main/WARN] [com.lootintegrations.LootintegrationsMod/]: Ignoring loot modifiers for:supplementaries:tables/blocks/byg/hanging_sign_zelkova use this folder name:lootintegrations
[26Oct2025 04:41:29.514] [main/WARN] [com.lootintegrations.LootintegrationsMod/]: Ignoring loot modifiers for:supplementaries:tables/blocks/hanging_sign_spruce use this folder name:lootintegrations
[26Oct2025 04:41:29.514] [main/WARN] [com.lootintegrations.LootintegrationsMod/]: Ignoring loot modifiers for:supplementaries:tables/blocks/byg/hanging_sign_imparius use this folder name:lootintegrations
[26Oct2025 04:41:29.514] [main/WARN] [com.lootintegrations.LootintegrationsMod/]: Ignoring loot modifiers for:supplementaries:tables/blocks/aether/hanging_sign_skyroot use this folder name:lootintegrations
[26Oct2025 04:41:29.514] [main/WARN] [com.lootintegrations.LootintegrationsMod/]: Ignoring loot modifiers for:supplementaries:tables/blocks/blue_skies/hanging_sign_crystallized use this folder name:lootintegrations
[26Oct2025 04:41:29.514] [main/WARN] [com.lootintegrations.LootintegrationsMod/]: Ignoring loot modifiers for:supplementaries:tables/blocks/byg/hanging_sign_green_enchanted use this folder name:lootintegrations
[26Oct2025 04:41:29.514] [main/WARN] [com.lootintegrations.LootintegrationsMod/]: Ignoring loot modifiers for:supplementaries:tables/blocks/byg/hanging_sign_fir use this folder name:lootintegrations
[26Oct2025 04:41:29.514] [main/WARN] [com.lootintegrations.LootintegrationsMod/]: Ignoring loot modifiers for:supplementaries:tables/blocks/forbidden_arcanus/hanging_sign_aurum use this folder name:lootintegrations
[26Oct2025 04:41:29.514] [main/WARN] [com.lootintegrations.LootintegrationsMod/]: Ignoring loot modifiers for:supplementaries:tables/blocks/cataclysm/hanging_sign_chorus use this folder name:lootintegrations
[26Oct2025 04:41:29.514] [main/WARN] [com.lootintegrations.LootintegrationsMod/]: Ignoring loot modifiers for:supplementaries:tables/blocks/byg/hanging_sign_blue_enchanted use this folder name:lootintegrations
[26Oct2025 04:41:29.514] [main/WARN] [com.lootintegrations.LootintegrationsMod/]: Ignoring loot modifiers for:supplementaries:tables/blocks/endlessbiomes/hanging_sign_penumbra use this folder name:lootintegrations
[26Oct2025 04:41:29.514] [main/WARN] [com.lootintegrations.LootintegrationsMod/]: Ignoring loot modifiers for:supplementaries:tables/blocks/byg/hanging_sign_nightshade use this folder name:lootintegrations
[26Oct2025 04:41:29.514] [main/WARN] [com.lootintegrations.LootintegrationsMod/]: Ignoring loot modifiers for:supplementaries:tables/blocks/atmospheric/hanging_sign_laurel use this folder name:lootintegrations
[26Oct2025 04:41:29.514] [main/WARN] [com.lootintegrations.LootintegrationsMod/]: Ignoring loot modifiers for:supplementaries:tables/blocks/twilightforest/hanging_sign_twilight_oak use this folder name:lootintegrations
[26Oct2025 04:41:29.514] [main/WARN] [com.lootintegrations.LootintegrationsMod/]: Ignoring loot modifiers for:supplementaries:tables/blocks/byg/hanging_sign_pine use this folder name:lootintegrations
[26Oct2025 04:41:29.514] [main/WARN] [com.lootintegrations.LootintegrationsMod/]: Ignoring loot modifiers for:supplementaries:tables/blocks/forbidden_arcanus/hanging_sign_cherry use this folder name:lootintegrations
[26Oct2025 04:41:29.514] [main/WARN] [com.lootintegrations.LootintegrationsMod/]: Ignoring loot modifiers for:supplementaries:tables/blocks/byg/hanging_sign_bulbis use this folder name:lootintegrations
[26Oct2025 04:41:29.514] [main/WARN] [com.lootintegrations.LootintegrationsMod/]: Ignoring loot modifiers for:supplementaries:tables/blocks/phantasm/hanging_sign_ebony use this folder name:lootintegrations
[26Oct2025 04:41:29.514] [main/WARN] [com.lootintegrations.LootintegrationsMod/]: Ignoring loot modifiers for:supplementaries:tables/blocks/byg/hanging_sign_skyris use this folder name:lootintegrations
[26Oct2025 04:41:29.514] [main/WARN] [com.lootintegrations.LootintegrationsMod/]: Ignoring loot modifiers for:supplementaries:tables/blocks/vinery/hanging_sign_cherry use this folder name:lootintegrations
[26Oct2025 04:41:29.514] [main/WARN] [com.lootintegrations.LootintegrationsMod/]: Ignoring loot modifiers for:supplementaries:tables/blocks/blue_skies/hanging_sign_bluebright use this folder name:lootintegrations
[26Oct2025 04:41:29.514] [main/WARN] [com.lootintegrations.LootintegrationsMod/]: Ignoring loot modifiers for:supplementaries:tables/blocks/ecologics/hanging_sign_walnut use this folder name:lootintegrations
[26Oct2025 04:41:29.514] [main/WARN] [com.lootintegrations.LootintegrationsMod/]: Ignoring loot modifiers for:supplementaries:tables/blocks/deep_aether/hanging_sign_cruderoot use this folder name:lootintegrations
[26Oct2025 04:41:29.514] [main/WARN] [com.lootintegrations.LootintegrationsMod/]: Ignoring loot modifiers for:supplementaries:tables/blocks/byg/hanging_sign_ebony use this folder name:lootintegrations
[26Oct2025 04:41:29.514] [main/WARN] [com.lootintegrations.LootintegrationsMod/]: Ignoring loot modifiers for:supplementaries:tables/blocks/blue_skies/hanging_sign_cherry use this folder name:lootintegrations
[26Oct2025 04:41:29.514] [main/WARN] [com.lootintegrations.LootintegrationsMod/]: Ignoring loot modifiers for:supplementaries:tables/blocks/byg/hanging_sign_willow use this folder name:lootintegrations
[26Oct2025 04:41:29.515] [main/WARN] [com.lootintegrations.LootintegrationsMod/]: Ignoring loot modifiers for:supplementaries:tables/blocks/byg/hanging_sign_rainbow_eucalyptus use this folder name:lootintegrations
[26Oct2025 04:41:29.515] [main/WARN] [com.lootintegrations.LootintegrationsMod/]: Ignoring loot modifiers for:supplementaries:tables/blocks/ecologics/hanging_sign_coconut use this folder name:lootintegrations
[26Oct2025 04:41:29.515] [main/WARN] [com.lootintegrations.LootintegrationsMod/]: Ignoring loot modifiers for:supplementaries:tables/blocks/deep_aether/hanging_sign_conberry use this folder name:lootintegrations
[26Oct2025 04:41:29.515] [main/WARN] [com.lootintegrations.LootintegrationsMod/]: Ignoring loot modifiers for:supplementaries:tables/blocks/forbidden_arcanus/hanging_sign_edelwood use this folder name:lootintegrations
[26Oct2025 04:41:29.515] [main/WARN] [com.lootintegrations.LootintegrationsMod/]: Ignoring loot modifiers for:supplementaries:tables/blocks/byg/hanging_sign_cika use this folder name:lootintegrations
[26Oct2025 04:41:29.515] [main/WARN] [com.lootintegrations.LootintegrationsMod/]: Ignoring loot modifiers for:supplementaries:tables/blocks/twilightforest/hanging_sign_mining use this folder name:lootintegrations
[26Oct2025 04:41:29.515] [main/WARN] [com.lootintegrations.LootintegrationsMod/]: Ignoring loot modifiers for:supplementaries:tables/blocks/atmospheric/hanging_sign_morado use this folder name:lootintegrations
[26Oct2025 04:41:29.515] [main/WARN] [com.lootintegrations.LootintegrationsMod/]: Ignoring loot modifiers for:supplementaries:tables/blocks/byg/hanging_sign_lament use this folder name:lootintegrations
[26Oct2025 04:41:29.515] [main/WARN] [com.lootintegrations.LootintegrationsMod/]: Ignoring loot modifiers for:supplementaries:tables/blocks/ecologics/hanging_sign_azalea use this folder name:lootintegrations
[26Oct2025 04:41:29.515] [main/WARN] [com.lootintegrations.LootintegrationsMod/]: Ignoring loot modifiers for:supplementaries:tables/blocks/forbidden_arcanus/hanging_sign_fungyss use this folder name:lootintegrations
[26Oct2025 04:41:29.515] [main/WARN] [com.lootintegrations.LootintegrationsMod/]: Ignoring loot modifiers for:supplementaries:tables/blocks/blue_skies/hanging_sign_lunar use this folder name:lootintegrations
[26Oct2025 04:41:29.515] [main/WARN] [com.lootintegrations.LootintegrationsMod/]: Ignoring loot modifiers for:supplementaries:tables/blocks/domum_ornamentum/hanging_sign_cactus_extra use this folder name:lootintegrations
[26Oct2025 04:41:29.515] [main/WARN] [com.lootintegrations.LootintegrationsMod/]: Ignoring loot modifiers for:supplementaries:tables/blocks/hanging_sign_birch use this folder name:lootintegrations
[26Oct2025 04:41:29.516] [main/WARN] [com.lootintegrations.LootintegrationsMod/]: Ignoring loot modifiers for:supplementaries:tables/blocks/blue_skies/hanging_sign_frostbright use this folder name:lootintegrations
[26Oct2025 04:41:29.516] [main/WARN] [com.lootintegrations.LootintegrationsMod/]: Ignoring loot modifiers for:supplementaries:tables/blocks/byg/hanging_sign_mahogany use this folder name:lootintegrations
[26Oct2025 04:41:29.516] [main/WARN] [com.lootintegrations.LootintegrationsMod/]: Ignoring loot modifiers for:supplementaries:tables/blocks/byg/hanging_sign_jacaranda use this folder name:lootintegrations
[26Oct2025 04:41:29.516] [main/WARN] [com.lootintegrations.LootintegrationsMod/]: Ignoring loot modifiers for:supplementaries:tables/blocks/deep_aether/hanging_sign_sunroot use this folder name:lootintegrations
[26Oct2025 04:41:29.516] [main/WARN] [com.lootintegrations.LootintegrationsMod/]: Ignoring loot modifiers for:supplementaries:tables/blocks/deeperdarker/hanging_sign_echo use this folder name:lootintegrations
[26Oct2025 04:41:29.516] [main/WARN] [com.lootintegrations.LootintegrationsMod/]: Ignoring loot modifiers for:supplementaries:tables/blocks/atmospheric/hanging_sign_yucca use this folder name:lootintegrations
[26Oct2025 04:41:29.516] [main/WARN] [com.lootintegrations.LootintegrationsMod/]: Ignoring loot modifiers for:supplementaries:tables/blocks/byg/hanging_sign_palm use this folder name:lootintegrations
[26Oct2025 04:41:29.516] [main/WARN] [com.lootintegrations.LootintegrationsMod/]: Ignoring loot modifiers for:supplementaries:tables/blocks/hanging_sign_warped use this folder name:lootintegrations
[26Oct2025 04:41:29.516] [main/WARN] [com.lootintegrations.LootintegrationsMod/]: Ignoring loot modifiers for:supplementaries:tables/blocks/endlessbiomes/hanging_sign_twisted use this folder name:lootintegrations
[26Oct2025 04:41:29.516] [main/WARN] [com.lootintegrations.LootintegrationsMod/]: Ignoring loot modifiers for:supplementaries:tables/blocks/twilightforest/hanging_sign_canopy use this folder name:lootintegrations
[26Oct2025 04:41:29.516] [main/WARN] [com.lootintegrations.LootintegrationsMod/]: Ignoring loot modifiers for:supplementaries:tables/blocks/atmospheric/hanging_sign_aspen use this folder name:lootintegrations
[26Oct2025 04:41:29.516] [main/WARN] [com.lootintegrations.LootintegrationsMod/]: Ignoring loot modifiers for:supplementaries:tables/blocks/byg/hanging_sign_aspen use this folder name:lootintegrations
[26Oct2025 04:41:29.516] [main/WARN] [com.lootintegrations.LootintegrationsMod/]: Ignoring loot modifiers for:supplementaries:tables/blocks/quark/hanging_sign_ancient use this folder name:lootintegrations
[26Oct2025 04:41:29.526] [main/INFO] [com.teampotato.redirector.Redirector/]: Redirecting twilightforest/data/custom/stalactites/entry/Stalactite$HollowHillType
[26Oct2025 04:41:29.526] [main/INFO] [twilightforest/]: Loaded 9 Stalactite configs!
[26Oct2025 04:41:29.544] [main/INFO] [Dungeon Crawl/]: Loading data...
[26Oct2025 04:41:29.568] [main/INFO] [com.teampotato.redirector.Redirector/]: Redirecting xiroc/dungeoncrawl/dungeon/model/DungeonModelBlockType
[26Oct2025 04:41:29.741] [main/INFO] [com.teampotato.redirector.Redirector/]: Redirecting xiroc/dungeoncrawl/dungeon/DungeonLayerType
[26Oct2025 04:41:29.871] [main/INFO] [Dungeon Crawl/]: Done.
[26Oct2025 04:41:29.872] [main/INFO] [com.teamabnormals.blueprint.core.Blueprint/]: Skipped structure repaletter named 'atmospheric:grimwood_chests_in_ancient_cities' as its conditions were not met
[26Oct2025 04:41:29.873] [main/INFO] [com.teamabnormals.blueprint.core.Blueprint/]: Skipped structure repaletter named 'atmospheric:grimwood_fences_in_ancient_cities' as its conditions were not met
[26Oct2025 04:41:29.873] [main/INFO] [com.teamabnormals.blueprint.core.Blueprint/]: Skipped structure repaletter named 'atmospheric:yucca_buttons_in_desert_villages' as its conditions were not met
[26Oct2025 04:41:29.873] [main/INFO] [com.teamabnormals.blueprint.core.Blueprint/]: Skipped structure repaletter named 'atmospheric:yucca_chests_in_desert_villages' as its conditions were not met
[26Oct2025 04:41:29.873] [main/INFO] [com.teamabnormals.blueprint.core.Blueprint/]: Skipped structure repaletter named 'atmospheric:grimwood_ladders_in_ancient_cities' as its conditions were not met
[26Oct2025 04:41:29.873] [main/INFO] [com.teamabnormals.blueprint.core.Blueprint/]: Skipped structure repaletter named 'atmospheric:grimwood_planks_in_ancient_cities' as its conditions were not met
[26Oct2025 04:41:29.873] [main/INFO] [com.teamabnormals.blueprint.core.Blueprint/]: Skipped structure repaletter named 'atmospheric:grimwood_logs_in_ancient_cities' as its conditions were not met
[26Oct2025 04:41:29.873] [main/INFO] [com.teamabnormals.blueprint.core.Blueprint/]: Skipped structure repaletter named 'atmospheric:yucca_fences_in_desert_villages' as its conditions were not met
[26Oct2025 04:41:29.874] [main/INFO] [com.teamabnormals.blueprint.core.Blueprint/]: Skipped structure repaletter named 'atmospheric:yucca_trapdoors_in_desert_villages' as its conditions were not met
[26Oct2025 04:41:29.874] [main/INFO] [com.teamabnormals.blueprint.core.Blueprint/]: Skipped structure repaletter named 'atmospheric:yucca_ladders_in_desert_villages' as its conditions were not met
[26Oct2025 04:41:29.874] [main/INFO] [com.teamabnormals.blueprint.core.Blueprint/]: Skipped structure repaletter named 'atmospheric:yucca_doors_in_desert_villages' as its conditions were not met
[26Oct2025 04:41:29.874] [main/INFO] [com.teamabnormals.blueprint.core.Blueprint/]: Skipped structure repaletter named 'atmospheric:yucca_bookshelves_in_desert_villages' as its conditions were not met
[26Oct2025 04:41:29.874] [main/INFO] [com.teamabnormals.blueprint.core.Blueprint/]: Skipped structure repaletter named 'atmospheric:yucca_fence_gates_in_desert_villages' as its conditions were not met
[26Oct2025 04:41:29.874] [main/INFO] [com.teamabnormals.blueprint.core.Blueprint/]: Structure Repaletter Manager has loaded 15 repaletters
[26Oct2025 04:41:30.079] [main/INFO] [com.teamabnormals.blueprint.core.Blueprint/]: Modded Biome Slice Manager has loaded 2 slices
[26Oct2025 04:41:30.083] [main/INFO] [com.teamabnormals.blueprint.core.Blueprint/]: Chunk Generator Modification Manager has loaded 1 modifier groups
[26Oct2025 04:41:30.090] [main/INFO] [com.teampotato.redirector.Redirector/]: Redirecting daripher/skilltree/skill/bonus/condition/item/EquipmentCondition$Type
[26Oct2025 04:41:30.094] [main/INFO] [com.teampotato.redirector.Redirector/]: Redirecting daripher/skilltree/skill/bonus/condition/enchantment/NoneEnchantmentCondition
[26Oct2025 04:41:30.097] [main/INFO] [com.teampotato.redirector.Redirector/]: Redirecting daripher/skilltree/skill/bonus/SkillBonus$Target
[26Oct2025 04:41:30.099] [main/INFO] [com.teampotato.redirector.Redirector/]: Redirecting daripher/skilltree/skill/bonus/player/GainedExperienceBonus$ExperienceSource
[26Oct2025 04:41:30.124] [main/INFO] [com.teampotato.redirector.Redirector/]: Redirecting daripher/skilltree/skill/bonus/condition/item/NoneItemCondition
[26Oct2025 04:41:30.157] [main/INFO] [com.brutalbosses.BrutalBosses/]: Loaded boss variant for: minecraft:snow_golem
[26Oct2025 04:41:30.157] [main/INFO] [com.brutalbosses.BrutalBosses/]: Loaded boss variant for: minecraft:wandering_trader
[26Oct2025 04:41:30.158] [main/INFO] [com.brutalbosses.BrutalBosses/]: Loaded boss variant for: minecraft:pillager
[26Oct2025 04:41:30.158] [main/INFO] [com.brutalbosses.BrutalBosses/]: Loaded boss variant for: minecraft:evoker
[26Oct2025 04:41:30.158] [main/INFO] [com.brutalbosses.BrutalBosses/]: Loaded boss variant for: minecraft:zombie
[26Oct2025 04:41:30.158] [main/INFO] [com.brutalbosses.BrutalBosses/]: Loaded boss variant for: minecraft:evoker
[26Oct2025 04:41:30.158] [main/INFO] [com.brutalbosses.BrutalBosses/]: Loaded boss variant for: minecraft:shulker
[26Oct2025 04:41:30.158] [main/INFO] [com.brutalbosses.BrutalBosses/]: Loaded boss variant for: minecraft:blaze
[26Oct2025 04:41:30.158] [main/INFO] [com.brutalbosses.BrutalBosses/]: Loaded boss variant for: minecraft:phantom
[26Oct2025 04:41:30.158] [main/INFO] [com.brutalbosses.BrutalBosses/]: Loaded boss variant for: minecraft:mooshroom
[26Oct2025 04:41:30.158] [main/INFO] [com.brutalbosses.BrutalBosses/]: Loaded boss variant for: minecraft:skeleton
[26Oct2025 04:41:30.158] [main/INFO] [com.brutalbosses.BrutalBosses/]: Loaded boss variant for: minecraft:zombie
[26Oct2025 04:41:30.158] [main/INFO] [com.brutalbosses.BrutalBosses/]: Loaded boss variant for: minecraft:wither_skeleton
[26Oct2025 04:41:30.158] [main/INFO] [com.brutalbosses.BrutalBosses/]: Loaded boss variant for: minecraft:cave_spider
[26Oct2025 04:41:30.158] [main/INFO] [com.brutalbosses.BrutalBosses/]: Loaded boss variant for: minecraft:vindicator
[26Oct2025 04:41:30.159] [main/INFO] [com.brutalbosses.BrutalBosses/]: Loaded boss variant for: minecraft:zoglin
[26Oct2025 04:41:30.159] [main/INFO] [com.brutalbosses.BrutalBosses/]: Loaded boss variant for: minecraft:chicken
[26Oct2025 04:41:30.159] [main/INFO] [com.brutalbosses.BrutalBosses/]: Loaded boss variant for: minecraft:rabbit
[26Oct2025 04:41:30.159] [main/INFO] [com.brutalbosses.BrutalBosses/]: Loaded boss variant for: minecraft:piglin_brute
[26Oct2025 04:41:30.159] [main/INFO] [com.brutalbosses.BrutalBosses/]: Loaded boss variant for: minecraft:stray
[26Oct2025 04:41:30.159] [main/INFO] [com.brutalbosses.BrutalBosses/]: Loaded boss variant for: minecraft:drowned
[26Oct2025 04:41:30.159] [main/INFO] [com.brutalbosses.BrutalBosses/]: Loaded boss variant for: minecraft:iron_golem
[26Oct2025 04:41:30.159] [main/INFO] [com.brutalbosses.BrutalBosses/]: Loaded boss variant for: minecraft:zombie
[26Oct2025 04:41:30.159] [main/INFO] [com.brutalbosses.BrutalBosses/]: Loaded boss variant for: minecraft:vex
[26Oct2025 04:41:30.159] [main/INFO] [com.brutalbosses.BrutalBosses/]: Loaded boss variant for: minecraft:vindicator
[26Oct2025 04:41:30.159] [main/INFO] [com.brutalbosses.BrutalBosses/]: Loaded boss variant for: minecraft:wither_skeleton
[26Oct2025 04:41:30.159] [main/INFO] [com.brutalbosses.BrutalBosses/]: Loaded boss variant for: minecraft:husk
[26Oct2025 04:41:30.159] [main/INFO] [com.brutalbosses.BrutalBosses/]: Loaded boss variant for: minecraft:guardian
[26Oct2025 04:41:30.159] [main/INFO] [com.brutalbosses.BrutalBosses/]: Loaded boss variant for: minecraft:witch
[26Oct2025 04:41:30.159] [main/INFO] [com.brutalbosses.BrutalBosses/]: Loaded boss variant for: minecraft:ghast
[26Oct2025 04:41:30.164] [main/INFO] [supplementaries/]: Loaded  8 flute songs
[26Oct2025 04:41:30.169] [main/INFO] [com.teampotato.redirector.Redirector/]: Redirecting net/mehvahdjukaar/supplementaries/common/misc/mob_container/BuiltinAnimation$Type
[26Oct2025 04:41:30.170] [main/INFO] [com.teampotato.redirector.Redirector/]: Redirecting net/mehvahdjukaar/supplementaries/common/misc/mob_container/DataDefinedCatchableMob$TickMode
[26Oct2025 04:41:30.174] [main/INFO] [quark/]: Modified advancement minecraft:husbandry/wax_on with 2 patches
[26Oct2025 04:41:30.175] [main/INFO] [quark/]: Modified advancement minecraft:adventure/kill_a_mob with 3 patches
[26Oct2025 04:41:30.175] [main/INFO] [quark/]: Modified advancement minecraft:husbandry/bred_all_animals with 3 patches
[26Oct2025 04:41:30.175] [main/INFO] [quark/]: Modified advancement minecraft:adventure/kill_all_mobs with 3 patches
[26Oct2025 04:41:30.175] [main/INFO] [quark/]: Modified advancement minecraft:husbandry/make_a_sign_glow with 1 patches
[26Oct2025 04:41:30.176] [main/INFO] [quark/]: Modified advancement minecraft:husbandry/balanced_diet with 3 patches
[26Oct2025 04:41:30.176] [main/INFO] [quark/]: Modified advancement minecraft:husbandry/plant_seed with 1 patches
[26Oct2025 04:41:30.176] [main/INFO] [quark/]: Modified advancement minecraft:nether/all_effects with 2 patches
[26Oct2025 04:41:30.176] [main/INFO] [quark/]: Modified advancement minecraft:husbandry/wax_off with 2 patches
[26Oct2025 04:41:30.176] [main/INFO] [quark/]: Modified advancement minecraft:adventure/adventuring_time with 1 patches
[26Oct2025 04:41:30.176] [main/INFO] [quark/]: Modified advancement minecraft:nether/all_potions with 1 patches
[26Oct2025 04:41:30.177] [main/INFO] [minecolonies/]: Beginning load of custom recipes for colony workers
[26Oct2025 04:41:30.180] [main/INFO] [com.teampotato.redirector.Redirector/]: Redirecting com/minecolonies/api/util/constant/ToolType
[26Oct2025 04:41:30.184] [main/INFO] [minecolonies/]: Loaded 130 recipes for 14 crafters
[26Oct2025 04:41:30.185] [main/INFO] [minecolonies/]: Beginning load of research for University.
[26Oct2025 04:41:30.216] [main/INFO] [com.teampotato.redirector.Redirector/]: Redirecting com/minecolonies/api/research/ResearchBranchType
[26Oct2025 04:41:30.216] [main/INFO] [minecolonies/]: Loaded 201 recipes for 4 research branches
[26Oct2025 04:41:30.217] [main/INFO] [com.teampotato.redirector.Redirector/]: Redirecting com/minecolonies/api/colony/CitizenNameFile$NameOrder
[26Oct2025 04:41:30.220] [main/INFO] [minecolonies/]: Loading quests from data
[26Oct2025 04:41:30.225] [main/INFO] [minecolonies/]: Finished loading quests from data
[26Oct2025 04:41:30.229] [main/WARN] [minecolonies/]: Read 1362 items with their nbt keys for compatibility.
[26Oct2025 04:41:30.231] [main/INFO] [com.teampotato.redirector.Redirector/]: Redirecting com/stal111/forbidden_arcanus/common/block/entity/forge/ritual/Ritual$PedestalType
[26Oct2025 04:41:30.259] [main/INFO] [Gateways to Eternity/]: Registered 35 gateways.
[26Oct2025 04:41:30.260] [main/INFO] [Apotheosis : Enchantment/]: Registered 33 enchanting_stats.
[26Oct2025 04:41:30.267] [main/ERROR] [Apotheosis : Adventure/]: Failed parsing affixes file apothiccurios:apothcurios/attribute/ironforged.
[26Oct2025 04:41:30.267] [main/ERROR] [Apotheosis : Adventure/]: Underlying Exception: 
java.lang.IllegalArgumentException: null
	at com.google.common.base.Preconditions.checkArgument(Preconditions.java:131) ~[guava-31.0.1-jre.jar%2370!/:?]
	at shadows.placebo.util.StepFunction.<init>(StepFunction.java:49) ~[Placebo-1.19.2-7.4.1.jar%23574!/:7.4.1]
	at com.mojang.datafixers.util.Function3.lambda$curry$0(Function3.java:10) ~[datafixerupper-5.0.28.jar%2373!/:?]
	at com.mojang.datafixers.kinds.Applicative.lambda$ap2$8(Applicative.java:75) ~[datafixerupper-5.0.28.jar%2373!/:?]
	at com.mojang.serialization.DataResult.lambda$ap$17(DataResult.java:159) ~[datafixerupper-5.0.28.jar%2373!/:?]
	at java.util.Optional.map(Optional.java:260) ~[?:?]
	at com.mojang.serialization.DataResult.lambda$ap$18(DataResult.java:159) ~[datafixerupper-5.0.28.jar%2373!/:?]
	at com.mojang.datafixers.util.Either$Right.mapBoth(Either.java:94) ~[datafixerupper-5.0.28.jar%2373!/:?]
	at com.mojang.serialization.DataResult.lambda$ap$19(DataResult.java:157) ~[datafixerupper-5.0.28.jar%2373!/:?]
	at com.mojang.datafixers.util.Either$Left.map(Either.java:38) ~[datafixerupper-5.0.28.jar%2373!/:?]
	at com.mojang.serialization.DataResult.ap(DataResult.java:156) ~[datafixerupper-5.0.28.jar%2373!/:?]
	at com.mojang.serialization.DataResult$Instance.ap(DataResult.java:301) ~[datafixerupper-5.0.28.jar%2373!/:?]
	at com.mojang.datafixers.kinds.Applicative.ap2(Applicative.java:76) ~[datafixerupper-5.0.28.jar%2373!/:?]
	at com.mojang.serialization.DataResult$Instance.ap2(DataResult.java:321) ~[datafixerupper-5.0.28.jar%2373!/:?]
	at com.mojang.datafixers.kinds.Applicative.ap3(Applicative.java:80) ~[datafixerupper-5.0.28.jar%2373!/:?]
	at com.mojang.serialization.DataResult$Instance.ap3(DataResult.java:344) ~[datafixerupper-5.0.28.jar%2373!/:?]
	at com.mojang.serialization.codecs.RecordCodecBuilder$Instance$5.decode(RecordCodecBuilder.java:321) ~[datafixerupper-5.0.28.jar%2373!/:?]
	at com.mojang.serialization.codecs.RecordCodecBuilder$2.decode(RecordCodecBuilder.java:107) ~[datafixerupper-5.0.28.jar%2373!/:?]
	at com.mojang.serialization.MapDecoder.lambda$compressedDecode$0(MapDecoder.java:52) ~[datafixerupper-5.0.28.jar%2373!/:?]
	at com.mojang.serialization.DataResult.lambda$flatMap$10(DataResult.java:138) ~[datafixerupper-5.0.28.jar%2373!/:?]
	at com.mojang.datafixers.util.Either$Left.map(Either.java:38) ~[datafixerupper-5.0.28.jar%2373!/:?]
	at com.mojang.serialization.DataResult.flatMap(DataResult.java:136) ~[datafixerupper-5.0.28.jar%2373!/:?]
	at com.mojang.serialization.MapDecoder.compressedDecode(MapDecoder.java:52) ~[datafixerupper-5.0.28.jar%2373!/:?]
	at com.mojang.serialization.MapCodec$MapCodecCodec.decode(MapCodec.java:91) ~[datafixerupper-5.0.28.jar%2373!/:?]
	at com.mojang.serialization.codecs.EitherCodec.decode(EitherCodec.java:28) ~[datafixerupper-5.0.28.jar%2373!/:?]
	at com.mojang.serialization.Decoder$2.decode(Decoder.java:63) ~[datafixerupper-5.0.28.jar%2373!/:?]
	at com.mojang.serialization.Codec$2.decode(Codec.java:71) ~[datafixerupper-5.0.28.jar%2373!/:?]
	at com.mojang.serialization.Decoder.parse(Decoder.java:18) ~[datafixerupper-5.0.28.jar%2373!/:?]
	at com.mojang.serialization.codecs.BaseMapCodec.lambda$decode$2(BaseMapCodec.java:31) ~[datafixerupper-5.0.28.jar%2373!/:?]
	at java.util.stream.ReduceOps$1ReducingSink.accept(ReduceOps.java:80) ~[?:?]
	at java.util.stream.ReferencePipeline$3$1.accept(ReferencePipeline.java:197) ~[?:?]
	at java.util.Iterator.forEachRemaining(Iterator.java:133) ~[?:?]
	at java.util.Spliterators$IteratorSpliterator.forEachRemaining(Spliterators.java:1845) ~[?:?]
	at java.util.stream.AbstractPipeline.copyInto(AbstractPipeline.java:509) ~[?:?]
	at java.util.stream.AbstractPipeline.wrapAndCopyInto(AbstractPipeline.java:499) ~[?:?]
	at java.util.stream.ReduceOps$ReduceOp.evaluateSequential(ReduceOps.java:921) ~[?:?]
	at java.util.stream.AbstractPipeline.evaluate(AbstractPipeline.java:234) ~[?:?]
	at java.util.stream.ReferencePipeline.reduce(ReferencePipeline.java:667) ~[?:?]
	at com.mojang.serialization.codecs.BaseMapCodec.decode(BaseMapCodec.java:27) ~[datafixerupper-5.0.28.jar%2373!/:?]
	at com.mojang.serialization.codecs.SimpleMapCodec.decode(SimpleMapCodec.java:48) ~[datafixerupper-5.0.28.jar%2373!/:?]
	at com.mojang.serialization.MapDecoder.lambda$compressedDecode$0(MapDecoder.java:52) ~[datafixerupper-5.0.28.jar%2373!/:?]
	at com.mojang.serialization.DataResult.lambda$flatMap$10(DataResult.java:138) ~[datafixerupper-5.0.28.jar%2373!/:?]
	at com.mojang.datafixers.util.Either$Left.map(Either.java:38) ~[datafixerupper-5.0.28.jar%2373!/:?]
	at com.mojang.serialization.DataResult.flatMap(DataResult.java:136) ~[datafixerupper-5.0.28.jar%2373!/:?]
	at com.mojang.serialization.MapDecoder.compressedDecode(MapDecoder.java:52) ~[datafixerupper-5.0.28.jar%2373!/:?]
	at com.mojang.serialization.MapCodec$MapCodecCodec.decode(MapCodec.java:91) ~[datafixerupper-5.0.28.jar%2373!/:?]
	at com.mojang.serialization.Decoder.parse(Decoder.java:18) ~[datafixerupper-5.0.28.jar%2373!/:?]
	at com.mojang.serialization.codecs.FieldDecoder.decode(FieldDecoder.java:29) ~[datafixerupper-5.0.28.jar%2373!/:?]
	at com.mojang.serialization.MapCodec$1.decode(MapCodec.java:34) ~[datafixerupper-5.0.28.jar%2373!/:?]
	at com.mojang.serialization.codecs.RecordCodecBuilder$Instance$7.decode(RecordCodecBuilder.java:408) ~[datafixerupper-5.0.28.jar%2373!/:?]
	at com.mojang.serialization.codecs.RecordCodecBuilder$2.decode(RecordCodecBuilder.java:107) ~[datafixerupper-5.0.28.jar%2373!/:?]
	at com.mojang.serialization.MapDecoder.lambda$compressedDecode$0(MapDecoder.java:52) ~[datafixerupper-5.0.28.jar%2373!/:?]
	at com.mojang.serialization.DataResult.lambda$flatMap$10(DataResult.java:138) ~[datafixerupper-5.0.28.jar%2373!/:?]
	at com.mojang.datafixers.util.Either$Left.map(Either.java:38) ~[datafixerupper-5.0.28.jar%2373!/:?]
	at com.mojang.serialization.DataResult.flatMap(DataResult.java:136) ~[datafixerupper-5.0.28.jar%2373!/:?]
	at com.mojang.serialization.MapDecoder.compressedDecode(MapDecoder.java:52) ~[datafixerupper-5.0.28.jar%2373!/:?]
	at com.mojang.serialization.MapCodec$MapCodecCodec.decode(MapCodec.java:91) ~[datafixerupper-5.0.28.jar%2373!/:?]
	at shadows.placebo.json.PSerializer.lambda$fromCodec$2(PSerializer.java:122) ~[Placebo-1.19.2-7.4.1.jar%23574!/:7.4.1]
	at shadows.placebo.json.PSerializer.read(PSerializer.java:76) ~[Placebo-1.19.2-7.4.1.jar%23574!/:7.4.1]
	at shadows.placebo.json.SerializerMap.read(SerializerMap.java:112) ~[Placebo-1.19.2-7.4.1.jar%23574!/:7.4.1]
	at shadows.placebo.json.PlaceboJsonReloadListener.lambda$apply$0(PlaceboJsonReloadListener.java:97) ~[Placebo-1.19.2-7.4.1.jar%23574!/:7.4.1]
	at java.util.HashMap.forEach(HashMap.java:1421) ~[?:?]
	at shadows.placebo.json.PlaceboJsonReloadListener.apply(PlaceboJsonReloadListener.java:91) ~[Placebo-1.19.2-7.4.1.jar%23574!/:7.4.1]
	at shadows.placebo.json.PlaceboJsonReloadListener.m_5787_(PlaceboJsonReloadListener.java:47) ~[Placebo-1.19.2-7.4.1.jar%23574!/:7.4.1]
	at net.minecraft.server.packs.resources.SimplePreparableReloadListener.m_10789_(SimplePreparableReloadListener.java:13) ~[server-1.19.2-20220805.130853-srg.jar%23655!/:?]
	at java.util.concurrent.CompletableFuture$UniAccept.tryFire(CompletableFuture.java:718) ~[?:?]
	at java.util.concurrent.CompletableFuture$Completion.run(CompletableFuture.java:482) ~[?:?]
	at net.minecraft.server.packs.resources.SimpleReloadInstance.m_143940_(SimpleReloadInstance.java:69) ~[server-1.19.2-20220805.130853-srg.jar%23655!/:?]
	at net.minecraft.Util.m_214652_(Util.java:781) ~[server-1.19.2-20220805.130853-srg.jar%23655!/:?]
	at net.minecraft.Util.m_214679_(Util.java:770) ~[server-1.19.2-20220805.130853-srg.jar%23655!/:?]
	at net.minecraft.server.Main.main(Main.java:157) ~[server-1.19.2-20220805.130853-srg.jar%23655!/:?]
	at jdk.internal.reflect.NativeMethodAccessorImpl.invoke0(Native Method) ~[?:?]
	at jdk.internal.reflect.NativeMethodAccessorImpl.invoke(NativeMethodAccessorImpl.java:77) ~[?:?]
	at jdk.internal.reflect.DelegatingMethodAccessorImpl.invoke(DelegatingMethodAccessorImpl.java:43) ~[?:?]
	at java.lang.reflect.Method.invoke(Method.java:569) ~[?:?]
	at net.minecraftforge.fml.loading.targets.CommonServerLaunchHandler.lambda$launchService$0(CommonServerLaunchHandler.java:29) ~[fmlloader-1.19.2-43.4.2.jar%2365!/:?]
	at cpw.mods.modlauncher.LaunchServiceHandlerDecorator.launch(LaunchServiceHandlerDecorator.java:30) [modlauncher-10.0.8.jar%2352!/:?]
	at cpw.mods.modlauncher.LaunchServiceHandler.launch(LaunchServiceHandler.java:53) [modlauncher-10.0.8.jar%2352!/:?]
	at cpw.mods.modlauncher.LaunchServiceHandler.launch(LaunchServiceHandler.java:71) [modlauncher-10.0.8.jar%2352!/:?]
	at cpw.mods.modlauncher.Launcher.run(Launcher.java:106) [modlauncher-10.0.8.jar%2352!/:?]
	at cpw.mods.modlauncher.Launcher.main(Launcher.java:77) [modlauncher-10.0.8.jar%2352!/:?]
	at cpw.mods.modlauncher.BootstrapLaunchConsumer.accept(BootstrapLaunchConsumer.java:26) [modlauncher-10.0.8.jar%2352!/:?]
	at cpw.mods.modlauncher.BootstrapLaunchConsumer.accept(BootstrapLaunchConsumer.java:23) [modlauncher-10.0.8.jar%2352!/:?]
	at cpw.mods.bootstraplauncher.BootstrapLauncher.main(BootstrapLauncher.java:141) [bootstraplauncher-1.1.2.jar:?]
[26Oct2025 04:41:30.270] [main/ERROR] [Apotheosis : Adventure/]: Failed parsing affixes file apothiccurios:apothcurios/attribute/immortal.
[26Oct2025 04:41:30.270] [main/ERROR] [Apotheosis : Adventure/]: Underlying Exception: 
java.lang.IllegalArgumentException: null
	at com.google.common.base.Preconditions.checkArgument(Preconditions.java:131) ~[guava-31.0.1-jre.jar%2370!/:?]
	at shadows.placebo.util.StepFunction.<init>(StepFunction.java:49) ~[Placebo-1.19.2-7.4.1.jar%23574!/:7.4.1]
	at com.mojang.datafixers.util.Function3.lambda$curry$0(Function3.java:10) ~[datafixerupper-5.0.28.jar%2373!/:?]
	at com.mojang.datafixers.kinds.Applicative.lambda$ap2$8(Applicative.java:75) ~[datafixerupper-5.0.28.jar%2373!/:?]
	at com.mojang.serialization.DataResult.lambda$ap$17(DataResult.java:159) ~[datafixerupper-5.0.28.jar%2373!/:?]
	at java.util.Optional.map(Optional.java:260) ~[?:?]
	at com.mojang.serialization.DataResult.lambda$ap$18(DataResult.java:159) ~[datafixerupper-5.0.28.jar%2373!/:?]
	at com.mojang.datafixers.util.Either$Right.mapBoth(Either.java:94) ~[datafixerupper-5.0.28.jar%2373!/:?]
	at com.mojang.serialization.DataResult.lambda$ap$19(DataResult.java:157) ~[datafixerupper-5.0.28.jar%2373!/:?]
	at com.mojang.datafixers.util.Either$Left.map(Either.java:38) ~[datafixerupper-5.0.28.jar%2373!/:?]
	at com.mojang.serialization.DataResult.ap(DataResult.java:156) ~[datafixerupper-5.0.28.jar%2373!/:?]
	at com.mojang.serialization.DataResult$Instance.ap(DataResult.java:301) ~[datafixerupper-5.0.28.jar%2373!/:?]
	at com.mojang.datafixers.kinds.Applicative.ap2(Applicative.java:76) ~[datafixerupper-5.0.28.jar%2373!/:?]
	at com.mojang.serialization.DataResult$Instance.ap2(DataResult.java:321) ~[datafixerupper-5.0.28.jar%2373!/:?]
	at com.mojang.datafixers.kinds.Applicative.ap3(Applicative.java:80) ~[datafixerupper-5.0.28.jar%2373!/:?]
	at com.mojang.serialization.DataResult$Instance.ap3(DataResult.java:344) ~[datafixerupper-5.0.28.jar%2373!/:?]
	at com.mojang.serialization.codecs.RecordCodecBuilder$Instance$5.decode(RecordCodecBuilder.java:321) ~[datafixerupper-5.0.28.jar%2373!/:?]
	at com.mojang.serialization.codecs.RecordCodecBuilder$2.decode(RecordCodecBuilder.java:107) ~[datafixerupper-5.0.28.jar%2373!/:?]
	at com.mojang.serialization.MapDecoder.lambda$compressedDecode$0(MapDecoder.java:52) ~[datafixerupper-5.0.28.jar%2373!/:?]
	at com.mojang.serialization.DataResult.lambda$flatMap$10(DataResult.java:138) ~[datafixerupper-5.0.28.jar%2373!/:?]
	at com.mojang.datafixers.util.Either$Left.map(Either.java:38) ~[datafixerupper-5.0.28.jar%2373!/:?]
	at com.mojang.serialization.DataResult.flatMap(DataResult.java:136) ~[datafixerupper-5.0.28.jar%2373!/:?]
	at com.mojang.serialization.MapDecoder.compressedDecode(MapDecoder.java:52) ~[datafixerupper-5.0.28.jar%2373!/:?]
	at com.mojang.serialization.MapCodec$MapCodecCodec.decode(MapCodec.java:91) ~[datafixerupper-5.0.28.jar%2373!/:?]
	at com.mojang.serialization.codecs.EitherCodec.decode(EitherCodec.java:28) ~[datafixerupper-5.0.28.jar%2373!/:?]
	at com.mojang.serialization.Decoder$2.decode(Decoder.java:63) ~[datafixerupper-5.0.28.jar%2373!/:?]
	at com.mojang.serialization.Codec$2.decode(Codec.java:71) ~[datafixerupper-5.0.28.jar%2373!/:?]
	at com.mojang.serialization.Decoder.parse(Decoder.java:18) ~[datafixerupper-5.0.28.jar%2373!/:?]
	at com.mojang.serialization.codecs.BaseMapCodec.lambda$decode$2(BaseMapCodec.java:31) ~[datafixerupper-5.0.28.jar%2373!/:?]
	at java.util.stream.ReduceOps$1ReducingSink.accept(ReduceOps.java:80) ~[?:?]
	at java.util.stream.ReferencePipeline$3$1.accept(ReferencePipeline.java:197) ~[?:?]
	at java.util.Iterator.forEachRemaining(Iterator.java:133) ~[?:?]
	at java.util.Spliterators$IteratorSpliterator.forEachRemaining(Spliterators.java:1845) ~[?:?]
	at java.util.stream.AbstractPipeline.copyInto(AbstractPipeline.java:509) ~[?:?]
	at java.util.stream.AbstractPipeline.wrapAndCopyInto(AbstractPipeline.java:499) ~[?:?]
	at java.util.stream.ReduceOps$ReduceOp.evaluateSequential(ReduceOps.java:921) ~[?:?]
	at java.util.stream.AbstractPipeline.evaluate(AbstractPipeline.java:234) ~[?:?]
	at java.util.stream.ReferencePipeline.reduce(ReferencePipeline.java:667) ~[?:?]
	at com.mojang.serialization.codecs.BaseMapCodec.decode(BaseMapCodec.java:27) ~[datafixerupper-5.0.28.jar%2373!/:?]
	at com.mojang.serialization.codecs.SimpleMapCodec.decode(SimpleMapCodec.java:48) ~[datafixerupper-5.0.28.jar%2373!/:?]
	at com.mojang.serialization.MapDecoder.lambda$compressedDecode$0(MapDecoder.java:52) ~[datafixerupper-5.0.28.jar%2373!/:?]
	at com.mojang.serialization.DataResult.lambda$flatMap$10(DataResult.java:138) ~[datafixerupper-5.0.28.jar%2373!/:?]
	at com.mojang.datafixers.util.Either$Left.map(Either.java:38) ~[datafixerupper-5.0.28.jar%2373!/:?]
	at com.mojang.serialization.DataResult.flatMap(DataResult.java:136) ~[datafixerupper-5.0.28.jar%2373!/:?]
	at com.mojang.serialization.MapDecoder.compressedDecode(MapDecoder.java:52) ~[datafixerupper-5.0.28.jar%2373!/:?]
	at com.mojang.serialization.MapCodec$MapCodecCodec.decode(MapCodec.java:91) ~[datafixerupper-5.0.28.jar%2373!/:?]
	at com.mojang.serialization.Decoder.parse(Decoder.java:18) ~[datafixerupper-5.0.28.jar%2373!/:?]
	at com.mojang.serialization.codecs.FieldDecoder.decode(FieldDecoder.java:29) ~[datafixerupper-5.0.28.jar%2373!/:?]
	at com.mojang.serialization.MapCodec$1.decode(MapCodec.java:34) ~[datafixerupper-5.0.28.jar%2373!/:?]
	at com.mojang.serialization.codecs.RecordCodecBuilder$Instance$7.decode(RecordCodecBuilder.java:408) ~[datafixerupper-5.0.28.jar%2373!/:?]
	at com.mojang.serialization.codecs.RecordCodecBuilder$2.decode(RecordCodecBuilder.java:107) ~[datafixerupper-5.0.28.jar%2373!/:?]
	at com.mojang.serialization.MapDecoder.lambda$compressedDecode$0(MapDecoder.java:52) ~[datafixerupper-5.0.28.jar%2373!/:?]
	at com.mojang.serialization.DataResult.lambda$flatMap$10(DataResult.java:138) ~[datafixerupper-5.0.28.jar%2373!/:?]
	at com.mojang.datafixers.util.Either$Left.map(Either.java:38) ~[datafixerupper-5.0.28.jar%2373!/:?]
	at com.mojang.serialization.DataResult.flatMap(DataResult.java:136) ~[datafixerupper-5.0.28.jar%2373!/:?]
	at com.mojang.serialization.MapDecoder.compressedDecode(MapDecoder.java:52) ~[datafixerupper-5.0.28.jar%2373!/:?]
	at com.mojang.serialization.MapCodec$MapCodecCodec.decode(MapCodec.java:91) ~[datafixerupper-5.0.28.jar%2373!/:?]
	at shadows.placebo.json.PSerializer.lambda$fromCodec$2(PSerializer.java:122) ~[Placebo-1.19.2-7.4.1.jar%23574!/:7.4.1]
	at shadows.placebo.json.PSerializer.read(PSerializer.java:76) ~[Placebo-1.19.2-7.4.1.jar%23574!/:7.4.1]
	at shadows.placebo.json.SerializerMap.read(SerializerMap.java:112) ~[Placebo-1.19.2-7.4.1.jar%23574!/:7.4.1]
	at shadows.placebo.json.PlaceboJsonReloadListener.lambda$apply$0(PlaceboJsonReloadListener.java:97) ~[Placebo-1.19.2-7.4.1.jar%23574!/:7.4.1]
	at java.util.HashMap.forEach(HashMap.java:1421) ~[?:?]
	at shadows.placebo.json.PlaceboJsonReloadListener.apply(PlaceboJsonReloadListener.java:91) ~[Placebo-1.19.2-7.4.1.jar%23574!/:7.4.1]
	at shadows.placebo.json.PlaceboJsonReloadListener.m_5787_(PlaceboJsonReloadListener.java:47) ~[Placebo-1.19.2-7.4.1.jar%23574!/:7.4.1]
	at net.minecraft.server.packs.resources.SimplePreparableReloadListener.m_10789_(SimplePreparableReloadListener.java:13) ~[server-1.19.2-20220805.130853-srg.jar%23655!/:?]
	at java.util.concurrent.CompletableFuture$UniAccept.tryFire(CompletableFuture.java:718) ~[?:?]
	at java.util.concurrent.CompletableFuture$Completion.run(CompletableFuture.java:482) ~[?:?]
	at net.minecraft.server.packs.resources.SimpleReloadInstance.m_143940_(SimpleReloadInstance.java:69) ~[server-1.19.2-20220805.130853-srg.jar%23655!/:?]
	at net.minecraft.Util.m_214652_(Util.java:781) ~[server-1.19.2-20220805.130853-srg.jar%23655!/:?]
	at net.minecraft.Util.m_214679_(Util.java:770) ~[server-1.19.2-20220805.130853-srg.jar%23655!/:?]
	at net.minecraft.server.Main.main(Main.java:157) ~[server-1.19.2-20220805.130853-srg.jar%23655!/:?]
	at jdk.internal.reflect.NativeMethodAccessorImpl.invoke0(Native Method) ~[?:?]
	at jdk.internal.reflect.NativeMethodAccessorImpl.invoke(NativeMethodAccessorImpl.java:77) ~[?:?]
	at jdk.internal.reflect.DelegatingMethodAccessorImpl.invoke(DelegatingMethodAccessorImpl.java:43) ~[?:?]
	at java.lang.reflect.Method.invoke(Method.java:569) ~[?:?]
	at net.minecraftforge.fml.loading.targets.CommonServerLaunchHandler.lambda$launchService$0(CommonServerLaunchHandler.java:29) ~[fmlloader-1.19.2-43.4.2.jar%2365!/:?]
	at cpw.mods.modlauncher.LaunchServiceHandlerDecorator.launch(LaunchServiceHandlerDecorator.java:30) [modlauncher-10.0.8.jar%2352!/:?]
	at cpw.mods.modlauncher.LaunchServiceHandler.launch(LaunchServiceHandler.java:53) [modlauncher-10.0.8.jar%2352!/:?]
	at cpw.mods.modlauncher.LaunchServiceHandler.launch(LaunchServiceHandler.java:71) [modlauncher-10.0.8.jar%2352!/:?]
	at cpw.mods.modlauncher.Launcher.run(Launcher.java:106) [modlauncher-10.0.8.jar%2352!/:?]
	at cpw.mods.modlauncher.Launcher.main(Launcher.java:77) [modlauncher-10.0.8.jar%2352!/:?]
	at cpw.mods.modlauncher.BootstrapLaunchConsumer.accept(BootstrapLaunchConsumer.java:26) [modlauncher-10.0.8.jar%2352!/:?]
	at cpw.mods.modlauncher.BootstrapLaunchConsumer.accept(BootstrapLaunchConsumer.java:23) [modlauncher-10.0.8.jar%2352!/:?]
	at cpw.mods.bootstraplauncher.BootstrapLauncher.main(BootstrapLauncher.java:141) [bootstraplauncher-1.1.2.jar:?]
[26Oct2025 04:41:30.282] [main/ERROR] [Apotheosis : Adventure/]: Failed parsing affixes file apothiccurios:apothcurios/attribute/steel_touched.
[26Oct2025 04:41:30.282] [main/ERROR] [Apotheosis : Adventure/]: Underlying Exception: 
java.lang.IllegalArgumentException: null
	at com.google.common.base.Preconditions.checkArgument(Preconditions.java:131) ~[guava-31.0.1-jre.jar%2370!/:?]
	at shadows.placebo.util.StepFunction.<init>(StepFunction.java:49) ~[Placebo-1.19.2-7.4.1.jar%23574!/:7.4.1]
	at com.mojang.datafixers.util.Function3.lambda$curry$0(Function3.java:10) ~[datafixerupper-5.0.28.jar%2373!/:?]
	at com.mojang.datafixers.kinds.Applicative.lambda$ap2$8(Applicative.java:75) ~[datafixerupper-5.0.28.jar%2373!/:?]
	at com.mojang.serialization.DataResult.lambda$ap$17(DataResult.java:159) ~[datafixerupper-5.0.28.jar%2373!/:?]
	at java.util.Optional.map(Optional.java:260) ~[?:?]
	at com.mojang.serialization.DataResult.lambda$ap$18(DataResult.java:159) ~[datafixerupper-5.0.28.jar%2373!/:?]
	at com.mojang.datafixers.util.Either$Right.mapBoth(Either.java:94) ~[datafixerupper-5.0.28.jar%2373!/:?]
	at com.mojang.serialization.DataResult.lambda$ap$19(DataResult.java:157) ~[datafixerupper-5.0.28.jar%2373!/:?]
	at com.mojang.datafixers.util.Either$Left.map(Either.java:38) ~[datafixerupper-5.0.28.jar%2373!/:?]
	at com.mojang.serialization.DataResult.ap(DataResult.java:156) ~[datafixerupper-5.0.28.jar%2373!/:?]
	at com.mojang.serialization.DataResult$Instance.ap(DataResult.java:301) ~[datafixerupper-5.0.28.jar%2373!/:?]
	at com.mojang.datafixers.kinds.Applicative.ap2(Applicative.java:76) ~[datafixerupper-5.0.28.jar%2373!/:?]
	at com.mojang.serialization.DataResult$Instance.ap2(DataResult.java:321) ~[datafixerupper-5.0.28.jar%2373!/:?]
	at com.mojang.datafixers.kinds.Applicative.ap3(Applicative.java:80) ~[datafixerupper-5.0.28.jar%2373!/:?]
	at com.mojang.serialization.DataResult$Instance.ap3(DataResult.java:344) ~[datafixerupper-5.0.28.jar%2373!/:?]
	at com.mojang.serialization.codecs.RecordCodecBuilder$Instance$5.decode(RecordCodecBuilder.java:321) ~[datafixerupper-5.0.28.jar%2373!/:?]
	at com.mojang.serialization.codecs.RecordCodecBuilder$2.decode(RecordCodecBuilder.java:107) ~[datafixerupper-5.0.28.jar%2373!/:?]
	at com.mojang.serialization.MapDecoder.lambda$compressedDecode$0(MapDecoder.java:52) ~[datafixerupper-5.0.28.jar%2373!/:?]
	at com.mojang.serialization.DataResult.lambda$flatMap$10(DataResult.java:138) ~[datafixerupper-5.0.28.jar%2373!/:?]
	at com.mojang.datafixers.util.Either$Left.map(Either.java:38) ~[datafixerupper-5.0.28.jar%2373!/:?]
	at com.mojang.serialization.DataResult.flatMap(DataResult.java:136) ~[datafixerupper-5.0.28.jar%2373!/:?]
	at com.mojang.serialization.MapDecoder.compressedDecode(MapDecoder.java:52) ~[datafixerupper-5.0.28.jar%2373!/:?]
	at com.mojang.serialization.MapCodec$MapCodecCodec.decode(MapCodec.java:91) ~[datafixerupper-5.0.28.jar%2373!/:?]
	at com.mojang.serialization.codecs.EitherCodec.decode(EitherCodec.java:28) ~[datafixerupper-5.0.28.jar%2373!/:?]
	at com.mojang.serialization.Decoder$2.decode(Decoder.java:63) ~[datafixerupper-5.0.28.jar%2373!/:?]
	at com.mojang.serialization.Codec$2.decode(Codec.java:71) ~[datafixerupper-5.0.28.jar%2373!/:?]
	at com.mojang.serialization.Decoder.parse(Decoder.java:18) ~[datafixerupper-5.0.28.jar%2373!/:?]
	at com.mojang.serialization.codecs.BaseMapCodec.lambda$decode$2(BaseMapCodec.java:31) ~[datafixerupper-5.0.28.jar%2373!/:?]
	at java.util.stream.ReduceOps$1ReducingSink.accept(ReduceOps.java:80) ~[?:?]
	at java.util.stream.ReferencePipeline$3$1.accept(ReferencePipeline.java:197) ~[?:?]
	at java.util.Iterator.forEachRemaining(Iterator.java:133) ~[?:?]
	at java.util.Spliterators$IteratorSpliterator.forEachRemaining(Spliterators.java:1845) ~[?:?]
	at java.util.stream.AbstractPipeline.copyInto(AbstractPipeline.java:509) ~[?:?]
	at java.util.stream.AbstractPipeline.wrapAndCopyInto(AbstractPipeline.java:499) ~[?:?]
	at java.util.stream.ReduceOps$ReduceOp.evaluateSequential(ReduceOps.java:921) ~[?:?]
	at java.util.stream.AbstractPipeline.evaluate(AbstractPipeline.java:234) ~[?:?]
	at java.util.stream.ReferencePipeline.reduce(ReferencePipeline.java:667) ~[?:?]
	at com.mojang.serialization.codecs.BaseMapCodec.decode(BaseMapCodec.java:27) ~[datafixerupper-5.0.28.jar%2373!/:?]
	at com.mojang.serialization.codecs.SimpleMapCodec.decode(SimpleMapCodec.java:48) ~[datafixerupper-5.0.28.jar%2373!/:?]
	at com.mojang.serialization.MapDecoder.lambda$compressedDecode$0(MapDecoder.java:52) ~[datafixerupper-5.0.28.jar%2373!/:?]
	at com.mojang.serialization.DataResult.lambda$flatMap$10(DataResult.java:138) ~[datafixerupper-5.0.28.jar%2373!/:?]
	at com.mojang.datafixers.util.Either$Left.map(Either.java:38) ~[datafixerupper-5.0.28.jar%2373!/:?]
	at com.mojang.serialization.DataResult.flatMap(DataResult.java:136) ~[datafixerupper-5.0.28.jar%2373!/:?]
	at com.mojang.serialization.MapDecoder.compressedDecode(MapDecoder.java:52) ~[datafixerupper-5.0.28.jar%2373!/:?]
	at com.mojang.serialization.MapCodec$MapCodecCodec.decode(MapCodec.java:91) ~[datafixerupper-5.0.28.jar%2373!/:?]
	at com.mojang.serialization.Decoder.parse(Decoder.java:18) ~[datafixerupper-5.0.28.jar%2373!/:?]
	at com.mojang.serialization.codecs.FieldDecoder.decode(FieldDecoder.java:29) ~[datafixerupper-5.0.28.jar%2373!/:?]
	at com.mojang.serialization.MapCodec$1.decode(MapCodec.java:34) ~[datafixerupper-5.0.28.jar%2373!/:?]
	at com.mojang.serialization.codecs.RecordCodecBuilder$Instance$7.decode(RecordCodecBuilder.java:408) ~[datafixerupper-5.0.28.jar%2373!/:?]
	at com.mojang.serialization.codecs.RecordCodecBuilder$2.decode(RecordCodecBuilder.java:107) ~[datafixerupper-5.0.28.jar%2373!/:?]
	at com.mojang.serialization.MapDecoder.lambda$compressedDecode$0(MapDecoder.java:52) ~[datafixerupper-5.0.28.jar%2373!/:?]
	at com.mojang.serialization.DataResult.lambda$flatMap$10(DataResult.java:138) ~[datafixerupper-5.0.28.jar%2373!/:?]
	at com.mojang.datafixers.util.Either$Left.map(Either.java:38) ~[datafixerupper-5.0.28.jar%2373!/:?]
	at com.mojang.serialization.DataResult.flatMap(DataResult.java:136) ~[datafixerupper-5.0.28.jar%2373!/:?]
	at com.mojang.serialization.MapDecoder.compressedDecode(MapDecoder.java:52) ~[datafixerupper-5.0.28.jar%2373!/:?]
	at com.mojang.serialization.MapCodec$MapCodecCodec.decode(MapCodec.java:91) ~[datafixerupper-5.0.28.jar%2373!/:?]
	at shadows.placebo.json.PSerializer.lambda$fromCodec$2(PSerializer.java:122) ~[Placebo-1.19.2-7.4.1.jar%23574!/:7.4.1]
	at shadows.placebo.json.PSerializer.read(PSerializer.java:76) ~[Placebo-1.19.2-7.4.1.jar%23574!/:7.4.1]
	at shadows.placebo.json.SerializerMap.read(SerializerMap.java:112) ~[Placebo-1.19.2-7.4.1.jar%23574!/:7.4.1]
	at shadows.placebo.json.PlaceboJsonReloadListener.lambda$apply$0(PlaceboJsonReloadListener.java:97) ~[Placebo-1.19.2-7.4.1.jar%23574!/:7.4.1]
	at java.util.HashMap.forEach(HashMap.java:1421) ~[?:?]
	at shadows.placebo.json.PlaceboJsonReloadListener.apply(PlaceboJsonReloadListener.java:91) ~[Placebo-1.19.2-7.4.1.jar%23574!/:7.4.1]
	at shadows.placebo.json.PlaceboJsonReloadListener.m_5787_(PlaceboJsonReloadListener.java:47) ~[Placebo-1.19.2-7.4.1.jar%23574!/:7.4.1]
	at net.minecraft.server.packs.resources.SimplePreparableReloadListener.m_10789_(SimplePreparableReloadListener.java:13) ~[server-1.19.2-20220805.130853-srg.jar%23655!/:?]
	at java.util.concurrent.CompletableFuture$UniAccept.tryFire(CompletableFuture.java:718) ~[?:?]
	at java.util.concurrent.CompletableFuture$Completion.run(CompletableFuture.java:482) ~[?:?]
	at net.minecraft.server.packs.resources.SimpleReloadInstance.m_143940_(SimpleReloadInstance.java:69) ~[server-1.19.2-20220805.130853-srg.jar%23655!/:?]
	at net.minecraft.Util.m_214652_(Util.java:781) ~[server-1.19.2-20220805.130853-srg.jar%23655!/:?]
	at net.minecraft.Util.m_214679_(Util.java:770) ~[server-1.19.2-20220805.130853-srg.jar%23655!/:?]
	at net.minecraft.server.Main.main(Main.java:157) ~[server-1.19.2-20220805.130853-srg.jar%23655!/:?]
	at jdk.internal.reflect.NativeMethodAccessorImpl.invoke0(Native Method) ~[?:?]
	at jdk.internal.reflect.NativeMethodAccessorImpl.invoke(NativeMethodAccessorImpl.java:77) ~[?:?]
	at jdk.internal.reflect.DelegatingMethodAccessorImpl.invoke(DelegatingMethodAccessorImpl.java:43) ~[?:?]
	at java.lang.reflect.Method.invoke(Method.java:569) ~[?:?]
	at net.minecraftforge.fml.loading.targets.CommonServerLaunchHandler.lambda$launchService$0(CommonServerLaunchHandler.java:29) ~[fmlloader-1.19.2-43.4.2.jar%2365!/:?]
	at cpw.mods.modlauncher.LaunchServiceHandlerDecorator.launch(LaunchServiceHandlerDecorator.java:30) [modlauncher-10.0.8.jar%2352!/:?]
	at cpw.mods.modlauncher.LaunchServiceHandler.launch(LaunchServiceHandler.java:53) [modlauncher-10.0.8.jar%2352!/:?]
	at cpw.mods.modlauncher.LaunchServiceHandler.launch(LaunchServiceHandler.java:71) [modlauncher-10.0.8.jar%2352!/:?]
	at cpw.mods.modlauncher.Launcher.run(Launcher.java:106) [modlauncher-10.0.8.jar%2352!/:?]
	at cpw.mods.modlauncher.Launcher.main(Launcher.java:77) [modlauncher-10.0.8.jar%2352!/:?]
	at cpw.mods.modlauncher.BootstrapLaunchConsumer.accept(BootstrapLaunchConsumer.java:26) [modlauncher-10.0.8.jar%2352!/:?]
	at cpw.mods.modlauncher.BootstrapLaunchConsumer.accept(BootstrapLaunchConsumer.java:23) [modlauncher-10.0.8.jar%2352!/:?]
	at cpw.mods.bootstraplauncher.BootstrapLauncher.main(BootstrapLauncher.java:141) [bootstraplauncher-1.1.2.jar:?]
[26Oct2025 04:41:30.283] [main/INFO] [Apotheosis : Adventure/]: Registered 209 affixes.
[26Oct2025 04:41:30.292] [main/ERROR] [Apotheosis : Adventure/]: Failed parsing gems file irons_spellbooks:abyssal.
[26Oct2025 04:41:30.292] [main/ERROR] [Apotheosis : Adventure/]: Underlying Exception: 
java.lang.IllegalArgumentException: No bonuses were provided.
	at com.google.common.base.Preconditions.checkArgument(Preconditions.java:145) ~[guava-31.0.1-jre.jar%2370!/:?]
	at shadows.apotheosis.adventure.affix.socket.gem.Gem.<init>(Gem.java:71) ~[Apotheosis-1.19.2-6.5.2.jar%23381!/:6.5.2]
	at com.mojang.datafixers.util.Function8.lambda$curry4$6(Function8.java:22) ~[datafixerupper-5.0.28.jar%2373!/:?]
	at com.mojang.datafixers.util.Function4.lambda$curry2$2(Function4.java:14) ~[datafixerupper-5.0.28.jar%2373!/:?]
	at com.mojang.datafixers.kinds.Applicative.lambda$ap2$8(Applicative.java:75) ~[datafixerupper-5.0.28.jar%2373!/:?]
	at com.mojang.serialization.DataResult.lambda$ap$17(DataResult.java:159) ~[datafixerupper-5.0.28.jar%2373!/:?]
	at java.util.Optional.map(Optional.java:260) ~[?:?]
	at com.mojang.serialization.DataResult.lambda$ap$18(DataResult.java:159) ~[datafixerupper-5.0.28.jar%2373!/:?]
	at com.mojang.datafixers.util.Either$Right.mapBoth(Either.java:94) ~[datafixerupper-5.0.28.jar%2373!/:?]
	at com.mojang.serialization.DataResult.lambda$ap$19(DataResult.java:157) ~[datafixerupper-5.0.28.jar%2373!/:?]
	at com.mojang.datafixers.util.Either$Left.map(Either.java:38) ~[datafixerupper-5.0.28.jar%2373!/:?]
	at com.mojang.serialization.DataResult.ap(DataResult.java:156) ~[datafixerupper-5.0.28.jar%2373!/:?]
	at com.mojang.serialization.DataResult$Instance.ap(DataResult.java:301) ~[datafixerupper-5.0.28.jar%2373!/:?]
	at com.mojang.datafixers.kinds.Applicative.ap2(Applicative.java:76) ~[datafixerupper-5.0.28.jar%2373!/:?]
	at com.mojang.serialization.DataResult$Instance.ap2(DataResult.java:321) ~[datafixerupper-5.0.28.jar%2373!/:?]
	at com.mojang.datafixers.kinds.Applicative.ap4(Applicative.java:84) ~[datafixerupper-5.0.28.jar%2373!/:?]
	at com.mojang.serialization.codecs.RecordCodecBuilder$Instance$7.decode(RecordCodecBuilder.java:404) ~[datafixerupper-5.0.28.jar%2373!/:?]
	at com.mojang.serialization.codecs.RecordCodecBuilder$2.decode(RecordCodecBuilder.java:107) ~[datafixerupper-5.0.28.jar%2373!/:?]
	at com.mojang.serialization.MapDecoder.lambda$compressedDecode$0(MapDecoder.java:52) ~[datafixerupper-5.0.28.jar%2373!/:?]
	at com.mojang.serialization.DataResult.lambda$flatMap$10(DataResult.java:138) ~[datafixerupper-5.0.28.jar%2373!/:?]
	at com.mojang.datafixers.util.Either$Left.map(Either.java:38) ~[datafixerupper-5.0.28.jar%2373!/:?]
	at com.mojang.serialization.DataResult.flatMap(DataResult.java:136) ~[datafixerupper-5.0.28.jar%2373!/:?]
	at com.mojang.serialization.MapDecoder.compressedDecode(MapDecoder.java:52) ~[datafixerupper-5.0.28.jar%2373!/:?]
	at com.mojang.serialization.MapCodec$MapCodecCodec.decode(MapCodec.java:91) ~[datafixerupper-5.0.28.jar%2373!/:?]
	at shadows.placebo.json.PSerializer.lambda$fromCodec$2(PSerializer.java:122) ~[Placebo-1.19.2-7.4.1.jar%23574!/:7.4.1]
	at shadows.placebo.json.PSerializer.read(PSerializer.java:76) ~[Placebo-1.19.2-7.4.1.jar%23574!/:7.4.1]
	at shadows.placebo.json.PlaceboJsonReloadListener.lambda$apply$0(PlaceboJsonReloadListener.java:99) ~[Placebo-1.19.2-7.4.1.jar%23574!/:7.4.1]
	at java.util.HashMap.forEach(HashMap.java:1421) ~[?:?]
	at shadows.placebo.json.PlaceboJsonReloadListener.apply(PlaceboJsonReloadListener.java:91) ~[Placebo-1.19.2-7.4.1.jar%23574!/:7.4.1]
	at shadows.placebo.json.PlaceboJsonReloadListener.m_5787_(PlaceboJsonReloadListener.java:47) ~[Placebo-1.19.2-7.4.1.jar%23574!/:7.4.1]
	at net.minecraft.server.packs.resources.SimplePreparableReloadListener.m_10789_(SimplePreparableReloadListener.java:13) ~[server-1.19.2-20220805.130853-srg.jar%23655!/:?]
	at java.util.concurrent.CompletableFuture$UniAccept.tryFire(CompletableFuture.java:718) ~[?:?]
	at java.util.concurrent.CompletableFuture$Completion.run(CompletableFuture.java:482) ~[?:?]
	at net.minecraft.server.packs.resources.SimpleReloadInstance.m_143940_(SimpleReloadInstance.java:69) ~[server-1.19.2-20220805.130853-srg.jar%23655!/:?]
	at net.minecraft.Util.m_214652_(Util.java:781) ~[server-1.19.2-20220805.130853-srg.jar%23655!/:?]
	at net.minecraft.Util.m_214679_(Util.java:770) ~[server-1.19.2-20220805.130853-srg.jar%23655!/:?]
	at net.minecraft.server.Main.main(Main.java:157) ~[server-1.19.2-20220805.130853-srg.jar%23655!/:?]
	at jdk.internal.reflect.NativeMethodAccessorImpl.invoke0(Native Method) ~[?:?]
	at jdk.internal.reflect.NativeMethodAccessorImpl.invoke(NativeMethodAccessorImpl.java:77) ~[?:?]
	at jdk.internal.reflect.DelegatingMethodAccessorImpl.invoke(DelegatingMethodAccessorImpl.java:43) ~[?:?]
	at java.lang.reflect.Method.invoke(Method.java:569) ~[?:?]
	at net.minecraftforge.fml.loading.targets.CommonServerLaunchHandler.lambda$launchService$0(CommonServerLaunchHandler.java:29) ~[fmlloader-1.19.2-43.4.2.jar%2365!/:?]
	at cpw.mods.modlauncher.LaunchServiceHandlerDecorator.launch(LaunchServiceHandlerDecorator.java:30) [modlauncher-10.0.8.jar%2352!/:?]
	at cpw.mods.modlauncher.LaunchServiceHandler.launch(LaunchServiceHandler.java:53) [modlauncher-10.0.8.jar%2352!/:?]
	at cpw.mods.modlauncher.LaunchServiceHandler.launch(LaunchServiceHandler.java:71) [modlauncher-10.0.8.jar%2352!/:?]
	at cpw.mods.modlauncher.Launcher.run(Launcher.java:106) [modlauncher-10.0.8.jar%2352!/:?]
	at cpw.mods.modlauncher.Launcher.main(Launcher.java:77) [modlauncher-10.0.8.jar%2352!/:?]
	at cpw.mods.modlauncher.BootstrapLaunchConsumer.accept(BootstrapLaunchConsumer.java:26) [modlauncher-10.0.8.jar%2352!/:?]
	at cpw.mods.modlauncher.BootstrapLaunchConsumer.accept(BootstrapLaunchConsumer.java:23) [modlauncher-10.0.8.jar%2352!/:?]
	at cpw.mods.bootstraplauncher.BootstrapLauncher.main(BootstrapLauncher.java:141) [bootstraplauncher-1.1.2.jar:?]
[26Oct2025 04:41:30.308] [main/INFO] [Apotheosis : Adventure/]: Registered 74 gems.
[26Oct2025 04:41:30.319] [main/INFO] [Apotheosis : Adventure/]: Registered 198 affix_loot_entries.
[26Oct2025 04:41:30.321] [main/INFO] [Apotheosis : Adventure/]: Registered 29 boss_gear.
[26Oct2025 04:41:30.330] [main/INFO] [Apotheosis : Adventure/]: Registered 50 bosses.
[26Oct2025 04:41:30.335] [main/INFO] [Apotheosis : Adventure/]: Registered 8 random_spawners.
[26Oct2025 04:41:30.336] [main/INFO] [Apotheosis : Adventure/]: Registered 6 rarities.
[26Oct2025 04:41:30.353] [main/INFO] [Apotheosis : Adventure/]: Registered 9 minibosses.
[26Oct2025 04:41:30.359] [main/INFO] [Apotheosis : Village/]: Registered 74 wanderer_trades.
[26Oct2025 04:41:30.362] [main/INFO] [CraftTweaker/]: crafttweaker.reload.start
[26Oct2025 04:41:30.408] [main/INFO] [com.teampotato.redirector.Redirector/]: Redirecting net/minecraft/world/level/block/SupportType
[26Oct2025 04:41:30.413] [main/INFO] [com.teampotato.redirector.Redirector/]: Redirecting me/wesley1808/servercore/common/activation_range/ActivationType$Wakeup
[26Oct2025 04:41:30.414] [main/INFO] [com.teampotato.redirector.Redirector/]: Redirecting net/minecraft/world/ticks/TickPriority
[26Oct2025 04:41:30.439] [main/INFO] [com.teampotato.redirector.Redirector/]: Redirecting net/minecraft/world/entity/player/PlayerModelPart
[26Oct2025 04:41:30.512] [main/INFO] [com.teampotato.redirector.Redirector/]: Redirecting net/minecraft/world/entity/projectile/AbstractArrow$Pickup
[26Oct2025 04:41:30.518] [main/INFO] [com.teampotato.redirector.Redirector/]: Redirecting net/minecraft/world/entity/player/ChatVisiblity
[26Oct2025 04:41:30.877] [main/INFO] [com.teampotato.redirector.Redirector/]: Redirecting com/blamejared/crafttweaker/api/data/visitor/DataToStringVisitor
[26Oct2025 04:41:30.880] [main/INFO] [CraftTweaker/]: crafttweaker.reload.complete
[26Oct2025 04:41:30.888] [main/WARN] [net.minecraft.core.MappedRegistry/]: Not all defined tags for registry ResourceKey[minecraft:root / minecraft:worldgen/biome] are present in data pack: forge:is_oecean, totw_modded:has_structure/glacio_tower, totw_modded:has_structure/mars_tower, totw_modded:has_structure/mercury_tower, totw_modded:has_structure/moon_tower, totw_modded:has_structure/ratlantis_tower, totw_modded:has_structure/venus_tower
[26Oct2025 04:41:30.959] [main/INFO] [com.teampotato.redirector.Redirector/]: Redirecting net/minecraftforge/event/TagsUpdatedEvent$UpdateCause
[26Oct2025 04:41:31.047] [main/INFO] [supplementaries/]: Finished additional setup in 63 ms
[26Oct2025 04:41:31.634] [main/INFO] [com.teampotato.redirector.Redirector/]: Redirecting potionstudios/byg/common/world/math/noise/fastnoise/lite/FastNoiseLite$NoiseType
[26Oct2025 04:41:31.634] [main/INFO] [com.teampotato.redirector.Redirector/]: Redirecting potionstudios/byg/common/world/math/noise/fastnoise/lite/FastNoiseLite$RotationType3D
[26Oct2025 04:41:31.634] [main/INFO] [com.teampotato.redirector.Redirector/]: Redirecting potionstudios/byg/common/world/math/noise/fastnoise/lite/FastNoiseLite$TransformType3D
[26Oct2025 04:41:31.635] [main/INFO] [com.teampotato.redirector.Redirector/]: Redirecting potionstudios/byg/common/world/math/noise/fastnoise/lite/FastNoiseLite$FractalType
[26Oct2025 04:41:31.635] [main/INFO] [com.teampotato.redirector.Redirector/]: Redirecting potionstudios/byg/common/world/math/noise/fastnoise/lite/FastNoiseLite$CellularDistanceFunction
[26Oct2025 04:41:31.635] [main/INFO] [com.teampotato.redirector.Redirector/]: Redirecting potionstudios/byg/common/world/math/noise/fastnoise/lite/FastNoiseLite$CellularReturnType
[26Oct2025 04:41:31.636] [main/INFO] [com.teampotato.redirector.Redirector/]: Redirecting potionstudios/byg/common/world/math/noise/fastnoise/lite/FastNoiseLite$DomainWarpType
[26Oct2025 04:41:31.638] [main/INFO] [com.teampotato.redirector.Redirector/]: Redirecting terrablender/worldgen/noise/ZoomLayer
[26Oct2025 04:41:31.659] [main/INFO] [majruszlibrary/]: [majruszsdifficulty.json] Reloading configuration file took 7 milliseconds
[26Oct2025 04:41:31.662] [main/INFO] [majruszlibrary/]: [majruszlibrary.json] Reloading configuration file took 1 milliseconds
[26Oct2025 04:41:31.665] [main/INFO] [majruszlibrary/]: [majruszsaccessories.json] Reloading configuration file took 3 milliseconds
[26Oct2025 04:41:31.668] [main/INFO] [majruszlibrary/]: [majruszsenchantments.json] Reloading configuration file took 1 milliseconds
[26Oct2025 04:41:31.668] [Server thread/INFO] [net.minecraft.server.dedicated.DedicatedServer/]: Starting minecraft server version 1.19.2
[26Oct2025 04:41:31.669] [Server thread/INFO] [net.minecraft.server.dedicated.DedicatedServer/]: Loading properties
[26Oct2025 04:41:31.669] [Server thread/INFO] [net.minecraft.server.dedicated.DedicatedServer/]: Default game type: SURVIVAL
[26Oct2025 04:41:31.669] [Server thread/INFO] [net.minecraft.server.MinecraftServer/]: Generating keypair
[26Oct2025 04:41:31.767] [Server thread/INFO] [net.minecraft.server.dedicated.DedicatedServer/]: Starting Minecraft server on *:25565
[26Oct2025 04:41:31.828] [Server thread/INFO] [net.minecraft.server.network.ServerConnectionListener/]: Using epoll channel type
[26Oct2025 04:41:31.901] [Server thread/WARN] [net.minecraft.server.dedicated.DedicatedServer/]: **** SERVER IS RUNNING IN OFFLINE/INSECURE MODE!
[26Oct2025 04:41:31.901] [Server thread/WARN] [net.minecraft.server.dedicated.DedicatedServer/]: The server will make no attempt to authenticate usernames. Beware.
[26Oct2025 04:41:31.901] [Server thread/WARN] [net.minecraft.server.dedicated.DedicatedServer/]: While this makes the game possible to play without internet access, it also opens up the ability for hackers to connect with any username they choose.
[26Oct2025 04:41:31.901] [Server thread/WARN] [net.minecraft.server.dedicated.DedicatedServer/]: To change this, set "online-mode" to "true" in the server.properties file.
[26Oct2025 04:41:31.926] [Server thread/INFO] [Puzzles Lib/]: Loading server config for leavesbegone
[26Oct2025 04:41:31.941] [Server thread/INFO] [com.tom.storagemod.StorageMod/]: Loaded Tom's Simple Storage config file toms_storage-server.toml
[26Oct2025 04:41:32.363] [Server thread/INFO] [com.teampotato.redirector.Redirector/]: Redirecting net/minecraftforge/common/world/StructureModifier$Phase
[26Oct2025 04:41:32.407] [Server thread/INFO] [com.teampotato.redirector.Redirector/]: Redirecting dev/ftb/mods/ftbteams/data/TeamType
[26Oct2025 04:41:32.417] [Server thread/INFO] [com.teampotato.redirector.Redirector/]: Redirecting dev/ftb/mods/ftbteams/data/PrivacyMode
[26Oct2025 04:41:32.419] [Server thread/INFO] [com.teampotato.redirector.Redirector/]: Redirecting dev/ftb/mods/ftbteams/data/TeamRank
[26Oct2025 04:41:32.433] [Server thread/INFO] [FTB Teams/]: loaded team data: 9 known players, 10 teams total
[26Oct2025 04:41:32.436] [Server thread/INFO] [com.teampotato.redirector.Redirector/]: Redirecting dev/ftb/mods/ftbquests/quest/reward/RewardAutoClaim
[26Oct2025 04:41:32.437] [Server thread/INFO] [com.teampotato.redirector.Redirector/]: Redirecting dev/ftb/mods/ftbquests/quest/ProgressionMode
[26Oct2025 04:41:32.438] [Server thread/INFO] [com.teampotato.redirector.Redirector/]: Redirecting dev/ftb/mods/ftbchunks/data/ProtectionOverride
[26Oct2025 04:41:32.439] [Server thread/INFO] [com.teampotato.redirector.Redirector/]: Redirecting dev/ftb/mods/ftbchunks/data/ForceLoadMode
[26Oct2025 04:41:32.440] [Server thread/INFO] [com.teampotato.redirector.Redirector/]: Redirecting dev/ftb/mods/ftbchunks/data/AllyMode
[26Oct2025 04:41:32.440] [Server thread/INFO] [com.teampotato.redirector.Redirector/]: Redirecting dev/ftb/mods/ftbchunks/data/PartyLimitMode
[26Oct2025 04:41:32.569] [Server thread/WARN] [potionstudios.byg.BYG/]: "minecraft:none" is not a registered villager profession, skipping trade entry...
[26Oct2025 04:41:32.573] [Server thread/WARN] [potionstudios.byg.BYG/]: "minecraft:nitwit" is not a registered villager profession, skipping trade entry...
[26Oct2025 04:41:32.595] [Server thread/INFO] [terrablender/]: Initialized TerraBlender biomes for level stem aether:the_aether
[26Oct2025 04:41:32.911] [Server thread/INFO] [terrablender/]: Initialized TerraBlender biomes for level stem minecraft:overworld
[26Oct2025 04:41:32.911] [Server thread/INFO] [net.minecraft.server.dedicated.DedicatedServer/]: Preparing level "world"
[26Oct2025 04:41:32.929] [Server thread/INFO] [com.teampotato.redirector.Redirector/]: Redirecting net/minecraft/util/ModCheck$Confidence
[26Oct2025 04:41:32.930] [Server thread/INFO] [mixin/]: Mixing MixinPhantomSpawner from enigmaticlegacy.mixins.json into net.minecraft.world.level.levelgen.PhantomSpawner
[26Oct2025 04:41:32.938] [Server thread/INFO] [com.teampotato.redirector.Redirector/]: Redirecting net/minecraft/world/entity/ai/village/VillageSiege$State
[26Oct2025 04:41:32.996] [Server thread/INFO] [com.teampotato.redirector.Redirector/]: Redirecting net/minecraft/world/level/chunk/storage/IOWorker$Priority
[26Oct2025 04:41:33.016] [Server thread/INFO] [com.teampotato.redirector.Redirector/]: Redirecting net/minecraft/world/level/entity/Visibility
[26Oct2025 04:41:33.017] [Server thread/INFO] [com.teampotato.redirector.Redirector/]: Redirecting net/minecraft/world/level/entity/PersistentEntitySectionManager$ChunkLoadStatus
[26Oct2025 04:41:33.028] [Server thread/INFO] [com.teampotato.redirector.Redirector/]: Redirecting net/minecraft/server/level/ChunkHolder$FullChunkStatus
[26Oct2025 04:41:33.270] [Server thread/INFO] [com.teampotato.redirector.Redirector/]: Redirecting com/minecolonies/api/colony/permissions/Action
[26Oct2025 04:41:33.271] [Server thread/INFO] [com.teampotato.redirector.Redirector/]: Redirecting com/minecolonies/api/colony/permissions/OldRank
[26Oct2025 04:41:33.276] [Server thread/INFO] [com.teampotato.redirector.Redirector/]: Redirecting com/minecolonies/api/colony/ColonyState
[26Oct2025 04:41:33.277] [Server thread/INFO] [com.teampotato.redirector.Redirector/]: Redirecting com/minecolonies/api/entity/ai/statemachine/states/AIBlockingEventType
[26Oct2025 04:41:33.293] [Server thread/INFO] [com.teampotato.redirector.Redirector/]: Redirecting com/minecolonies/api/colony/requestsystem/management/update/UpdateType
[26Oct2025 04:41:33.309] [Server thread/INFO] [com.teampotato.redirector.Redirector/]: Redirecting com/minecolonies/api/colony/interactionhandling/ChatPriority
[26Oct2025 04:41:33.317] [Server thread/INFO] [com.teampotato.redirector.Redirector/]: Redirecting com/minecolonies/api/colony/buildings/HiringMode
[26Oct2025 04:41:33.348] [Server thread/INFO] [com.teampotato.redirector.Redirector/]: Redirecting com/minecolonies/api/colony/ColonyProgressType
[26Oct2025 04:41:33.377] [Server thread/INFO] [com.teampotato.redirector.Redirector/]: Redirecting net/minecraft/world/scores/Team$Visibility
[26Oct2025 04:41:33.378] [Server thread/INFO] [com.teampotato.redirector.Redirector/]: Redirecting net/minecraft/world/scores/Team$CollisionRule
[26Oct2025 04:41:33.380] [Server thread/INFO] [com.teampotato.redirector.Redirector/]: Redirecting net/minecraft/network/protocol/game/ClientboundSetPlayerTeamPacket$Action
[26Oct2025 04:41:33.405] [Server thread/INFO] [com.teampotato.redirector.Redirector/]: Redirecting com/aetherteam/nitrogen/capability/INBTSynchable$Type
[26Oct2025 04:41:33.413] [Server thread/INFO] [com.teampotato.redirector.Redirector/]: Redirecting net/minecraft/world/level/lighting/LayerLightEventListener$DummyLightLayerEventListener
[26Oct2025 04:41:33.417] [Server thread/INFO] [com.teampotato.redirector.Redirector/]: Redirecting net/minecraft/world/BossEvent$BossBarColor
[26Oct2025 04:41:33.418] [Server thread/INFO] [com.teampotato.redirector.Redirector/]: Redirecting net/minecraft/world/BossEvent$BossBarOverlay
[26Oct2025 04:41:33.419] [Server thread/INFO] [com.teampotato.redirector.Redirector/]: Redirecting net/minecraft/network/protocol/game/ClientboundBossEventPacket$OperationType
[26Oct2025 04:41:33.507] [Server thread/INFO] [net.minecraft.server.MinecraftServer/]: Preparing start region for dimension minecraft:overworld
[26Oct2025 04:41:33.510] [Server thread/WARN] [mixin/]: Method overwrite conflict for removeIf in canary.mixins.json:world.chunk_tickets.SortedArraySetMixin, previously written by org.embeddedt.modernfix.common.mixin.bugfix.paper_chunk_patches.SortedArraySetMixin. Skipping method.
[26Oct2025 04:41:33.665] [Server thread/INFO] [com.teampotato.redirector.Redirector/]: Redirecting net/minecraft/world/level/EmptyBlockGetter
[26Oct2025 04:41:33.666] [Server thread/INFO] [com.teampotato.redirector.Redirector/]: Redirecting net/minecraft/core/Direction8
[26Oct2025 04:41:33.782] [Server thread/INFO] [com.teampotato.redirector.Redirector/]: Redirecting ca/spottedleaf/starlight/common/light/StarLightEngine$AxisDirection
[26Oct2025 04:41:33.857] [Netty Epoll Server IO #1/INFO] [com.cupboard.Cupboard/]: Loaded config for: connectivity.json
[26Oct2025 04:41:33.897] [Netty Epoll Server IO #1/INFO] [com.teampotato.redirector.Redirector/]: Redirecting com/abdelaziz/pluto/common/network/VarintByteDecoder$DecodeResult
[26Oct2025 04:41:33.915] [Netty Epoll Server IO #1/INFO] [com.teampotato.redirector.Redirector/]: Redirecting net/minecraft/network/ConnectionProtocol
[26Oct2025 04:41:33.951] [Netty Epoll Server IO #1/INFO] [com.teampotato.redirector.Redirector/]: Redirecting net/minecraft/network/protocol/game/ClientboundCustomChatCompletionsPacket$Action
[26Oct2025 04:41:34.007] [Netty Epoll Server IO #1/INFO] [com.teampotato.redirector.Redirector/]: Redirecting net/minecraft/network/protocol/game/ClientboundPlayerInfoPacket$Action
[26Oct2025 04:41:34.011] [Netty Epoll Server IO #1/INFO] [com.teampotato.redirector.Redirector/]: Redirecting net/minecraft/network/protocol/game/ClientboundRecipePacket$State
[26Oct2025 04:41:34.030] [Netty Epoll Server IO #1/INFO] [com.teampotato.redirector.Redirector/]: Redirecting net/minecraft/server/ServerScoreboard$Method
[26Oct2025 04:41:34.049] [Netty Epoll Server IO #1/INFO] [com.teampotato.redirector.Redirector/]: Redirecting net/minecraft/network/protocol/game/ServerboundClientCommandPacket$Action
[26Oct2025 04:41:34.052] [Netty Epoll Server IO #1/INFO] [com.teampotato.redirector.Redirector/]: Redirecting net/minecraft/world/inventory/ClickType
[26Oct2025 04:41:34.059] [Netty Epoll Server IO #1/INFO] [com.teampotato.redirector.Redirector/]: Redirecting net/minecraft/network/protocol/game/ServerboundInteractPacket$ActionType
[26Oct2025 04:41:34.075] [Netty Epoll Server IO #1/INFO] [com.teampotato.redirector.Redirector/]: Redirecting net/minecraft/network/protocol/game/ServerboundPlayerActionPacket$Action
[26Oct2025 04:41:34.077] [Netty Epoll Server IO #1/INFO] [com.teampotato.redirector.Redirector/]: Redirecting net/minecraft/network/protocol/game/ServerboundPlayerCommandPacket$Action
[26Oct2025 04:41:34.080] [Netty Epoll Server IO #1/INFO] [com.teampotato.redirector.Redirector/]: Redirecting net/minecraft/network/protocol/game/ServerboundResourcePackPacket$Action
[26Oct2025 04:41:34.082] [Netty Epoll Server IO #1/INFO] [com.teampotato.redirector.Redirector/]: Redirecting net/minecraft/network/protocol/game/ServerboundSeenAdvancementsPacket$Action
[26Oct2025 04:41:34.086] [Netty Epoll Server IO #1/INFO] [com.teampotato.redirector.Redirector/]: Redirecting net/minecraft/world/level/block/entity/CommandBlockEntity$Mode
[26Oct2025 04:41:34.096] [Netty Epoll Server IO #1/INFO] [com.teampotato.redirector.Redirector/]: Redirecting net/minecraft/world/level/block/entity/StructureBlockEntity$UpdateType
[26Oct2025 04:41:34.163] [Netty Epoll Server IO #1/INFO] [net.minecraftforge.server.ServerLifecycleHooks/SERVERHOOKS]: Disconnecting Player (server is still starting): literal{Server is still starting! Please wait before reconnecting.}
[26Oct2025 04:41:34.289] [Server thread/INFO] [com.teampotato.redirector.Redirector/]: Redirecting net/minecraft/world/entity/ai/village/poi/PoiManager$Occupancy
[26Oct2025 04:41:34.526] [Server thread/INFO] [net.minecraft.server.level.progress.LoggerChunkProgressListener/]: Preparing spawn area: 0%
[26Oct2025 04:41:34.529] [Server thread/INFO] [net.minecraft.server.level.progress.LoggerChunkProgressListener/]: Preparing spawn area: 0%
[26Oct2025 04:41:34.529] [Server thread/INFO] [net.minecraft.server.level.progress.LoggerChunkProgressListener/]: Preparing spawn area: 0%
[26Oct2025 04:41:35.014] [Server thread/INFO] [net.minecraft.server.level.progress.LoggerChunkProgressListener/]: Preparing spawn area: 0%
[26Oct2025 04:41:35.063] [Netty Epoll Server IO #2/INFO] [net.minecraftforge.server.ServerLifecycleHooks/SERVERHOOKS]: Disconnecting Player (server is still starting): literal{Server is still starting! Please wait before reconnecting.}
[26Oct2025 04:41:35.359] [Server thread/INFO] [com.teampotato.redirector.Redirector/]: Redirecting net/minecraft/server/level/ThreadedLevelLightEngine$TaskType
[26Oct2025 04:41:35.509] [Server thread/INFO] [net.minecraft.server.level.progress.LoggerChunkProgressListener/]: Preparing spawn area: 3%
[26Oct2025 04:41:35.711] [Server thread/INFO] [com.teampotato.redirector.Redirector/]: Redirecting com/teamabnormals/blueprint/core/endimator/PlayableEndimation$LoopType
[26Oct2025 04:41:35.929] [Server thread/INFO] [com.teampotato.redirector.Redirector/]: Redirecting net/minecraft/world/entity/ai/memory/MemoryStatus
[26Oct2025 04:41:35.929] [Server thread/INFO] [com.teampotato.redirector.Redirector/]: Redirecting net/minecraft/world/entity/ai/behavior/Behavior$Status
[26Oct2025 04:41:35.965] [Server thread/INFO] [com.teampotato.redirector.Redirector/]: Redirecting net/minecraft/world/entity/ai/behavior/GateBehavior$OrderPolicy
[26Oct2025 04:41:35.966] [Server thread/INFO] [com.teampotato.redirector.Redirector/]: Redirecting net/minecraft/world/entity/ai/behavior/GateBehavior$RunningPolicy
[26Oct2025 04:41:35.972] [Server thread/INFO] [com.teampotato.redirector.Redirector/]: Redirecting net/minecraft/world/entity/ai/control/MoveControl$Operation
[26Oct2025 04:41:36.186] [Server thread/INFO] [com.teampotato.redirector.Redirector/]: Redirecting net/orcinus/galosphere/entities/Sparkle$CrystalType
[26Oct2025 04:41:36.188] [Server thread/INFO] [net.minecraft.server.level.progress.LoggerChunkProgressListener/]: Preparing spawn area: 16%
[26Oct2025 04:41:36.314] [Server thread/INFO] [com.teampotato.redirector.Redirector/]: Redirecting com/hollingsworth/arsnouveau/common/entity/Starbuncle$StarbuncleGoalState
[26Oct2025 04:41:36.372] [Server thread/INFO] [com.cupboard.Cupboard/]: Loaded config for: brutalbosses.json
[26Oct2025 04:41:36.508] [Server thread/INFO] [net.minecraft.server.level.progress.LoggerChunkProgressListener/]: Preparing spawn area: 50%
[26Oct2025 04:41:36.931] [Server thread/INFO] [com.teampotato.redirector.Redirector/]: Redirecting net/minecraft/world/entity/animal/Panda$Gene
[26Oct2025 04:41:36.942] [Server thread/INFO] [com.teampotato.redirector.Redirector/]: Redirecting net/minecraft/world/entity/monster/Phantom$AttackPhase
[26Oct2025 04:41:36.954] [Server thread/INFO] [com.teampotato.redirector.Redirector/]: Redirecting net/minecraft/world/entity/ai/goal/RangedCrossbowAttackGoal$CrossbowState
[26Oct2025 04:41:36.994] [Server thread/INFO] [net.minecraft.server.level.progress.LoggerChunkProgressListener/]: Time elapsed: 3487 ms
[26Oct2025 04:41:36.994] [Server thread/INFO] [net.minecraft.server.dedicated.DedicatedServer/]: Done (5.083s)! For help, type "help"
[26Oct2025 04:41:37.627] [Server thread/INFO] [net.minecraftforge.server.permission.PermissionAPI/]: Successfully initialized permission handler forge:default_handler
[26Oct2025 04:41:37.628] [Server thread/WARN] [solapplepie/]: Item is not food: largemeals:sweet_berry_custard
[26Oct2025 04:41:37.628] [Server thread/WARN] [solapplepie/]: Item is not food: largemeals:pufferfish_broth
[26Oct2025 04:41:37.628] [Server thread/WARN] [solapplepie/]: Item is not food: largemeals:mushroom_pot_pie
[26Oct2025 04:41:37.628] [Server thread/WARN] [solapplepie/]: Item is not food: largemeals:hearty_lunch
[26Oct2025 04:41:37.631] [Server thread/INFO] [com.amuzil.omegasource.dragonenchants.DragonEnchants/]: HELLO from server starting
[26Oct2025 04:41:37.636] [Server thread/INFO] [xaero.hud.minimap.MinimapLogs/]: Registered synced player tracker system: ftb_teams
[26Oct2025 04:41:37.637] [Server thread/INFO] [net.stardustlabs.incendium.Incendium/]: Thanks for choosing Incendium!
[26Oct2025 04:41:37.637] [Server thread/INFO] [xaero.map.WorldMap/]: Registered synced player tracker system: ftb_teams
[26Oct2025 04:41:37.672] [Server thread/INFO] [net.stardustlabs.structorytowers.StructoryTowers/]: Thanks for choosing StructoryTowers!
[26Oct2025 04:41:37.672] [Server thread/INFO] [net.stardustlabs.structory.Structory/]: Thanks for choosing Structory!
[26Oct2025 04:41:37.676] [Server thread/INFO] [FTB Quests/]: Loading quests from /workspaces/server3/servidor_minecraft/config/ftbquests/quests
[26Oct2025 04:41:37.684] [Server thread/INFO] [com.teampotato.redirector.Redirector/]: Redirecting dev/ftb/mods/ftbquests/quest/DependencyRequirement
[26Oct2025 04:41:37.750] [Server thread/INFO] [FTB Quests/]: Loaded 7 chapter groups, 17 chapters, 397 quests, 15 reward tables
[26Oct2025 04:41:37.790] [Server thread/INFO] [atomicstryker.infernalmobs.common.InfernalMobsCore/]: item config parser finished, item count: 14
[26Oct2025 04:41:37.790] [Server thread/INFO] [atomicstryker.infernalmobs.common.InfernalMobsCore/]: item config parser finished, item count: 17
[26Oct2025 04:41:37.790] [Server thread/ERROR] [atomicstryker.infernalmobs.common.InfernalMobsCore/]: item config parser could not build item: {Count:3b,id:"minecraft:apotheosis:mythic_material"}
[26Oct2025 04:41:37.791] [Server thread/INFO] [atomicstryker.infernalmobs.common.InfernalMobsCore/]: item config parser finished, item count: 15
[26Oct2025 04:41:37.791] [Server thread/INFO] [atomicstryker.infernalmobs.common.InfernalMobsCore/]: InfernalMobsCore commonSetup completed! Modifiers ready: 22
[26Oct2025 04:41:37.791] [Server thread/INFO] [atomicstryker.infernalmobs.common.InfernalMobsCore/]: InfernalMobsCore commonSetup completed! config file at: /workspaces/server3/servidor_minecraft/./config/infernalmobs.cfg
[26Oct2025 04:41:37.813] [Server thread/INFO] [com.teampotato.redirector.Redirector/]: Redirecting net/bettercombat/api/WeaponAttributes$Condition
[26Oct2025 04:41:37.813] [Server thread/INFO] [com.teampotato.redirector.Redirector/]: Redirecting net/bettercombat/api/WeaponAttributes$HitBoxShape
[26Oct2025 04:41:37.936] [Server thread/INFO] [net.bettercombat.logic.WeaponRegistry/]: Encoded Weapon Attribute registry size (with package overhead): 338348 bytes (in 34 string chunks with the size of 10000)
[26Oct2025 04:41:37.943] [Server thread/INFO] [com.cupboard.Cupboard/]: Loaded config for: betterfpsdist.json
[26Oct2025 04:41:37.948] [Server thread/INFO] [com.cupboard.Cupboard/]: Loaded config for: biomemusic.json
[26Oct2025 04:41:37.948] [Server thread/INFO] [com.cupboard.Cupboard/]: Loaded config for: chunksending.json
[26Oct2025 04:41:38.220] [Server thread/INFO] [minecolonies/]: Finished discovering saplings 110
[26Oct2025 04:41:38.221] [Server thread/INFO] [minecolonies/]: Finished discovering Ores 81 77
[26Oct2025 04:41:38.221] [Server thread/INFO] [minecolonies/]: Finished discovering plantables 19
[26Oct2025 04:41:38.237] [Server thread/INFO] [minecolonies/]: Finished discovering food 421 478
[26Oct2025 04:41:38.292] [Server thread/INFO] [minecolonies/]: Finished discovering fuel 2097
[26Oct2025 04:41:38.294] [Server thread/INFO] [minecolonies/]: Finished discovering compostables 957
[26Oct2025 04:41:38.295] [Server thread/INFO] [minecolonies/]: Finished discovering lucky oreBlocks 6
[26Oct2025 04:41:38.295] [Server thread/INFO] [minecolonies/]: Finished discovering recruitment costs
[26Oct2025 04:41:38.295] [Server thread/INFO] [minecolonies/]: Finished discovering diseases
[26Oct2025 04:41:38.343] [Server thread/INFO] [com.teampotato.redirector.Redirector/]: Redirecting alexthw/ars_elemental/common/entity/FirenandoEntity$Variants
[26Oct2025 04:41:38.344] [Server thread/INFO] [com.teampotato.redirector.Redirector/]: Redirecting alexthw/ars_elemental/common/entity/FirenandoEntity$Animations
[26Oct2025 04:41:38.346] [Server thread/INFO] [com.teampotato.redirector.Redirector/]: Redirecting com/hollingsworth/arsnouveau/common/entity/WealdWalker$Animations
[26Oct2025 04:41:38.349] [Server thread/WARN] [net.minecraft.network.syncher.SynchedEntityData/]: defineId called for: class net.minecraft.world.entity.TamableAnimal from interface com.hollingsworth.arsnouveau.common.entity.IFollowingSummon
[26Oct2025 04:41:38.376] [Server thread/INFO] [com.teampotato.redirector.Redirector/]: Redirecting com/legacy/blue_skies/entities/util/base/SkiesIllagerBossEntity$BossSpellColor
[26Oct2025 04:41:38.380] [Server thread/INFO] [com.teampotato.redirector.Redirector/]: Redirecting com/github/L_Ender/cataclysm/entity/Pet/Modern_Remnant_Entity$AttackMode
[26Oct2025 04:41:38.383] [Server thread/INFO] [com.teampotato.redirector.Redirector/]: Redirecting com/github/L_Ender/cataclysm/entity/Pet/The_Baby_Leviathan_Entity$AttackMode
[26Oct2025 04:41:38.400] [Server thread/INFO] [com.teampotato.redirector.Redirector/]: Redirecting software/bernie/geckolib3/core/builder/ILoopType$EDefaultLoopTypes
[26Oct2025 04:41:38.401] [Server thread/INFO] [com.teampotato.redirector.Redirector/]: Redirecting software/bernie/geckolib3/core/AnimationState
[26Oct2025 04:41:38.402] [Server thread/INFO] [com.teampotato.redirector.Redirector/]: Redirecting software/bernie/geckolib3/core/easing/EasingType
[26Oct2025 04:41:38.403] [Server thread/INFO] [com.teampotato.redirector.Redirector/]: Redirecting io/redspace/ironsspellbooks/player/SpinAttackType
[26Oct2025 04:41:38.408] [Server thread/INFO] [com.teampotato.redirector.Redirector/]: Redirecting com/minecolonies/api/entity/ai/statemachine/states/EntityState
[26Oct2025 04:41:38.409] [Server thread/INFO] [com.teampotato.redirector.Redirector/]: Redirecting com/minecolonies/api/entity/ai/statemachine/states/CitizenAIState
[26Oct2025 04:41:38.420] [Server thread/INFO] [com.teampotato.redirector.Redirector/]: Redirecting com/minecolonies/core/entity/mobs/EntityMercenaryAI$State
[26Oct2025 04:41:38.425] [Server thread/INFO] [com.teampotato.redirector.Redirector/]: Redirecting com/minecolonies/core/entity/ai/visitor/EntityAIVisitor$VisitorState
[26Oct2025 04:41:38.445] [Server thread/INFO] [com.teampotato.redirector.Redirector/]: Redirecting net/minecraft/world/entity/animal/frog/ShootTongue$State
[26Oct2025 04:41:38.454] [Server thread/INFO] [com.teampotato.redirector.Redirector/]: Redirecting net/minecraft/world/entity/animal/MushroomCow$MushroomType
[26Oct2025 04:41:38.465] [Server thread/INFO] [com.teampotato.redirector.Redirector/]: Redirecting vazkii/quark/content/mobs/ai/FindPlaceToSleepGoal$Target
[26Oct2025 04:41:38.496] [Server thread/INFO] [com.teampotato.redirector.Redirector/]: Redirecting com/minecolonies/core/colony/buildings/modules/expedition/ExpeditionLog$Status
[26Oct2025 04:41:38.539] [Server thread/INFO] [com.teampotato.redirector.Redirector/]: Redirecting shadows/apotheosis/ench/table/ApothEnchantmentMenu$Arcana
[26Oct2025 04:41:38.545] [Server thread/WARN] [voicechat/]: [voicechat] Running in offline mode - Voice chat encryption is not secure!
[26Oct2025 04:41:38.555] [VoiceChatServerThread/INFO] [voicechat/]: [voicechat] Voice host is 'run-admin.gl.at.ply.gg'
[26Oct2025 04:41:38.555] [Server thread/INFO] [patchouli/]: Sending reload packet to clients
[26Oct2025 04:41:38.558] [Server thread/WARN] [ModernFix/]: Dedicated server took 92.756 seconds to load
[26Oct2025 04:41:38.571] [VoiceChatServerThread/INFO] [voicechat/]: [voicechat] Voice chat server started at port 17658
[26Oct2025 04:41:38.795] [Server thread/INFO] [com.teampotato.redirector.Redirector/]: Redirecting net/minecraft/world/level/border/BorderStatus
[26Oct2025 04:41:38.877] [Server thread/INFO] [com.teampotato.redirector.Redirector/]: Redirecting auviotre/enigmatic/addon/contents/entities/goal/CrossbowBlazeAttackGoal$CrossbowState
[26Oct2025 04:41:38.878] [Server thread/INFO] [com.teampotato.redirector.Redirector/]: Redirecting com/teamabnormals/savage_and_ravage/common/entity/ai/goal/ImprovedCrossbowGoal$CrossbowState
[26Oct2025 04:41:38.889] [Server thread/INFO] [com.teampotato.redirector.Redirector/]: Redirecting dev/ftb/mods/ftbchunks/data/ClaimExpirationManager
[26Oct2025 04:41:38.890] [Server thread/INFO] [com.teampotato.redirector.Redirector/]: Redirecting dev/ftb/mods/ftbchunks/LongRangePlayerTracker
[26Oct2025 04:41:38.894] [Server thread/INFO] [com.teampotato.redirector.Redirector/]: Redirecting net/minecraft/world/level/chunk/LevelChunk$EntityCreationType
[26Oct2025 04:41:38.976] [Server thread/INFO] [com.teampotato.redirector.Redirector/]: Redirecting net/minecraft/world/level/block/entity/BeehiveBlockEntity$BeeReleaseStatus
[26Oct2025 04:41:42.080] [Netty Epoll Server IO #3/INFO] [com.teampotato.redirector.Redirector/]: Redirecting shadow/kyori/adventure/text/serializer/json/JSONOptions$HoverEventValueMode
[26Oct2025 04:41:42.080] [Netty Epoll Server IO #3/INFO] [com.teampotato.redirector.Redirector/]: Redirecting shadow/kyori/adventure/text/serializer/json/JSONOptions$ShowItemHoverDataMode
[26Oct2025 04:41:42.091] [Netty Epoll Server IO #3/INFO] [com.teampotato.redirector.Redirector/]: Redirecting shadow/kyori/adventure/text/event/ClickEvent$Action
[26Oct2025 04:41:42.093] [Netty Epoll Server IO #3/INFO] [com.teampotato.redirector.Redirector/]: Redirecting shadow/kyori/adventure/text/format/TextDecoration
[26Oct2025 04:41:42.098] [Netty Epoll Server IO #3/INFO] [com.teampotato.redirector.Redirector/]: Redirecting shadow/kyori/adventure/text/ComponentIteratorFlag
[26Oct2025 04:41:42.116] [Netty Epoll Server IO #3/INFO] [com.teampotato.redirector.Redirector/]: Redirecting shadow/kyori/adventure/text/format/TextDecoration$State
[26Oct2025 04:41:42.117] [Netty Epoll Server IO #3/INFO] [com.teampotato.redirector.Redirector/]: Redirecting shadow/kyori/adventure/util/TriState
[26Oct2025 04:41:43.210] [Netty Epoll Server IO #4/INFO] [com.teampotato.redirector.Redirector/]: Redirecting net/minecraftforge/network/ConnectionType
[26Oct2025 04:41:43.406] [Netty Epoll Server IO #4/INFO] [com.teampotato.redirector.Redirector/]: Redirecting net/minecraft/server/network/ServerLoginPacketListenerImpl$State
[26Oct2025 04:41:54.616] [Server thread/INFO] [net.minecraft.server.network.ServerLoginPacketListenerImpl/]: com.mojang.authlib.GameProfile@13de359e[id=<null>,name=primordial,properties={},legacy=false] (/127.170.83.233:46721) lost connection: Disconnected
[26Oct2025 04:41:55.291] [Netty Epoll Server IO #4/INFO] [Calio/]: Received acknowledgment for login packet with id 235
[26Oct2025 04:41:55.340] [Netty Epoll Server IO #4/INFO] [Calio/]: Received acknowledgment for login packet with id 236
[26Oct2025 04:41:55.399] [Netty Epoll Server IO #4/INFO] [Calio/]: Received acknowledgment for login packet with id 237
[26Oct2025 04:41:55.440] [Netty Epoll Server IO #4/INFO] [Calio/]: Received acknowledgment for login packet with id 238
[26Oct2025 04:41:55.492] [Netty Epoll Server IO #4/INFO] [Calio/]: Received acknowledgment for login packet with id 239
[26Oct2025 04:41:55.541] [Netty Epoll Server IO #4/INFO] [Calio/]: Received acknowledgment for login packet with id 240
[26Oct2025 04:41:55.591] [Netty Epoll Server IO #4/INFO] [Calio/]: Received acknowledgment for login packet with id 241
[26Oct2025 04:41:55.642] [Netty Epoll Server IO #4/INFO] [Calio/]: Received acknowledgment for login packet with id 242
[26Oct2025 04:41:55.692] [Netty Epoll Server IO #4/INFO] [Calio/]: Received acknowledgment for login packet with id 243
[26Oct2025 04:41:55.740] [Netty Epoll Server IO #4/INFO] [Calio/]: Received acknowledgment for login packet with id 244
[26Oct2025 04:41:55.788] [Netty Epoll Server IO #4/INFO] [Calio/]: Received acknowledgment for login packet with id 245
[26Oct2025 04:41:55.839] [Netty Epoll Server IO #4/INFO] [Calio/]: Received acknowledgment for login packet with id 246
[26Oct2025 04:41:56.376] [Netty Epoll Server IO #4/INFO] [Calio/]: Received acknowledgment for login packet with id 247
[26Oct2025 04:41:56.378] [Netty Epoll Server IO #4/INFO] [Calio/]: Received acknowledgment for login packet with id 248
[26Oct2025 04:41:56.389] [Netty Epoll Server IO #4/INFO] [Calio/]: Received acknowledgment for login packet with id 249
[26Oct2025 04:41:56.464] [Server thread/WARN] [net.minecraft.network.syncher.SynchedEntityData/]: defineId called for: class net.minecraft.world.entity.player.Player from class tschipp.carryon.common.carry.CarryOnDataManager
[26Oct2025 04:41:56.469] [Netty Epoll Server IO #4/INFO] [com.teampotato.redirector.Redirector/]: Redirecting com/velocitypowered/natives/util/NativeCodeLoader$Status
[26Oct2025 04:41:56.481] [Netty Epoll Server IO #4/INFO] [com.teampotato.redirector.Redirector/]: Redirecting com/velocitypowered/natives/util/BufferPreference
[26Oct2025 04:41:56.587] [Server thread/INFO] [net.minecraftforge.common.AdvancementLoadFix/]: Using new advancement loading for net.minecraft.server.PlayerAdvancements@78b8cd73
[26Oct2025 04:41:56.632] [Server thread/INFO] [com.teampotato.redirector.Redirector/]: Redirecting tschipp/carryon/common/carry/CarryOnData$CarryType
[26Oct2025 04:41:56.634] [Server thread/INFO] [net.minecraft.server.players.PlayerList/]: DarkWisard[/127.170.83.233:34825] logged in with entity id 327 at (-525.9949576779455, 64.0, -1576.5817144055559)
[26Oct2025 04:41:56.645] [Server thread/INFO] [com.teampotato.redirector.Redirector/]: Redirecting net/minecraftforge/network/filters/VanillaPacketSplitter$RemoteCompatibility
[26Oct2025 04:41:56.659] [Server thread/INFO] [com.teampotato.redirector.Redirector/]: Redirecting com/hollingsworth/arsnouveau/common/entity/AmethystGolem$AmethystGolemGoalState
[26Oct2025 04:41:56.662] [Server thread/INFO] [com.teampotato.redirector.Redirector/]: Redirecting com/github/L_Ender/cataclysm/entity/InternalAnimationMonster/IABossMonsters/Ancient_Remnant/Ancient_Remnant_Entity$AttackMode
[26Oct2025 04:41:56.669] [Server thread/INFO] [com.teampotato.redirector.Redirector/]: Redirecting com/github/L_Ender/cataclysm/entity/AnimationMonster/BossMonsters/Nameless_Sorcerer_Entity$SpellType
[26Oct2025 04:41:56.670] [Server thread/INFO] [com.teampotato.redirector.Redirector/]: Redirecting com/bobmowzie/mowziesmobs/server/entity/grottol/EntityGrottol$EnumDeathType
[26Oct2025 04:41:56.674] [Server thread/INFO] [com.teampotato.redirector.Redirector/]: Redirecting com/github/L_Ender/cataclysm/entity/AnimationMonster/BossMonsters/Ancient_Ancient_Remnant_Entity$AttackMode
[26Oct2025 04:41:56.676] [Server thread/INFO] [com.teampotato.redirector.Redirector/]: Redirecting com/github/L_Ender/cataclysm/entity/AnimationMonster/BossMonsters/The_Leviathan/The_Leviathan_Entity$AttackMode
[26Oct2025 04:41:56.677] [Server thread/INFO] [com.teampotato.redirector.Redirector/]: Redirecting com/github/alexthe666/alexsmobs/entity/EntityMimicOctopus$MimicState
[26Oct2025 04:41:56.678] [Server thread/INFO] [com.teampotato.redirector.Redirector/]: Redirecting net/minecraft/world/entity/monster/SpellcasterIllager$IllagerSpell
[26Oct2025 04:41:56.684] [Server thread/INFO] [com.teampotato.redirector.Redirector/]: Redirecting net/mehvahdjukaar/dummmmmmy/common/DummyMobType
[26Oct2025 04:41:56.690] [Server thread/INFO] [com.teampotato.redirector.Redirector/]: Redirecting com/bobmowzie/mowziesmobs/server/entity/naga/EntityNaga$EnumNagaMovement
[26Oct2025 04:41:56.695] [Server thread/INFO] [com.teampotato.redirector.Redirector/]: Redirecting twilightforest/entity/boss/KnightPhantom$Formation
[26Oct2025 04:41:56.757] [Server thread/INFO] [ModdingLegacy/blue_skies/]: Sending ToolHandleTypeManager to DarkWisard
[26Oct2025 04:41:56.758] [Server thread/INFO] [ModdingLegacy/blue_skies/]: Sending SnowcapOvenFreezingManager to DarkWisard
[26Oct2025 04:41:56.758] [Server thread/INFO] [ModdingLegacy/blue_skies/]: Sending HorizoniteForgeFuelManager to DarkWisard
[26Oct2025 04:41:56.758] [Server thread/INFO] [ModdingLegacy/blue_skies/]: Sending AlchemyRecipeManager to DarkWisard
[26Oct2025 04:41:56.761] [Server thread/INFO] [ModdingLegacy/blue_skies/]: Sending JournalEntryManager to DarkWisard
[26Oct2025 04:41:56.763] [Server thread/INFO] [ModdingLegacy/blue_skies/]: Sending JournalSectionManager to DarkWisard
[26Oct2025 04:41:56.763] [Server thread/INFO] [ModdingLegacy/blue_skies/]: Sending JournalRequirementManager to DarkWisard
[26Oct2025 04:41:56.785] [Server thread/INFO] [com.teampotato.redirector.Redirector/]: Redirecting net/mehvahdjukaar/supplementaries/common/misc/globe/GlobeTextureGenerator$Face
[26Oct2025 04:41:56.785] [Server thread/INFO] [com.teampotato.redirector.Redirector/]: Redirecting net/mehvahdjukaar/supplementaries/common/misc/globe/GlobeTextureGenerator$TerrainType
[26Oct2025 04:41:56.786] [Server thread/INFO] [com.teampotato.redirector.Redirector/]: Redirecting net/mehvahdjukaar/supplementaries/common/misc/globe/GlobeTextureGenerator$Biome
[26Oct2025 04:41:56.786] [Server thread/INFO] [com.teampotato.redirector.Redirector/]: Redirecting net/mehvahdjukaar/supplementaries/common/misc/globe/GlobeTextureGenerator$Feature
[26Oct2025 04:41:56.933] [Server thread/INFO] [net.minecraft.server.MinecraftServer/]: DarkWisard joined the game
[26Oct2025 04:41:56.934] [Server thread/INFO] [com.teampotato.redirector.Redirector/]: Redirecting net/minecraft/network/protocol/game/ClientboundPlayerPositionPacket$RelativeArgument
[26Oct2025 04:41:56.946] [Server thread/INFO] [com.teampotato.redirector.Redirector/]: Redirecting com/bobmowzie/mowziesmobs/server/ability/AbilityHandler
[26Oct2025 04:41:56.960] [Server thread/INFO] [com.teampotato.redirector.Redirector/]: Redirecting com/bobmowzie/mowziesmobs/server/ability/AbilitySection$AbilitySectionType
[26Oct2025 04:41:56.980] [Server thread/INFO] [com.teampotato.redirector.Redirector/]: Redirecting net/minecraftforge/event/entity/player/AdvancementEvent$AdvancementProgressEvent$ProgressType
[26Oct2025 04:41:56.984] [Server thread/INFO] [com.teampotato.redirector.Redirector/]: Redirecting net/minecraft/server/commands/AdvancementCommands$Action
[26Oct2025 04:41:57.095] [Server thread/WARN] [solapplepie/]: Invalid attribute specified in config: generic.speed
[26Oct2025 04:41:57.109] [Netty Epoll Server IO #4/INFO] [com.teampotato.redirector.Redirector/]: Redirecting net/minecraftforge/network/NetworkEvent$RegistrationChangeType
[26Oct2025 04:41:57.126] [Server thread/INFO] [structurize/]: New Server UUID 8f2e259b-ad02-4727-a0aa-d777186fa101
[26Oct2025 04:41:57.153] [Server thread/INFO] [Jade/]: Syncing config to DarkWisard (7655afbe-cf1a-3e5e-9cc3-dc81058220d9)
[26Oct2025 04:41:57.246] [Server thread/INFO] [Enigmatic Legacy/INFO]: Synchronizing omniconfig files to DarkWisard...
[26Oct2025 04:41:57.246] [Server thread/INFO] [Enigmatic Legacy/INFO]: Sending data for enigmaticaddons-common.omniconf
[26Oct2025 04:41:57.247] [Server thread/INFO] [Enigmatic Legacy/INFO]: Sending data for enigmaticlegacy-common.omniconf
[26Oct2025 04:41:57.248] [Server thread/INFO] [Enigmatic Legacy/INFO]: Granting starter gear to DarkWisard
[26Oct2025 04:41:57.653] [Server thread/INFO] [com.teampotato.redirector.Redirector/]: Redirecting com/aetherteam/nitrogen/capability/INBTSynchable$Direction
[26Oct2025 04:41:57.664] [Server thread/INFO] [Enigmatic Legacy/INFO]: Blue Skies detected: true
[26Oct2025 04:41:57.843] [Server thread/INFO] [com.teampotato.redirector.Redirector/]: Redirecting net/p3pp3rf1y/sophisticatedcore/renderdata/TankPosition
[26Oct2025 04:41:58.484] [Server thread/INFO] [com.teampotato.redirector.Redirector/]: Redirecting net/minecraftforge/event/entity/living/LivingChangeTargetEvent$LivingTargetType
[26Oct2025 04:41:58.505] [Server thread/INFO] [com.teampotato.redirector.Redirector/]: Redirecting net/minecraft/util/profiling/metrics/MetricCategory
[26Oct2025 04:41:58.670] [Server thread/INFO] [com.teampotato.redirector.Redirector/]: Redirecting com/legacy/blue_skies/entities/ai/NightwatcherRobGoal$Task
[26Oct2025 04:41:58.980] [Server thread/INFO] [com.teampotato.redirector.Redirector/]: Redirecting com/hollingsworth/arsnouveau/common/entity/WildenHunter$Animations
[26Oct2025 04:41:59.717] [Server thread/WARN] [net.minecraft.network.syncher.SynchedEntityData/]: defineId called for: class dev.itsmeow.whisperwoods.entity.EntityMoth from class dev.itsmeow.whisperwoods.imdlib.entity.EntityTypeContainer
[26Oct2025 04:41:59.718] [Server thread/WARN] [net.minecraft.network.syncher.SynchedEntityData/]: defineId called for: class dev.itsmeow.whisperwoods.entity.EntityMoth from class dev.itsmeow.whisperwoods.imdlib.entity.util.EntityTypeContainerContainable
[26Oct2025 04:42:00.259] [Server thread/INFO] [com.teampotato.redirector.Redirector/]: Redirecting software/bernie/ars_nouveau/geckolib3/core/builder/ILoopType$EDefaultLoopTypes
[26Oct2025 04:42:00.812] [Server thread/INFO] [com.teampotato.redirector.Redirector/]: Redirecting com/stal111/forbidden_arcanus/common/entity/lostsoul/LostSoul$Variant
[26Oct2025 04:42:02.296] [Server thread/INFO] [com.teampotato.redirector.Redirector/]: Redirecting com/yungnickyoung/minecraft/bettermineshafts/world/generator/pieces/SmallTunnelTurn$TurnDirection
[26Oct2025 04:42:02.298] [Server thread/INFO] [com.teampotato.redirector.Redirector/]: Redirecting com/yungnickyoung/minecraft/bettermineshafts/world/generator/pieces/OreDeposit$OreType
[26Oct2025 04:42:08.411] [Netty Epoll Server IO #0/INFO] [Calio/]: Received acknowledgment for login packet with id 235
[26Oct2025 04:42:08.465] [Netty Epoll Server IO #0/INFO] [Calio/]: Received acknowledgment for login packet with id 236
[26Oct2025 04:42:08.516] [Netty Epoll Server IO #0/INFO] [Calio/]: Received acknowledgment for login packet with id 237
[26Oct2025 04:42:08.564] [Netty Epoll Server IO #0/INFO] [Calio/]: Received acknowledgment for login packet with id 238
[26Oct2025 04:42:08.621] [Netty Epoll Server IO #0/INFO] [Calio/]: Received acknowledgment for login packet with id 239
[26Oct2025 04:42:08.669] [Netty Epoll Server IO #0/INFO] [Calio/]: Received acknowledgment for login packet with id 240
[26Oct2025 04:42:08.716] [Netty Epoll Server IO #0/INFO] [Calio/]: Received acknowledgment for login packet with id 241
[26Oct2025 04:42:08.774] [Netty Epoll Server IO #0/INFO] [Calio/]: Received acknowledgment for login packet with id 242
[26Oct2025 04:42:08.813] [Netty Epoll Server IO #0/INFO] [Calio/]: Received acknowledgment for login packet with id 243
[26Oct2025 04:42:08.871] [Netty Epoll Server IO #0/INFO] [Calio/]: Received acknowledgment for login packet with id 244
[26Oct2025 04:42:08.924] [Netty Epoll Server IO #0/INFO] [Calio/]: Received acknowledgment for login packet with id 245
[26Oct2025 04:42:08.970] [Netty Epoll Server IO #0/INFO] [Calio/]: Received acknowledgment for login packet with id 246
[26Oct2025 04:42:09.431] [Netty Epoll Server IO #0/INFO] [Calio/]: Received acknowledgment for login packet with id 247
[26Oct2025 04:42:09.433] [Netty Epoll Server IO #0/INFO] [Calio/]: Received acknowledgment for login packet with id 248
[26Oct2025 04:42:09.532] [Netty Epoll Server IO #0/INFO] [Calio/]: Received acknowledgment for login packet with id 249
[26Oct2025 04:42:09.701] [Server thread/INFO] [net.minecraftforge.common.AdvancementLoadFix/]: Using new advancement loading for net.minecraft.server.PlayerAdvancements@23c0657
[26Oct2025 04:42:09.720] [Server thread/INFO] [net.minecraft.server.players.PlayerList/]: primordial[/127.170.83.233:34995] logged in with entity id 602 at (-531.3000000119209, 111.0, 244.2924426791817)
[26Oct2025 04:42:09.794] [Server thread/INFO] [ModdingLegacy/blue_skies/]: Sending ToolHandleTypeManager to primordial
[26Oct2025 04:42:09.795] [Server thread/INFO] [ModdingLegacy/blue_skies/]: Sending SnowcapOvenFreezingManager to primordial
[26Oct2025 04:42:09.796] [Server thread/INFO] [ModdingLegacy/blue_skies/]: Sending HorizoniteForgeFuelManager to primordial
[26Oct2025 04:42:09.796] [Server thread/INFO] [ModdingLegacy/blue_skies/]: Sending AlchemyRecipeManager to primordial
[26Oct2025 04:42:09.798] [Server thread/INFO] [ModdingLegacy/blue_skies/]: Sending JournalEntryManager to primordial
[26Oct2025 04:42:09.800] [Server thread/INFO] [ModdingLegacy/blue_skies/]: Sending JournalSectionManager to primordial
[26Oct2025 04:42:09.801] [Server thread/INFO] [ModdingLegacy/blue_skies/]: Sending JournalRequirementManager to primordial
[26Oct2025 04:42:09.921] [Server thread/INFO] [net.minecraft.server.MinecraftServer/]: primordial joined the game
[26Oct2025 04:42:10.014] [Server thread/INFO] [Jade/]: Syncing config to primordial (330291de-93e0-3a87-b4e5-4fe4a0532567)
[26Oct2025 04:42:10.114] [Server thread/INFO] [Enigmatic Legacy/INFO]: Synchronizing omniconfig files to primordial...
[26Oct2025 04:42:10.114] [Server thread/INFO] [Enigmatic Legacy/INFO]: Sending data for enigmaticaddons-common.omniconf
[26Oct2025 04:42:10.114] [Server thread/INFO] [Enigmatic Legacy/INFO]: Sending data for enigmaticlegacy-common.omniconf
[26Oct2025 04:42:10.115] [Server thread/INFO] [Enigmatic Legacy/INFO]: Granting starter gear to primordial
[26Oct2025 04:42:10.303] [Server thread/INFO] [com.teampotato.redirector.Redirector/]: Redirecting net/mehvahdjukaar/supplementaries/common/block/tiles/GlobeBlockTile$GlobeModel
[26Oct2025 04:42:10.384] [Server thread/INFO] [com.teampotato.redirector.Redirector/]: Redirecting net/minecraft/world/entity/ai/gossip/GossipType
[26Oct2025 04:42:10.987] [Server thread/INFO] [voicechat/]: [voicechat] Received secret request of primordial (20)
[26Oct2025 04:42:10.989] [Server thread/INFO] [voicechat/]: [voicechat] Sent secret to primordial
[26Oct2025 04:42:15.014] [Server thread/INFO] [com.teampotato.redirector.Redirector/]: Redirecting com/minecolonies/api/entity/ai/statemachine/states/AIWorkerState
[26Oct2025 04:42:15.020] [Server thread/INFO] [com.teampotato.redirector.Redirector/]: Redirecting com/minecolonies/core/entity/ai/basic/AbstractEntityAIStructureWithWorkOrder$RequestStage
[26Oct2025 04:42:15.141] [Server thread/INFO] [com.teampotato.redirector.Redirector/]: Redirecting net/minecraft/world/level/block/DoubleBlockCombiner$BlockType
[26Oct2025 04:42:16.404] [Server thread/WARN] [net.minecraft.network.syncher.SynchedEntityData/]: defineId called for: class dev.itsmeow.whisperwoods.entity.EntityZotzpyre from class dev.itsmeow.whisperwoods.imdlib.entity.EntityTypeContainer
[26Oct2025 04:42:16.406] [Server thread/INFO] [com.teampotato.redirector.Redirector/]: Redirecting dev/itsmeow/whisperwoods/entity/EntityZotzpyre$SwoopingAttackGoal$MovementPhase
[26Oct2025 04:42:16.446] [Server thread/INFO] [com.teampotato.redirector.Redirector/]: Redirecting com/hollingsworth/arsnouveau/common/entity/pathfinding/PathFindingStatus
[26Oct2025 04:42:16.447] [Server thread/INFO] [com.teampotato.redirector.Redirector/]: Redirecting com/hollingsworth/arsnouveau/common/entity/pathfinding/AbstractAdvancedPathNavigate$RestrictionType
[26Oct2025 04:42:16.451] [AN stolen Minecolonies Pathfinding Worker #0/INFO] [com.teampotato.redirector.Redirector/]: Redirecting com/hollingsworth/arsnouveau/common/entity/pathfinding/SurfaceType
[26Oct2025 04:42:16.511] [Server thread/INFO] [com.teampotato.redirector.Redirector/]: Redirecting software/bernie/ars_nouveau/geckolib3/core/PlayState
[26Oct2025 04:42:16.597] [Server thread/INFO] [com.teampotato.redirector.Redirector/]: Redirecting com/minecolonies/api/entity/combat/CombatAIStates
[26Oct2025 04:42:16.839] [Server thread/INFO] [com.teampotato.redirector.Redirector/]: Redirecting net/mehvahdjukaar/supplementaries/common/block/IBellConnections$BellConnection
[26Oct2025 04:42:17.042] [Server thread/INFO] [com.teampotato.redirector.Redirector/]: Redirecting com/minecolonies/core/entity/ai/minimal/EntityAICitizenAvoidEntity$FleeStates
[26Oct2025 04:42:17.044] [Server thread/INFO] [com.teampotato.redirector.Redirector/]: Redirecting com/minecolonies/core/entity/ai/minimal/EntityAIEatTask$EatingState
[26Oct2025 04:42:17.047] [Server thread/INFO] [com.teampotato.redirector.Redirector/]: Redirecting com/minecolonies/core/entity/ai/minimal/EntityAICitizenWander$WanderState
[26Oct2025 04:42:17.048] [Server thread/INFO] [com.teampotato.redirector.Redirector/]: Redirecting com/minecolonies/core/entity/ai/minimal/EntityAISickTask$DiseaseState
[26Oct2025 04:42:17.051] [Server thread/INFO] [com.teampotato.redirector.Redirector/]: Redirecting com/minecolonies/core/entity/ai/minimal/EntityAISleep$SleepState
[26Oct2025 04:42:17.053] [Server thread/INFO] [com.teampotato.redirector.Redirector/]: Redirecting com/minecolonies/core/entity/ai/minimal/EntityAIMournCitizen$MourningState
[26Oct2025 04:42:17.678] [Server thread/INFO] [com.teampotato.redirector.Redirector/]: Redirecting com/minecolonies/api/entity/pathfinding/PathFindingStatus
[26Oct2025 04:42:17.679] [Server thread/INFO] [com.teampotato.redirector.Redirector/]: Redirecting com/minecolonies/api/entity/pathfinding/AbstractAdvancedPathNavigate$RestrictionType
[26Oct2025 04:42:17.683] [Minecolonies Pathfinding Worker #0/INFO] [com.teampotato.redirector.Redirector/]: Redirecting com/minecolonies/api/entity/pathfinding/SurfaceType
[26Oct2025 04:42:17.738] [Server thread/INFO] [com.teampotato.redirector.Redirector/]: Redirecting com/github/alexthe666/citadel/animation/AnimationHandler
[26Oct2025 04:42:17.816] [Server thread/INFO] [com.teampotato.redirector.Redirector/]: Redirecting net/minecraft/world/entity/animal/horse/Variant
[26Oct2025 04:42:17.816] [Server thread/INFO] [com.teampotato.redirector.Redirector/]: Redirecting net/minecraft/world/entity/animal/horse/Markings
[26Oct2025 04:42:20.961] [Server thread/INFO] [mixin/]: Mixing MixinPiglinTasks from enigmaticlegacy.mixins.json into net.minecraft.world.entity.monster.piglin.PiglinAi
[26Oct2025 04:42:20.961] [Server thread/INFO] [mixin/]: Renaming synthetic method lambda$onPiglinBarter$0(Ljava/util/List;Lnet/minecraft/world/item/ItemStack;)V to md4fbada$lambda$onPiglinBarter$0$2 in enigmaticlegacy.mixins.json:MixinPiglinTasks
[26Oct2025 04:42:22.289] [VoiceChatPacketProcessingThread/INFO] [voicechat/]: [voicechat] Successfully authenticated player 330291de-93e0-3a87-b4e5-4fe4a0532567
[26Oct2025 04:42:23.296] [VoiceChatPacketProcessingThread/INFO] [voicechat/]: [voicechat] Successfully validated connection of player 330291de-93e0-3a87-b4e5-4fe4a0532567
[26Oct2025 04:42:23.300] [VoiceChatPacketProcessingThread/INFO] [voicechat/]: [voicechat] Player primordial (330291de-93e0-3a87-b4e5-4fe4a0532567) successfully connected to voice chat
[26Oct2025 04:42:23.387] [Netty Epoll Server IO #2/INFO] [Calio/]: Received acknowledgment for login packet with id 235
[26Oct2025 04:42:23.437] [Netty Epoll Server IO #2/INFO] [Calio/]: Received acknowledgment for login packet with id 236
[26Oct2025 04:42:23.477] [Netty Epoll Server IO #2/INFO] [Calio/]: Received acknowledgment for login packet with id 237
[26Oct2025 04:42:23.543] [Netty Epoll Server IO #2/INFO] [Calio/]: Received acknowledgment for login packet with id 238
[26Oct2025 04:42:23.588] [Netty Epoll Server IO #2/INFO] [Calio/]: Received acknowledgment for login packet with id 239
[26Oct2025 04:42:23.639] [Netty Epoll Server IO #2/INFO] [Calio/]: Received acknowledgment for login packet with id 240
[26Oct2025 04:42:23.698] [Netty Epoll Server IO #2/INFO] [Calio/]: Received acknowledgment for login packet with id 241
[26Oct2025 04:42:23.745] [Netty Epoll Server IO #2/INFO] [Calio/]: Received acknowledgment for login packet with id 242
[26Oct2025 04:42:23.790] [Netty Epoll Server IO #2/INFO] [Calio/]: Received acknowledgment for login packet with id 243
[26Oct2025 04:42:23.842] [Netty Epoll Server IO #2/INFO] [Calio/]: Received acknowledgment for login packet with id 244
[26Oct2025 04:42:23.879] [Netty Epoll Server IO #2/INFO] [Calio/]: Received acknowledgment for login packet with id 245
[26Oct2025 04:42:23.936] [Netty Epoll Server IO #2/INFO] [Calio/]: Received acknowledgment for login packet with id 246
[26Oct2025 04:42:24.162] [Netty Epoll Server IO #2/INFO] [Calio/]: Received acknowledgment for login packet with id 247
[26Oct2025 04:42:24.238] [Netty Epoll Server IO #2/INFO] [Calio/]: Received acknowledgment for login packet with id 248
[26Oct2025 04:42:24.249] [Netty Epoll Server IO #2/INFO] [Calio/]: Received acknowledgment for login packet with id 249
[26Oct2025 04:42:24.392] [Server thread/INFO] [net.minecraftforge.common.AdvancementLoadFix/]: Using new advancement loading for net.minecraft.server.PlayerAdvancements@f38b93a
[26Oct2025 04:42:24.403] [Server thread/INFO] [net.minecraft.server.players.PlayerList/]: ElpalomoMC[/127.208.18.55:52689] logged in with entity id 979 at (-1937.1845759417672, 66.5, 1590.300000011921)
[26Oct2025 04:42:24.464] [Server thread/INFO] [ModdingLegacy/blue_skies/]: Sending ToolHandleTypeManager to ElpalomoMC
[26Oct2025 04:42:24.465] [Server thread/INFO] [ModdingLegacy/blue_skies/]: Sending SnowcapOvenFreezingManager to ElpalomoMC
[26Oct2025 04:42:24.465] [Server thread/INFO] [ModdingLegacy/blue_skies/]: Sending HorizoniteForgeFuelManager to ElpalomoMC
[26Oct2025 04:42:24.465] [Server thread/INFO] [ModdingLegacy/blue_skies/]: Sending AlchemyRecipeManager to ElpalomoMC
[26Oct2025 04:42:24.467] [Server thread/INFO] [ModdingLegacy/blue_skies/]: Sending JournalEntryManager to ElpalomoMC
[26Oct2025 04:42:24.468] [Server thread/INFO] [ModdingLegacy/blue_skies/]: Sending JournalSectionManager to ElpalomoMC
[26Oct2025 04:42:24.468] [Server thread/INFO] [ModdingLegacy/blue_skies/]: Sending JournalRequirementManager to ElpalomoMC
[26Oct2025 04:42:24.541] [Server thread/INFO] [net.minecraft.server.MinecraftServer/]: ElpalomoMC joined the game
[26Oct2025 04:42:24.582] [Server thread/INFO] [Jade/]: Syncing config to ElpalomoMC (efb46329-42a0-3003-a469-31a51d6cfa49)
[26Oct2025 04:42:24.659] [Server thread/INFO] [Enigmatic Legacy/INFO]: Synchronizing omniconfig files to ElpalomoMC...
[26Oct2025 04:42:24.660] [Server thread/INFO] [Enigmatic Legacy/INFO]: Sending data for enigmaticaddons-common.omniconf
[26Oct2025 04:42:24.661] [Server thread/INFO] [Enigmatic Legacy/INFO]: Sending data for enigmaticlegacy-common.omniconf
[26Oct2025 04:42:24.661] [Server thread/INFO] [Enigmatic Legacy/INFO]: Granting starter gear to ElpalomoMC
[26Oct2025 04:42:24.705] [Server thread/INFO] [voicechat/]: [voicechat] Received secret request of ElpalomoMC (20)
[26Oct2025 04:42:24.706] [Server thread/INFO] [voicechat/]: [voicechat] Sent secret to ElpalomoMC
[26Oct2025 04:42:25.374] [Server thread/INFO] [com.teampotato.redirector.Redirector/]: Redirecting net/minecraft/world/entity/animal/TropicalFish$Pattern
[26Oct2025 04:42:25.880] [Server thread/INFO] [com.teampotato.redirector.Redirector/]: Redirecting net/minecraft/world/entity/monster/AbstractIllager$IllagerArmPose
[26Oct2025 04:42:26.323] [Server thread/INFO] [com.teampotato.redirector.Redirector/]: Redirecting com/github/L_Ender/lionfishapi/server/animation/AnimationHandler
[26Oct2025 04:42:27.925] [Server thread/INFO] [com.teampotato.redirector.Redirector/]: Redirecting com/ilexiconn/llibrary/server/animation/AnimationHandler
[26Oct2025 04:42:33.025] [Server thread/INFO] [net.minecraft.server.MinecraftServer/]: primordial has made the advancement [You Spin Me Right Round Baby]
[26Oct2025 04:42:35.181] [Server thread/INFO] [com.teampotato.redirector.Redirector/]: Redirecting vazkii/quark/content/mobs/entity/Stoneling$StonelingVariant
[26Oct2025 04:42:37.551] [Server thread/INFO] [com.teampotato.redirector.Redirector/]: Redirecting net/minecraft/server/commands/AdvancementCommands$Mode
[26Oct2025 04:42:38.423] [Server thread/WARN] [net.minecraft.world.level.storage.loot.functions.SetItemDamageFunction/]: Couldn't set damage of loot item 1 gold_ingot
[26Oct2025 04:42:38.423] [Server thread/WARN] [net.minecraft.world.level.storage.loot.functions.SetItemDamageFunction/]: Couldn't set damage of loot item 1 gem_dust
[26Oct2025 04:42:38.423] [Server thread/WARN] [net.minecraft.world.level.storage.loot.functions.SetItemDamageFunction/]: Couldn't set damage of loot item 1 diamond
[26Oct2025 04:42:41.469] [Netty Epoll Server IO #4/INFO] [com.teampotato.redirector.Redirector/]: Redirecting net/bettercombat/logic/AnimatedHand
[26Oct2025 04:42:48.054] [Server thread/INFO] [com.teampotato.redirector.Redirector/]: Redirecting net/p3pp3rf1y/sophisticatedbackpacks/common/gui/BackpackContext$ContextType
[26Oct2025 04:42:52.055] [VoiceChatPacketProcessingThread/INFO] [voicechat/]: [voicechat] Successfully authenticated player efb46329-42a0-3003-a469-31a51d6cfa49
[26Oct2025 04:42:54.008] [VoiceChatPacketProcessingThread/INFO] [voicechat/]: [voicechat] Successfully validated connection of player efb46329-42a0-3003-a469-31a51d6cfa49
[26Oct2025 04:42:54.008] [VoiceChatPacketProcessingThread/INFO] [voicechat/]: [voicechat] Player ElpalomoMC (efb46329-42a0-3003-a469-31a51d6cfa49) successfully connected to voice chat
[26Oct2025 04:42:56.983] [Worker-Main2/WARN] [net.minecraft.world.level.levelgen.structure.pools.JigsawPlacement/]: Empty or non-existent pool: minecraft:
[26Oct2025 04:42:56.983] [Worker-Main2/WARN] [net.minecraft.world.level.levelgen.structure.pools.JigsawPlacement/]: Empty or non-existent pool: minecraft:
[26Oct2025 04:42:56.984] [Worker-Main2/WARN] [net.minecraft.world.level.levelgen.structure.pools.JigsawPlacement/]: Empty or non-existent pool: minecraft:
[26Oct2025 04:42:56.984] [Worker-Main2/WARN] [net.minecraft.world.level.levelgen.structure.pools.JigsawPlacement/]: Empty or non-existent pool: minecraft:
[26Oct2025 04:42:56.984] [Worker-Main2/WARN] [net.minecraft.world.level.levelgen.structure.pools.JigsawPlacement/]: Empty or non-existent pool: minecraft:
[26Oct2025 04:42:56.984] [Worker-Main2/WARN] [net.minecraft.world.level.levelgen.structure.pools.JigsawPlacement/]: Empty or non-existent pool: minecraft:
[26Oct2025 04:42:56.985] [Worker-Main2/WARN] [net.minecraft.world.level.levelgen.structure.pools.JigsawPlacement/]: Empty or non-existent pool: minecraft:
[26Oct2025 04:43:15.094] [Server thread/WARN] [net.minecraft.world.level.storage.loot.functions.SetItemDamageFunction/]: Couldn't set damage of loot item 1 gold_ingot
[26Oct2025 04:43:15.711] [Worker-Main1/INFO] [com.teampotato.redirector.Redirector/]: Redirecting com/github/justinwon777/humancompanions/entity/ai/ArbalistRangedCrossbowAttackGoal$CrossbowState
[26Oct2025 04:43:59.340] [Server thread/WARN] [net.minecraft.world.level.storage.loot.functions.SetItemDamageFunction/]: Couldn't set damage of loot item 1 gold_block
[26Oct2025 04:43:59.342] [Server thread/WARN] [net.minecraft.world.level.storage.loot.functions.SetItemDamageFunction/]: Couldn't set damage of loot item 1 gem_dust
[26Oct2025 04:44:00.689] [Server thread/WARN] [net.minecraft.world.level.storage.loot.functions.SetItemDamageFunction/]: Couldn't set damage of loot item 1 gold_ingot
[26Oct2025 04:44:00.690] [Server thread/WARN] [net.minecraft.world.level.storage.loot.functions.SetItemDamageFunction/]: Couldn't set damage of loot item 1 diamond
[26Oct2025 04:44:00.690] [Server thread/WARN] [net.minecraft.world.level.storage.loot.functions.SetItemDamageFunction/]: Couldn't set damage of loot item 1 gem_dust
[26Oct2025 04:44:00.690] [Server thread/WARN] [net.minecraft.world.level.storage.loot.functions.SetItemDamageFunction/]: Couldn't set damage of loot item 1 diamond
[26Oct2025 04:44:01.343] [Server thread/WARN] [net.minecraft.world.level.storage.loot.functions.SetItemDamageFunction/]: Couldn't set damage of loot item 1 gold_ingot
[26Oct2025 04:44:01.343] [Server thread/WARN] [net.minecraft.world.level.storage.loot.functions.SetItemDamageFunction/]: Couldn't set damage of loot item 1 gold_block
[26Oct2025 04:44:01.344] [Server thread/WARN] [net.minecraft.world.level.storage.loot.functions.SetItemDamageFunction/]: Couldn't set damage of loot item 1 diamond
[26Oct2025 04:44:03.160] [Netty Epoll Server IO #4/INFO] [Calio/]: Received acknowledgment for login packet with id 235
[26Oct2025 04:44:03.194] [Netty Epoll Server IO #4/INFO] [Calio/]: Received acknowledgment for login packet with id 236
[26Oct2025 04:44:03.236] [Netty Epoll Server IO #4/INFO] [Calio/]: Received acknowledgment for login packet with id 237
[26Oct2025 04:44:03.288] [Netty Epoll Server IO #4/INFO] [Calio/]: Received acknowledgment for login packet with id 238
[26Oct2025 04:44:03.334] [Netty Epoll Server IO #4/INFO] [Calio/]: Received acknowledgment for login packet with id 239
[26Oct2025 04:44:03.390] [Netty Epoll Server IO #4/INFO] [Calio/]: Received acknowledgment for login packet with id 240
[26Oct2025 04:44:03.441] [Netty Epoll Server IO #4/INFO] [Calio/]: Received acknowledgment for login packet with id 241
[26Oct2025 04:44:03.489] [Netty Epoll Server IO #4/INFO] [Calio/]: Received acknowledgment for login packet with id 242
[26Oct2025 04:44:03.540] [Netty Epoll Server IO #4/INFO] [Calio/]: Received acknowledgment for login packet with id 243
[26Oct2025 04:44:03.591] [Netty Epoll Server IO #4/INFO] [Calio/]: Received acknowledgment for login packet with id 244
[26Oct2025 04:44:03.636] [Netty Epoll Server IO #4/INFO] [Calio/]: Received acknowledgment for login packet with id 245
[26Oct2025 04:44:03.684] [Netty Epoll Server IO #4/INFO] [Calio/]: Received acknowledgment for login packet with id 246
[26Oct2025 04:44:05.010] [Netty Epoll Server IO #4/INFO] [Calio/]: Received acknowledgment for login packet with id 247
[26Oct2025 04:44:05.012] [Netty Epoll Server IO #4/INFO] [Calio/]: Received acknowledgment for login packet with id 248
[26Oct2025 04:44:05.020] [Netty Epoll Server IO #4/INFO] [Calio/]: Received acknowledgment for login packet with id 249
[26Oct2025 04:44:05.097] [Server thread/INFO] [net.minecraftforge.common.AdvancementLoadFix/]: Using new advancement loading for net.minecraft.server.PlayerAdvancements@1c978b9d
[26Oct2025 04:44:05.111] [Server thread/INFO] [net.minecraft.server.players.PlayerList/]: SrXD[/127.66.255.166:33691] logged in with entity id 2094 at (-1938.3868412244758, 67.5, 1593.607113350551)
[26Oct2025 04:44:05.163] [Server thread/INFO] [ModdingLegacy/blue_skies/]: Sending ToolHandleTypeManager to SrXD
[26Oct2025 04:44:05.164] [Server thread/INFO] [ModdingLegacy/blue_skies/]: Sending SnowcapOvenFreezingManager to SrXD
[26Oct2025 04:44:05.165] [Server thread/INFO] [ModdingLegacy/blue_skies/]: Sending HorizoniteForgeFuelManager to SrXD
[26Oct2025 04:44:05.165] [Server thread/INFO] [ModdingLegacy/blue_skies/]: Sending AlchemyRecipeManager to SrXD
[26Oct2025 04:44:05.169] [Server thread/INFO] [ModdingLegacy/blue_skies/]: Sending JournalEntryManager to SrXD
[26Oct2025 04:44:05.173] [Server thread/INFO] [ModdingLegacy/blue_skies/]: Sending JournalSectionManager to SrXD
[26Oct2025 04:44:05.173] [Server thread/INFO] [ModdingLegacy/blue_skies/]: Sending JournalRequirementManager to SrXD
[26Oct2025 04:44:05.235] [Server thread/INFO] [net.minecraft.server.MinecraftServer/]: SrXD joined the game
[26Oct2025 04:44:05.330] [Server thread/INFO] [Jade/]: Syncing config to SrXD (4853725e-0ddc-3736-a22f-db2b76f87da3)
[26Oct2025 04:44:05.435] [Server thread/INFO] [Enigmatic Legacy/INFO]: Synchronizing omniconfig files to SrXD...
[26Oct2025 04:44:05.435] [Server thread/INFO] [Enigmatic Legacy/INFO]: Sending data for enigmaticaddons-common.omniconf
[26Oct2025 04:44:05.436] [Server thread/INFO] [Enigmatic Legacy/INFO]: Sending data for enigmaticlegacy-common.omniconf
[26Oct2025 04:44:05.437] [Server thread/INFO] [Enigmatic Legacy/INFO]: Granting starter gear to SrXD
[26Oct2025 04:44:06.182] [Server thread/INFO] [voicechat/]: [voicechat] Received secret request of SrXD (20)
[26Oct2025 04:44:06.183] [Server thread/INFO] [voicechat/]: [voicechat] Sent secret to SrXD
[26Oct2025 04:44:20.370] [Worker-Main1/WARN] [net.minecraft.world.level.levelgen.structure.pools.JigsawPlacement/]: Empty or non-existent pool: minecraft:
[26Oct2025 04:44:20.370] [Worker-Main1/WARN] [net.minecraft.world.level.levelgen.structure.pools.JigsawPlacement/]: Empty or non-existent pool: minecraft:
[26Oct2025 04:44:20.370] [Worker-Main1/WARN] [net.minecraft.world.level.levelgen.structure.pools.JigsawPlacement/]: Empty or non-existent pool: minecraft:
[26Oct2025 04:44:20.370] [Worker-Main1/WARN] [net.minecraft.world.level.levelgen.structure.pools.JigsawPlacement/]: Empty or non-existent pool: minecraft:
[26Oct2025 04:44:20.371] [Worker-Main1/WARN] [net.minecraft.world.level.levelgen.structure.pools.JigsawPlacement/]: Empty or non-existent pool: minecraft:
[26Oct2025 04:44:20.371] [Worker-Main1/WARN] [net.minecraft.world.level.levelgen.structure.pools.JigsawPlacement/]: Empty or non-existent pool: minecraft:
[26Oct2025 04:44:20.371] [Worker-Main1/WARN] [net.minecraft.world.level.levelgen.structure.pools.JigsawPlacement/]: Empty or non-existent pool: minecraft:
[26Oct2025 04:44:22.284] [Worker-Main1/ERROR] [net.minecraft.world.entity.decoration.HangingEntity/]: Hanging entity at invalid position: BlockPos{x=189, y=-9, z=126}
[26Oct2025 04:44:22.285] [Worker-Main1/ERROR] [net.minecraft.world.entity.decoration.HangingEntity/]: Hanging entity at invalid position: BlockPos{x=191, y=-9, z=132}
[26Oct2025 04:44:29.142] [Server thread/WARN] [net.minecraft.world.level.storage.loot.functions.SetItemDamageFunction/]: Couldn't set damage of loot item 1 gold_ingot
[26Oct2025 04:44:29.142] [Server thread/WARN] [net.minecraft.world.level.storage.loot.functions.SetItemDamageFunction/]: Couldn't set damage of loot item 1 diamond
[26Oct2025 04:44:29.142] [Server thread/WARN] [net.minecraft.world.level.storage.loot.functions.SetItemDamageFunction/]: Couldn't set damage of loot item 1 gem_dust
[26Oct2025 04:44:29.143] [Server thread/WARN] [net.minecraft.world.level.storage.loot.functions.SetItemDamageFunction/]: Couldn't set damage of loot item 1 diamond
[26Oct2025 04:44:31.032] [Server thread/WARN] [net.minecraft.world.level.storage.loot.functions.SetItemDamageFunction/]: Couldn't set damage of loot item 1 gold_block
[26Oct2025 04:44:31.032] [Server thread/WARN] [net.minecraft.world.level.storage.loot.functions.SetItemDamageFunction/]: Couldn't set damage of loot item 1 gem_dust
[26Oct2025 04:44:31.032] [Server thread/WARN] [net.minecraft.world.level.storage.loot.functions.SetItemDamageFunction/]: Couldn't set damage of loot item 1 iron_block
[26Oct2025 04:44:35.730] [Server thread/WARN] [net.minecraft.world.level.storage.loot.functions.SetItemDamageFunction/]: Couldn't set damage of loot item 1 netherite_scrap
[26Oct2025 04:44:35.730] [Server thread/WARN] [net.minecraft.world.level.storage.loot.functions.SetItemDamageFunction/]: Couldn't set damage of loot item 1 diamond
[26Oct2025 04:44:35.730] [Server thread/WARN] [net.minecraft.world.level.storage.loot.functions.SetItemDamageFunction/]: Couldn't set damage of loot item 1 gem_dust
[26Oct2025 04:44:35.730] [Server thread/WARN] [net.minecraft.world.level.storage.loot.functions.SetItemDamageFunction/]: Couldn't set damage of loot item 1 iron_block
[26Oct2025 04:44:40.072] [Server thread/INFO] [com.teampotato.redirector.Redirector/]: Redirecting net/minecraft/world/entity/animal/axolotl/Axolotl$Variant
[26Oct2025 04:44:43.679] [VoiceChatPacketProcessingThread/INFO] [voicechat/]: [voicechat] Successfully authenticated player 4853725e-0ddc-3736-a22f-db2b76f87da3
[26Oct2025 04:44:45.707] [VoiceChatPacketProcessingThread/INFO] [voicechat/]: [voicechat] Successfully validated connection of player 4853725e-0ddc-3736-a22f-db2b76f87da3
[26Oct2025 04:44:45.707] [VoiceChatPacketProcessingThread/INFO] [voicechat/]: [voicechat] Player SrXD (4853725e-0ddc-3736-a22f-db2b76f87da3) successfully connected to voice chat
[26Oct2025 04:45:02.207] [Worker-Main3/INFO] [com.teampotato.redirector.Redirector/]: Redirecting net/minecraft/world/entity/animal/Fox$Type
[26Oct2025 04:45:07.681] [Server thread/WARN] [net.minecraft.world.level.storage.loot.functions.SetItemDamageFunction/]: Couldn't set damage of loot item 1 netherite_scrap
[26Oct2025 04:45:07.681] [Server thread/WARN] [net.minecraft.world.level.storage.loot.functions.SetItemDamageFunction/]: Couldn't set damage of loot item 1 gold_block
[26Oct2025 04:45:07.681] [Server thread/WARN] [net.minecraft.world.level.storage.loot.functions.SetItemDamageFunction/]: Couldn't set damage of loot item 1 gem_dust
[26Oct2025 04:45:07.681] [Server thread/WARN] [net.minecraft.world.level.storage.loot.functions.SetItemDamageFunction/]: Couldn't set damage of loot item 1 diamond
[26Oct2025 04:46:22.420] [Server thread/INFO] [com.teampotato.redirector.Redirector/]: Redirecting net/minecraftforge/event/level/NoteBlockEvent$Note
[26Oct2025 04:46:36.271] [Server thread/INFO] [com.teampotato.redirector.Redirector/]: Redirecting com/minecolonies/core/entity/ai/util/BuildingStructureHandler$Stage
[26Oct2025 04:46:38.591] [Server thread/WARN] [minecolonies/]: Writing Recipe Manager: 0 recipes!
[26Oct2025 04:47:26.882] [Server thread/WARN] [net.minecraft.world.level.storage.loot.functions.SetItemDamageFunction/]: Couldn't set damage of loot item 1 gold_ingot
[26Oct2025 04:47:26.882] [Server thread/WARN] [net.minecraft.world.level.storage.loot.functions.SetItemDamageFunction/]: Couldn't set damage of loot item 1 diamond
[26Oct2025 04:47:45.511] [Server thread/INFO] [com.teampotato.redirector.Redirector/]: Redirecting vazkii/quark/base/handler/SortingHandler$ItemType
[26Oct2025 04:47:52.199] [Server thread/INFO] [net.minecraftforge.coremod.CoreMod.apotheosis/COREMODLOG]: Replaced 1 calls to Enchantment#getMaxLevel() in com/mrcrayfish/goblintraders/Hooks
[26Oct2025 04:48:07.383] [Server thread/WARN] [net.minecraft.world.level.storage.loot.functions.SetItemDamageFunction/]: Couldn't set damage of loot item 1 netherite_scrap
[26Oct2025 04:48:07.384] [Server thread/WARN] [net.minecraft.world.level.storage.loot.functions.SetItemDamageFunction/]: Couldn't set damage of loot item 1 gold_block
[26Oct2025 04:48:07.384] [Server thread/WARN] [net.minecraft.world.level.storage.loot.functions.SetItemDamageFunction/]: Couldn't set damage of loot item 1 wisdom_scroll
[26Oct2025 04:48:07.384] [Server thread/WARN] [net.minecraft.world.level.storage.loot.functions.SetItemDamageFunction/]: Couldn't set damage of loot item 1 diamond
[26Oct2025 04:48:08.045] [Server thread/INFO] [com.teampotato.redirector.Redirector/]: Redirecting net/blay09/mods/waystones/core/WaystoneEditPermissions
[26Oct2025 04:48:10.582] [Server thread/INFO] [com.teampotato.redirector.Redirector/]: Redirecting net/blay09/mods/waystones/core/WarpMode
[26Oct2025 04:48:13.517] [Server thread/INFO] [com.teampotato.redirector.Redirector/]: Redirecting net/blay09/mods/waystones/api/EventResult
[26Oct2025 04:48:13.559] [Server thread/INFO] [com.teampotato.redirector.Redirector/]: Redirecting net/minecraft/world/entity/raid/Raid$RaidStatus
[26Oct2025 04:48:17.735] [Server thread/WARN] [net.minecraft.world.level.storage.loot.functions.SetItemDamageFunction/]: Couldn't set damage of loot item 1 netherite_scrap
[26Oct2025 04:48:17.735] [Server thread/WARN] [net.minecraft.world.level.storage.loot.functions.SetItemDamageFunction/]: Couldn't set damage of loot item 1 diamond
[26Oct2025 04:48:17.735] [Server thread/WARN] [net.minecraft.world.level.storage.loot.functions.SetItemDamageFunction/]: Couldn't set damage of loot item 1 gem_dust
[26Oct2025 04:48:54.061] [Server thread/WARN] [net.minecraft.world.level.storage.loot.functions.SetItemDamageFunction/]: Couldn't set damage of loot item 1 gold_ingot
[26Oct2025 04:48:54.061] [Server thread/WARN] [net.minecraft.world.level.storage.loot.functions.SetItemDamageFunction/]: Couldn't set damage of loot item 1 diamond
[26Oct2025 04:48:54.061] [Server thread/WARN] [net.minecraft.world.level.storage.loot.functions.SetItemDamageFunction/]: Couldn't set damage of loot item 1 gem_dust
[26Oct2025 04:48:54.061] [Server thread/WARN] [net.minecraft.world.level.storage.loot.functions.SetItemDamageFunction/]: Couldn't set damage of loot item 1 diamond
[26Oct2025 04:49:06.939] [Server thread/WARN] [net.minecraft.world.level.storage.loot.functions.SetItemDamageFunction/]: Couldn't set damage of loot item 1 netherite_scrap
[26Oct2025 04:49:06.939] [Server thread/WARN] [net.minecraft.world.level.storage.loot.functions.SetItemDamageFunction/]: Couldn't set damage of loot item 1 gem_dust
[26Oct2025 04:49:06.939] [Server thread/WARN] [net.minecraft.world.level.storage.loot.functions.SetItemDamageFunction/]: Couldn't set damage of loot item 1 diamond
[26Oct2025 04:49:23.984] [Worker-Main1/INFO] [com.teampotato.redirector.Redirector/]: Redirecting twilightforest/world/components/structures/courtyard/StructureMazeGenerator$WallFacing
[26Oct2025 04:49:38.888] [Server thread/WARN] [net.minecraft.world.level.storage.loot.functions.SetItemDamageFunction/]: Couldn't set damage of loot item 1 netherite_scrap
[26Oct2025 04:49:38.889] [Server thread/WARN] [net.minecraft.world.level.storage.loot.functions.SetItemDamageFunction/]: Couldn't set damage of loot item 1 wisdom_scroll
[26Oct2025 04:49:38.889] [Server thread/WARN] [net.minecraft.world.level.storage.loot.functions.SetItemDamageFunction/]: Couldn't set damage of loot item 1 diamond
[26Oct2025 04:49:50.999] [Worker-Main2/INFO] [com.teampotato.redirector.Redirector/]: Redirecting xiroc/dungeoncrawl/dungeon/Tile$Flag
[26Oct2025 04:49:53.736] [Server thread/WARN] [net.minecraft.world.level.storage.loot.functions.SetItemDamageFunction/]: Couldn't set damage of loot item 1 gold_ingot
[26Oct2025 04:49:53.737] [Server thread/WARN] [net.minecraft.world.level.storage.loot.functions.SetItemDamageFunction/]: Couldn't set damage of loot item 1 gold_block
[26Oct2025 04:49:53.737] [Server thread/WARN] [net.minecraft.world.level.storage.loot.functions.SetItemDamageFunction/]: Couldn't set damage of loot item 1 gem_dust
[26Oct2025 04:49:53.737] [Server thread/WARN] [net.minecraft.world.level.storage.loot.functions.SetItemDamageFunction/]: Couldn't set damage of loot item 1 diamond
[26Oct2025 04:49:55.601] [Worker-Main2/ERROR] [net.minecraft.world.entity.decoration.HangingEntity/]: Hanging entity at invalid position: BlockPos{x=198, y=48, z=187}
[26Oct2025 04:49:56.298] [Server thread/WARN] [net.minecraft.world.level.storage.loot.functions.SetItemDamageFunction/]: Couldn't set damage of loot item 1 netherite_scrap
[26Oct2025 04:49:56.299] [Server thread/WARN] [net.minecraft.world.level.storage.loot.functions.SetItemDamageFunction/]: Couldn't set damage of loot item 1 gold_block
[26Oct2025 04:49:56.299] [Server thread/WARN] [net.minecraft.world.level.storage.loot.functions.SetItemDamageFunction/]: Couldn't set damage of loot item 1 diamond
[26Oct2025 04:49:57.137] [Server thread/WARN] [net.minecraft.world.level.storage.loot.functions.SetItemDamageFunction/]: Couldn't set damage of loot item 1 diamond
[26Oct2025 04:49:57.137] [Server thread/WARN] [net.minecraft.world.level.storage.loot.functions.SetItemDamageFunction/]: Couldn't set damage of loot item 1 gem_dust
[26Oct2025 04:49:57.137] [Server thread/WARN] [net.minecraft.world.level.storage.loot.functions.SetItemDamageFunction/]: Couldn't set damage of loot item 1 diamond
[26Oct2025 04:50:07.205] [Worker-Main2/WARN] [net.minecraft.world.level.levelgen.structure.pools.JigsawPlacement/]: Empty or non-existent pool: minecraft:
[26Oct2025 04:50:07.205] [Worker-Main2/WARN] [net.minecraft.world.level.levelgen.structure.pools.JigsawPlacement/]: Empty or non-existent pool: minecraft:
[26Oct2025 04:50:07.206] [Worker-Main2/WARN] [net.minecraft.world.level.levelgen.structure.pools.JigsawPlacement/]: Empty or non-existent pool: minecraft:
[26Oct2025 04:50:07.206] [Worker-Main2/WARN] [net.minecraft.world.level.levelgen.structure.pools.JigsawPlacement/]: Empty or non-existent pool: minecraft:
[26Oct2025 04:50:13.142] [Server thread/WARN] [net.minecraft.world.level.storage.loot.functions.SetItemDamageFunction/]: Couldn't set damage of loot item 1 diamond
[26Oct2025 04:50:13.142] [Server thread/WARN] [net.minecraft.world.level.storage.loot.functions.SetItemDamageFunction/]: Couldn't set damage of loot item 1 gem_dust
[26Oct2025 04:50:13.142] [Server thread/WARN] [net.minecraft.world.level.storage.loot.functions.SetItemDamageFunction/]: Couldn't set damage of loot item 1 diamond
[26Oct2025 04:50:14.439] [Server thread/WARN] [net.minecraft.world.level.storage.loot.functions.SetItemDamageFunction/]: Couldn't set damage of loot item 1 diamond
[26Oct2025 04:50:14.439] [Server thread/WARN] [net.minecraft.world.level.storage.loot.functions.SetItemDamageFunction/]: Couldn't set damage of loot item 1 gem_dust
[26Oct2025 04:50:14.439] [Server thread/WARN] [net.minecraft.world.level.storage.loot.functions.SetItemDamageFunction/]: Couldn't set damage of loot item 1 diamond
[26Oct2025 04:50:16.257] [pool-12-thread-1/INFO] [com.teampotato.redirector.Redirector/]: Redirecting net/minecraft/world/level/levelgen/structure/StructureCheckResult
[26Oct2025 04:50:16.453] [Server thread/WARN] [net.minecraft.world.level.storage.loot.functions.SetItemDamageFunction/]: Couldn't set damage of loot item 1 gold_ingot
[26Oct2025 04:50:16.453] [Server thread/WARN] [net.minecraft.world.level.storage.loot.functions.SetItemDamageFunction/]: Couldn't set damage of loot item 1 gold_block
[26Oct2025 04:50:16.454] [Server thread/WARN] [net.minecraft.world.level.storage.loot.functions.SetItemDamageFunction/]: Couldn't set damage of loot item 1 wisdom_scroll
[26Oct2025 04:50:16.454] [Server thread/WARN] [net.minecraft.world.level.storage.loot.functions.SetItemDamageFunction/]: Couldn't set damage of loot item 1 diamond
[26Oct2025 04:50:16.695] [Server thread/WARN] [net.minecraft.world.level.storage.loot.functions.SetItemDamageFunction/]: Couldn't set damage of loot item 1 netherite_scrap
[26Oct2025 04:50:16.696] [Server thread/WARN] [net.minecraft.world.level.storage.loot.functions.SetItemDamageFunction/]: Couldn't set damage of loot item 1 wisdom_scroll
[26Oct2025 04:50:16.696] [Server thread/WARN] [net.minecraft.world.level.storage.loot.functions.SetItemDamageFunction/]: Couldn't set damage of loot item 1 diamond
[26Oct2025 04:50:18.345] [Server thread/WARN] [net.minecraft.world.level.storage.loot.functions.SetItemDamageFunction/]: Couldn't set damage of loot item 1 gold_ingot
[26Oct2025 04:50:18.345] [Server thread/WARN] [net.minecraft.world.level.storage.loot.functions.SetItemDamageFunction/]: Couldn't set damage of loot item 1 diamond
[26Oct2025 04:50:18.345] [Server thread/WARN] [net.minecraft.world.level.storage.loot.functions.SetItemDamageFunction/]: Couldn't set damage of loot item 1 gem_dust
[26Oct2025 04:50:18.345] [Server thread/WARN] [net.minecraft.world.level.storage.loot.functions.SetItemDamageFunction/]: Couldn't set damage of loot item 1 diamond
[26Oct2025 04:50:23.009] [Server thread/WARN] [net.minecraft.world.level.storage.loot.functions.SetItemDamageFunction/]: Couldn't set damage of loot item 1 diamond
[26Oct2025 04:50:23.009] [Server thread/WARN] [net.minecraft.world.level.storage.loot.functions.SetItemDamageFunction/]: Couldn't set damage of loot item 1 iron_block
[26Oct2025 04:50:23.110] [Server thread/WARN] [net.minecraft.world.level.storage.loot.functions.SetItemDamageFunction/]: Couldn't set damage of loot item 1 netherite_scrap
[26Oct2025 04:50:23.110] [Server thread/WARN] [net.minecraft.world.level.storage.loot.functions.SetItemDamageFunction/]: Couldn't set damage of loot item 1 diamond
[26Oct2025 04:50:23.111] [Server thread/WARN] [net.minecraft.world.level.storage.loot.functions.SetItemDamageFunction/]: Couldn't set damage of loot item 1 wisdom_scroll
[26Oct2025 04:50:23.111] [Server thread/WARN] [net.minecraft.world.level.storage.loot.functions.SetItemDamageFunction/]: Couldn't set damage of loot item 1 iron_block
[26Oct2025 04:50:24.788] [Server thread/WARN] [net.minecraft.world.level.storage.loot.functions.SetItemDamageFunction/]: Couldn't set damage of loot item 1 gold_ingot
[26Oct2025 04:50:24.789] [Server thread/WARN] [net.minecraft.world.level.storage.loot.functions.SetItemDamageFunction/]: Couldn't set damage of loot item 1 gem_dust
[26Oct2025 04:50:24.789] [Server thread/WARN] [net.minecraft.world.level.storage.loot.functions.SetItemDamageFunction/]: Couldn't set damage of loot item 1 diamond
[26Oct2025 04:50:25.919] [Server thread/WARN] [net.minecraft.world.level.storage.loot.functions.SetItemDamageFunction/]: Couldn't set damage of loot item 1 gold_ingot
[26Oct2025 04:50:25.919] [Server thread/WARN] [net.minecraft.world.level.storage.loot.functions.SetItemDamageFunction/]: Couldn't set damage of loot item 1 diamond
[26Oct2025 04:50:26.054] [Server thread/WARN] [net.minecraft.world.level.storage.loot.functions.SetItemDamageFunction/]: Couldn't set damage of loot item 1 gold_ingot
[26Oct2025 04:50:26.054] [Server thread/WARN] [net.minecraft.world.level.storage.loot.functions.SetItemDamageFunction/]: Couldn't set damage of loot item 1 diamond
[26Oct2025 04:50:26.054] [Server thread/WARN] [net.minecraft.world.level.storage.loot.functions.SetItemDamageFunction/]: Couldn't set damage of loot item 1 gem_dust
[26Oct2025 04:50:26.054] [Server thread/WARN] [net.minecraft.world.level.storage.loot.functions.SetItemDamageFunction/]: Couldn't set damage of loot item 1 iron_block
[26Oct2025 04:50:26.709] [Server thread/WARN] [net.minecraft.world.level.storage.loot.functions.SetItemDamageFunction/]: Couldn't set damage of loot item 1 gold_ingot
[26Oct2025 04:50:26.710] [Server thread/WARN] [net.minecraft.world.level.storage.loot.functions.SetItemDamageFunction/]: Couldn't set damage of loot item 1 gem_dust
[26Oct2025 04:50:26.710] [Server thread/WARN] [net.minecraft.world.level.storage.loot.functions.SetItemDamageFunction/]: Couldn't set damage of loot item 1 iron_block
[26Oct2025 04:50:28.166] [Server thread/WARN] [net.minecraft.world.level.storage.loot.functions.SetItemDamageFunction/]: Couldn't set damage of loot item 1 gold_ingot
[26Oct2025 04:50:28.166] [Server thread/WARN] [net.minecraft.world.level.storage.loot.functions.SetItemDamageFunction/]: Couldn't set damage of loot item 1 diamond
[26Oct2025 04:50:28.166] [Server thread/WARN] [net.minecraft.world.level.storage.loot.functions.SetItemDamageFunction/]: Couldn't set damage of loot item 1 gem_dust
[26Oct2025 04:50:28.166] [Server thread/WARN] [net.minecraft.world.level.storage.loot.functions.SetItemDamageFunction/]: Couldn't set damage of loot item 1 diamond
[26Oct2025 04:50:28.201] [Server thread/WARN] [net.minecraft.world.level.storage.loot.functions.SetItemDamageFunction/]: Couldn't set damage of loot item 1 netherite_scrap
[26Oct2025 04:50:28.202] [Server thread/WARN] [net.minecraft.world.level.storage.loot.functions.SetItemDamageFunction/]: Couldn't set damage of loot item 1 diamond
[26Oct2025 04:50:28.202] [Server thread/WARN] [net.minecraft.world.level.storage.loot.functions.SetItemDamageFunction/]: Couldn't set damage of loot item 1 gem_dust
[26Oct2025 04:50:28.202] [Server thread/WARN] [net.minecraft.world.level.storage.loot.functions.SetItemDamageFunction/]: Couldn't set damage of loot item 1 diamond
[26Oct2025 04:50:37.091] [Server thread/INFO] [com.teampotato.redirector.Redirector/]: Redirecting com/teamabnormals/savage_and_ravage/common/item/BlastProofArmorType
[26Oct2025 04:50:40.186] [Server thread/WARN] [net.minecraft.world.level.storage.loot.functions.SetItemDamageFunction/]: Couldn't set damage of loot item 1 netherite_scrap
[26Oct2025 04:50:40.186] [Server thread/WARN] [net.minecraft.world.level.storage.loot.functions.SetItemDamageFunction/]: Couldn't set damage of loot item 1 diamond
[26Oct2025 04:50:40.186] [Server thread/WARN] [net.minecraft.world.level.storage.loot.functions.SetItemDamageFunction/]: Couldn't set damage of loot item 1 wisdom_scroll
[26Oct2025 04:50:40.187] [Server thread/WARN] [net.minecraft.world.level.storage.loot.functions.SetItemDamageFunction/]: Couldn't set damage of loot item 1 diamond
[26Oct2025 04:50:40.593] [Server thread/WARN] [net.minecraft.world.level.storage.loot.functions.SetItemDamageFunction/]: Couldn't set damage of loot item 1 netherite_scrap
[26Oct2025 04:50:40.593] [Server thread/WARN] [net.minecraft.world.level.storage.loot.functions.SetItemDamageFunction/]: Couldn't set damage of loot item 1 gold_block
[26Oct2025 04:50:40.593] [Server thread/WARN] [net.minecraft.world.level.storage.loot.functions.SetItemDamageFunction/]: Couldn't set damage of loot item 1 gem_dust
[26Oct2025 04:50:44.909] [Worker-Main3/ERROR] [net.minecraft.world.entity.decoration.HangingEntity/]: Hanging entity at invalid position: BlockPos{x=1291, y=-58, z=182}
[26Oct2025 04:50:45.174] [Server thread/WARN] [net.minecraft.world.level.storage.loot.functions.SetItemDamageFunction/]: Couldn't set damage of loot item 1 gold_ingot
[26Oct2025 04:50:45.174] [Server thread/WARN] [net.minecraft.world.level.storage.loot.functions.SetItemDamageFunction/]: Couldn't set damage of loot item 1 diamond
[26Oct2025 04:50:45.175] [Server thread/WARN] [net.minecraft.world.level.storage.loot.functions.SetItemDamageFunction/]: Couldn't set damage of loot item 1 gem_dust
[26Oct2025 04:50:45.175] [Server thread/WARN] [net.minecraft.world.level.storage.loot.functions.SetItemDamageFunction/]: Couldn't set damage of loot item 1 diamond
[26Oct2025 04:50:59.892] [Server thread/WARN] [net.minecraft.world.level.storage.loot.functions.SetItemDamageFunction/]: Couldn't set damage of loot item 1 diamond
[26Oct2025 04:50:59.892] [Server thread/WARN] [net.minecraft.world.level.storage.loot.functions.SetItemDamageFunction/]: Couldn't set damage of loot item 1 gem_dust
[26Oct2025 04:50:59.892] [Server thread/WARN] [net.minecraft.world.level.storage.loot.functions.SetItemDamageFunction/]: Couldn't set damage of loot item 1 diamond
[26Oct2025 04:51:03.112] [Server thread/WARN] [net.minecraft.world.level.entity.PersistentEntitySectionManager/]: UUID of added entity already exists: FallingBlockEntity['Falling Block'/6559, l='ServerLevel[world]', x=-2016.50, y=71.00, z=1705.50]
[26Oct2025 04:51:04.135] [Server thread/WARN] [net.minecraft.world.level.storage.loot.functions.SetItemDamageFunction/]: Couldn't set damage of loot item 1 gold_ingot
[26Oct2025 04:51:04.136] [Server thread/WARN] [net.minecraft.world.level.storage.loot.functions.SetItemDamageFunction/]: Couldn't set damage of loot item 1 gold_block
[26Oct2025 04:51:04.136] [Server thread/WARN] [net.minecraft.world.level.storage.loot.functions.SetItemDamageFunction/]: Couldn't set damage of loot item 1 gem_dust
[26Oct2025 04:51:04.136] [Server thread/WARN] [net.minecraft.world.level.storage.loot.functions.SetItemDamageFunction/]: Couldn't set damage of loot item 1 diamond
[26Oct2025 04:51:17.313] [Server thread/WARN] [net.minecraft.world.level.storage.loot.functions.SetItemDamageFunction/]: Couldn't set damage of loot item 1 diamond
[26Oct2025 04:51:17.313] [Server thread/WARN] [net.minecraft.world.level.storage.loot.functions.SetItemDamageFunction/]: Couldn't set damage of loot item 1 gem_dust
[26Oct2025 04:51:24.054] [Server thread/WARN] [net.minecraft.world.level.storage.loot.functions.SetItemDamageFunction/]: Couldn't set damage of loot item 1 diamond
[26Oct2025 04:51:24.055] [Server thread/WARN] [net.minecraft.world.level.storage.loot.functions.SetItemDamageFunction/]: Couldn't set damage of loot item 1 wisdom_scroll
[26Oct2025 04:51:24.055] [Server thread/WARN] [net.minecraft.world.level.storage.loot.functions.SetItemDamageFunction/]: Couldn't set damage of loot item 1 iron_block
[26Oct2025 04:51:30.412] [Worker-Main3/ERROR] [net.minecraft.world.entity.decoration.HangingEntity/]: Hanging entity at invalid position: BlockPos{x=1312, y=-58, z=101}
[26Oct2025 04:51:30.412] [Worker-Main3/ERROR] [net.minecraft.world.entity.decoration.HangingEntity/]: Hanging entity at invalid position: BlockPos{x=1312, y=-58, z=101}
[26Oct2025 04:51:30.412] [Worker-Main3/ERROR] [net.minecraft.world.entity.decoration.HangingEntity/]: Hanging entity at invalid position: BlockPos{x=1312, y=-58, z=103}
[26Oct2025 04:51:30.412] [Worker-Main3/ERROR] [net.minecraft.world.entity.decoration.HangingEntity/]: Hanging entity at invalid position: BlockPos{x=1312, y=-58, z=103}
[26Oct2025 04:51:33.796] [Server thread/INFO] [net.minecraft.server.network.ServerGamePacketListenerImpl/]: SrXD lost connection: Disconnected
[26Oct2025 04:51:33.796] [Server thread/INFO] [net.minecraft.server.MinecraftServer/]: SrXD left the game
[26Oct2025 04:51:33.805] [Server thread/INFO] [com.teampotato.redirector.Redirector/]: Redirecting io/redspace/ironsspellbooks/api/spells/CastType
[26Oct2025 04:51:33.807] [Server thread/INFO] [voicechat/]: [voicechat] Disconnecting client SrXD
[26Oct2025 04:51:36.593] [Server thread/WARN] [net.minecraft.world.level.storage.loot.functions.SetItemDamageFunction/]: Couldn't set damage of loot item 1 gold_ingot
[26Oct2025 04:51:36.593] [Server thread/WARN] [net.minecraft.world.level.storage.loot.functions.SetItemDamageFunction/]: Couldn't set damage of loot item 1 diamond
[26Oct2025 04:51:36.593] [Server thread/WARN] [net.minecraft.world.level.storage.loot.functions.SetItemDamageFunction/]: Couldn't set damage of loot item 1 wisdom_scroll
[26Oct2025 04:51:36.594] [Server thread/WARN] [net.minecraft.world.level.storage.loot.functions.SetItemDamageFunction/]: Couldn't set damage of loot item 1 diamond
[26Oct2025 04:51:50.643] [Worker-Main2/WARN] [ModernFix/]: The namespace dungeons_enhanced contains an outdated structure file, which can cause worldgen lag. Please view debug.log for the full filename, determine which mod provides the structure, and report to the mod/datapack author, including the debug log.
[26Oct2025 04:51:52.582] [Worker-Main3/ERROR] [net.minecraft.world.entity.decoration.HangingEntity/]: Hanging entity at invalid position: BlockPos{x=1307, y=-58, z=78}
[26Oct2025 04:51:53.349] [Worker-Main1/ERROR] [net.minecraft.world.entity.decoration.HangingEntity/]: Hanging entity at invalid position: BlockPos{x=1291, y=-58, z=182}
[26Oct2025 04:51:53.703] [Server thread/WARN] [net.minecraft.world.level.storage.loot.functions.SetItemDamageFunction/]: Couldn't set damage of loot item 1 gold_ingot
[26Oct2025 04:51:53.703] [Server thread/WARN] [net.minecraft.world.level.storage.loot.functions.SetItemDamageFunction/]: Couldn't set damage of loot item 1 diamond
[26Oct2025 04:51:53.703] [Server thread/WARN] [net.minecraft.world.level.storage.loot.functions.SetItemDamageFunction/]: Couldn't set damage of loot item 1 gem_dust
[26Oct2025 04:51:53.703] [Server thread/WARN] [net.minecraft.world.level.storage.loot.functions.SetItemDamageFunction/]: Couldn't set damage of loot item 1 diamond
[26Oct2025 04:51:56.428] [Netty Epoll Server IO #6/INFO] [Calio/]: Received acknowledgment for login packet with id 235
[26Oct2025 04:51:56.473] [Netty Epoll Server IO #6/INFO] [Calio/]: Received acknowledgment for login packet with id 236
[26Oct2025 04:51:56.504] [Netty Epoll Server IO #6/INFO] [Calio/]: Received acknowledgment for login packet with id 237
[26Oct2025 04:51:56.544] [Netty Epoll Server IO #6/INFO] [Calio/]: Received acknowledgment for login packet with id 238
[26Oct2025 04:51:56.581] [Netty Epoll Server IO #6/INFO] [Calio/]: Received acknowledgment for login packet with id 239
[26Oct2025 04:51:56.633] [Netty Epoll Server IO #6/INFO] [Calio/]: Received acknowledgment for login packet with id 240
[26Oct2025 04:51:56.689] [Netty Epoll Server IO #6/INFO] [Calio/]: Received acknowledgment for login packet with id 241
[26Oct2025 04:51:56.737] [Netty Epoll Server IO #6/INFO] [Calio/]: Received acknowledgment for login packet with id 242
[26Oct2025 04:51:56.801] [Netty Epoll Server IO #6/INFO] [Calio/]: Received acknowledgment for login packet with id 243
[26Oct2025 04:51:56.841] [Netty Epoll Server IO #6/INFO] [Calio/]: Received acknowledgment for login packet with id 244
[26Oct2025 04:51:56.895] [Netty Epoll Server IO #6/INFO] [Calio/]: Received acknowledgment for login packet with id 245
[26Oct2025 04:51:56.938] [Netty Epoll Server IO #6/INFO] [Calio/]: Received acknowledgment for login packet with id 246
[26Oct2025 04:51:57.473] [Netty Epoll Server IO #6/INFO] [Calio/]: Received acknowledgment for login packet with id 247
[26Oct2025 04:51:57.474] [Netty Epoll Server IO #6/INFO] [Calio/]: Received acknowledgment for login packet with id 248
[26Oct2025 04:51:57.586] [Netty Epoll Server IO #6/INFO] [Calio/]: Received acknowledgment for login packet with id 249
[26Oct2025 04:51:57.646] [Server thread/INFO] [net.minecraftforge.common.AdvancementLoadFix/]: Using new advancement loading for net.minecraft.server.PlayerAdvancements@39f7922
[26Oct2025 04:51:57.653] [Server thread/INFO] [net.minecraft.server.players.PlayerList/]: SrXD[/127.66.255.166:36613] logged in with entity id 7264 at (-1934.4210079921402, 70.0, 1618.0106321069866)
[26Oct2025 04:51:57.701] [Server thread/INFO] [ModdingLegacy/blue_skies/]: Sending ToolHandleTypeManager to SrXD
[26Oct2025 04:51:57.701] [Server thread/INFO] [ModdingLegacy/blue_skies/]: Sending SnowcapOvenFreezingManager to SrXD
[26Oct2025 04:51:57.701] [Server thread/INFO] [ModdingLegacy/blue_skies/]: Sending HorizoniteForgeFuelManager to SrXD
[26Oct2025 04:51:57.701] [Server thread/INFO] [ModdingLegacy/blue_skies/]: Sending AlchemyRecipeManager to SrXD
[26Oct2025 04:51:57.703] [Server thread/INFO] [ModdingLegacy/blue_skies/]: Sending JournalEntryManager to SrXD
[26Oct2025 04:51:57.704] [Server thread/INFO] [ModdingLegacy/blue_skies/]: Sending JournalSectionManager to SrXD
[26Oct2025 04:51:57.704] [Server thread/INFO] [ModdingLegacy/blue_skies/]: Sending JournalRequirementManager to SrXD
[26Oct2025 04:51:57.762] [Server thread/INFO] [net.minecraft.server.MinecraftServer/]: SrXD joined the game
[26Oct2025 04:51:57.868] [Server thread/INFO] [Jade/]: Syncing config to SrXD (4853725e-0ddc-3736-a22f-db2b76f87da3)
[26Oct2025 04:51:57.962] [Server thread/INFO] [Enigmatic Legacy/INFO]: Synchronizing omniconfig files to SrXD...
[26Oct2025 04:51:57.963] [Server thread/INFO] [Enigmatic Legacy/INFO]: Sending data for enigmaticaddons-common.omniconf
[26Oct2025 04:51:57.963] [Server thread/INFO] [Enigmatic Legacy/INFO]: Sending data for enigmaticlegacy-common.omniconf
[26Oct2025 04:51:57.963] [Server thread/INFO] [Enigmatic Legacy/INFO]: Granting starter gear to SrXD
[26Oct2025 04:51:58.030] [Server thread/INFO] [voicechat/]: [voicechat] Received secret request of SrXD (20)
[26Oct2025 04:51:58.030] [Server thread/INFO] [voicechat/]: [voicechat] Sent secret to SrXD
[26Oct2025 04:52:00.948] [Worker-Main1/WARN] [net.minecraft.world.level.levelgen.structure.pools.JigsawPlacement/]: Empty or non-existent pool: minecraft:
[26Oct2025 04:52:00.948] [Worker-Main1/WARN] [net.minecraft.world.level.levelgen.structure.pools.JigsawPlacement/]: Empty or non-existent pool: minecraft:
[26Oct2025 04:52:00.948] [Worker-Main1/WARN] [net.minecraft.world.level.levelgen.structure.pools.JigsawPlacement/]: Empty or non-existent pool: minecraft:
[26Oct2025 04:52:00.948] [Worker-Main1/WARN] [net.minecraft.world.level.levelgen.structure.pools.JigsawPlacement/]: Empty or non-existent pool: minecraft:
[26Oct2025 04:52:07.563] [Server thread/WARN] [net.minecraft.world.level.entity.PersistentEntitySectionManager/]: UUID of added entity already exists: FallingBlockEntity['Falling Block'/7399, l='ServerLevel[world]', x=-2014.50, y=71.00, z=1705.50]
[26Oct2025 04:52:14.787] [Server thread/WARN] [net.minecraft.world.level.storage.loot.functions.SetItemDamageFunction/]: Couldn't set damage of loot item 1 gold_ingot
[26Oct2025 04:52:14.787] [Server thread/WARN] [net.minecraft.world.level.storage.loot.functions.SetItemDamageFunction/]: Couldn't set damage of loot item 1 diamond
[26Oct2025 04:52:14.788] [Server thread/WARN] [net.minecraft.world.level.storage.loot.functions.SetItemDamageFunction/]: Couldn't set damage of loot item 1 gem_dust
[26Oct2025 04:52:14.788] [Server thread/WARN] [net.minecraft.world.level.storage.loot.functions.SetItemDamageFunction/]: Couldn't set damage of loot item 1 iron_block
[26Oct2025 04:52:14.890] [Server thread/WARN] [net.minecraft.world.level.storage.loot.functions.SetItemDamageFunction/]: Couldn't set damage of loot item 1 gold_ingot
[26Oct2025 04:52:14.890] [Server thread/WARN] [net.minecraft.world.level.storage.loot.functions.SetItemDamageFunction/]: Couldn't set damage of loot item 1 diamond
[26Oct2025 04:52:14.890] [Server thread/WARN] [net.minecraft.world.level.storage.loot.functions.SetItemDamageFunction/]: Couldn't set damage of loot item 1 gem_dust
[26Oct2025 04:52:14.890] [Server thread/WARN] [net.minecraft.world.level.storage.loot.functions.SetItemDamageFunction/]: Couldn't set damage of loot item 1 diamond
[26Oct2025 04:52:19.262] [Server thread/WARN] [net.minecraft.world.level.entity.PersistentEntitySectionManager/]: UUID of added entity already exists: FallingBlockEntity['Falling Block'/7497, l='ServerLevel[world]', x=-2014.50, y=71.00, z=1704.50]
[26Oct2025 04:52:23.611] [Server thread/WARN] [net.minecraft.world.level.storage.loot.functions.SetItemDamageFunction/]: Couldn't set damage of loot item 1 diamond
[26Oct2025 04:52:23.611] [Server thread/WARN] [net.minecraft.world.level.storage.loot.functions.SetItemDamageFunction/]: Couldn't set damage of loot item 1 gem_dust
[26Oct2025 04:52:23.611] [Server thread/WARN] [net.minecraft.world.level.storage.loot.functions.SetItemDamageFunction/]: Couldn't set damage of loot item 1 iron_block
[26Oct2025 04:52:23.959] [VoiceChatPacketProcessingThread/INFO] [voicechat/]: [voicechat] Successfully authenticated player 4853725e-0ddc-3736-a22f-db2b76f87da3
[26Oct2025 04:52:24.394] [Server thread/WARN] [net.minecraft.world.level.storage.loot.functions.SetItemDamageFunction/]: Couldn't set damage of loot item 1 gold_ingot
[26Oct2025 04:52:24.394] [Server thread/WARN] [net.minecraft.world.level.storage.loot.functions.SetItemDamageFunction/]: Couldn't set damage of loot item 1 gold_block
[26Oct2025 04:52:24.394] [Server thread/WARN] [net.minecraft.world.level.storage.loot.functions.SetItemDamageFunction/]: Couldn't set damage of loot item 1 gem_dust
[26Oct2025 04:52:24.394] [Server thread/WARN] [net.minecraft.world.level.storage.loot.functions.SetItemDamageFunction/]: Couldn't set damage of loot item 1 diamond
[26Oct2025 04:52:25.964] [VoiceChatPacketProcessingThread/INFO] [voicechat/]: [voicechat] Successfully validated connection of player 4853725e-0ddc-3736-a22f-db2b76f87da3
[26Oct2025 04:52:25.965] [VoiceChatPacketProcessingThread/INFO] [voicechat/]: [voicechat] Player SrXD (4853725e-0ddc-3736-a22f-db2b76f87da3) successfully connected to voice chat
[26Oct2025 04:52:26.935] [Server thread/WARN] [net.minecraft.world.level.storage.loot.functions.SetItemDamageFunction/]: Couldn't set damage of loot item 1 gold_ingot
[26Oct2025 04:52:26.935] [Server thread/WARN] [net.minecraft.world.level.storage.loot.functions.SetItemDamageFunction/]: Couldn't set damage of loot item 1 iron_block
[26Oct2025 04:52:26.938] [Server thread/WARN] [net.minecraft.world.level.storage.loot.functions.SetItemDamageFunction/]: Couldn't set damage of loot item 1 diamond
[26Oct2025 04:52:26.938] [Server thread/WARN] [net.minecraft.world.level.storage.loot.functions.SetItemDamageFunction/]: Couldn't set damage of loot item 1 gem_dust
[26Oct2025 04:52:33.837] [Server thread/WARN] [net.minecraft.world.level.storage.loot.functions.SetItemDamageFunction/]: Couldn't set damage of loot item 1 gold_ingot
[26Oct2025 04:52:33.837] [Server thread/WARN] [net.minecraft.world.level.storage.loot.functions.SetItemDamageFunction/]: Couldn't set damage of loot item 1 gem_dust
[26Oct2025 04:52:33.837] [Server thread/WARN] [net.minecraft.world.level.storage.loot.functions.SetItemDamageFunction/]: Couldn't set damage of loot item 1 iron_block
[26Oct2025 04:52:36.097] [Server thread/WARN] [net.minecraft.world.level.storage.loot.functions.SetItemDamageFunction/]: Couldn't set damage of loot item 1 gold_ingot
[26Oct2025 04:52:36.098] [Server thread/WARN] [net.minecraft.world.level.storage.loot.functions.SetItemDamageFunction/]: Couldn't set damage of loot item 1 gold_block
[26Oct2025 04:52:36.098] [Server thread/WARN] [net.minecraft.world.level.storage.loot.functions.SetItemDamageFunction/]: Couldn't set damage of loot item 1 wisdom_scroll
[26Oct2025 04:52:36.098] [Server thread/WARN] [net.minecraft.world.level.storage.loot.functions.SetItemDamageFunction/]: Couldn't set damage of loot item 1 iron_block
[26Oct2025 04:52:37.645] [Worker-Main2/WARN] [net.minecraft.world.level.levelgen.structure.pools.JigsawPlacement/]: Empty or non-existent pool: minecraft:
[26Oct2025 04:52:37.646] [Worker-Main2/WARN] [net.minecraft.world.level.levelgen.structure.pools.JigsawPlacement/]: Empty or non-existent pool: minecraft:
[26Oct2025 04:52:37.646] [Worker-Main2/WARN] [net.minecraft.world.level.levelgen.structure.pools.JigsawPlacement/]: Empty or non-existent pool: minecraft:
[26Oct2025 04:52:37.646] [Worker-Main2/WARN] [net.minecraft.world.level.levelgen.structure.pools.JigsawPlacement/]: Empty or non-existent pool: minecraft:
[26Oct2025 04:52:38.252] [Server thread/WARN] [net.minecraft.world.level.storage.loot.functions.SetItemDamageFunction/]: Couldn't set damage of loot item 1 diamond
[26Oct2025 04:52:38.252] [Server thread/WARN] [net.minecraft.world.level.storage.loot.functions.SetItemDamageFunction/]: Couldn't set damage of loot item 1 gem_dust
[26Oct2025 04:52:38.252] [Server thread/WARN] [net.minecraft.world.level.storage.loot.functions.SetItemDamageFunction/]: Couldn't set damage of loot item 1 iron_block
[26Oct2025 04:52:39.492] [Server thread/WARN] [net.minecraft.world.level.storage.loot.functions.SetItemDamageFunction/]: Couldn't set damage of loot item 1 gold_ingot
[26Oct2025 04:52:39.492] [Server thread/WARN] [net.minecraft.world.level.storage.loot.functions.SetItemDamageFunction/]: Couldn't set damage of loot item 1 gem_dust
[26Oct2025 04:52:39.492] [Server thread/WARN] [net.minecraft.world.level.storage.loot.functions.SetItemDamageFunction/]: Couldn't set damage of loot item 1 diamond
[26Oct2025 04:52:39.712] [Server thread/INFO] [com.teampotato.redirector.Redirector/]: Redirecting alexthw/ars_elemental/common/entity/MermaidEntity$Variants
[26Oct2025 04:52:40.250] [Server thread/WARN] [net.minecraft.world.level.storage.loot.functions.SetItemDamageFunction/]: Couldn't set damage of loot item 1 gold_block
[26Oct2025 04:52:40.691] [Server thread/WARN] [net.minecraft.world.level.storage.loot.functions.SetItemDamageFunction/]: Couldn't set damage of loot item 1 netherite_scrap
[26Oct2025 04:52:40.692] [Server thread/WARN] [net.minecraft.world.level.storage.loot.functions.SetItemDamageFunction/]: Couldn't set damage of loot item 1 diamond
[26Oct2025 04:52:40.692] [Server thread/WARN] [net.minecraft.world.level.storage.loot.functions.SetItemDamageFunction/]: Couldn't set damage of loot item 1 gem_dust
[26Oct2025 04:52:40.692] [Server thread/WARN] [net.minecraft.world.level.storage.loot.functions.SetItemDamageFunction/]: Couldn't set damage of loot item 1 iron_block
[26Oct2025 04:52:40.692] [Server thread/WARN] [net.minecraft.world.level.storage.loot.functions.SetItemDamageFunction/]: Couldn't set damage of loot item 1 gem_dust
[26Oct2025 04:52:41.066] [Server thread/INFO] [com.teampotato.redirector.Redirector/]: Redirecting net/minecraft/world/entity/animal/IronGolem$Crackiness
[26Oct2025 04:52:47.137] [Server thread/WARN] [net.minecraft.world.level.storage.loot.functions.SetItemDamageFunction/]: Couldn't set damage of loot item 1 gold_ingot
[26Oct2025 04:52:47.137] [Server thread/WARN] [net.minecraft.world.level.storage.loot.functions.SetItemDamageFunction/]: Couldn't set damage of loot item 1 diamond
[26Oct2025 04:52:47.137] [Server thread/WARN] [net.minecraft.world.level.storage.loot.functions.SetItemDamageFunction/]: Couldn't set damage of loot item 1 gem_dust
[26Oct2025 04:52:47.137] [Server thread/WARN] [net.minecraft.world.level.storage.loot.functions.SetItemDamageFunction/]: Couldn't set damage of loot item 1 diamond
[26Oct2025 04:52:49.139] [Server thread/WARN] [net.minecraft.world.level.storage.loot.functions.SetItemDamageFunction/]: Couldn't set damage of loot item 1 gold_ingot
[26Oct2025 04:52:49.140] [Server thread/WARN] [net.minecraft.world.level.storage.loot.functions.SetItemDamageFunction/]: Couldn't set damage of loot item 1 gem_dust
[26Oct2025 04:52:49.140] [Server thread/WARN] [net.minecraft.world.level.storage.loot.functions.SetItemDamageFunction/]: Couldn't set damage of loot item 1 diamond
[26Oct2025 04:52:50.783] [Server thread/WARN] [net.minecraft.world.level.storage.loot.functions.SetItemDamageFunction/]: Couldn't set damage of loot item 1 gold_ingot
[26Oct2025 04:52:50.783] [Server thread/WARN] [net.minecraft.world.level.storage.loot.functions.SetItemDamageFunction/]: Couldn't set damage of loot item 1 diamond
[26Oct2025 04:52:50.783] [Server thread/WARN] [net.minecraft.world.level.storage.loot.functions.SetItemDamageFunction/]: Couldn't set damage of loot item 1 gem_dust
[26Oct2025 04:52:50.783] [Server thread/WARN] [net.minecraft.world.level.storage.loot.functions.SetItemDamageFunction/]: Couldn't set damage of loot item 1 diamond
[26Oct2025 04:52:51.885] [Server thread/WARN] [net.minecraft.world.level.storage.loot.functions.SetItemDamageFunction/]: Couldn't set damage of loot item 1 gold_ingot
[26Oct2025 04:52:51.886] [Server thread/WARN] [net.minecraft.world.level.storage.loot.functions.SetItemDamageFunction/]: Couldn't set damage of loot item 1 diamond
[26Oct2025 04:52:51.886] [Server thread/WARN] [net.minecraft.world.level.storage.loot.functions.SetItemDamageFunction/]: Couldn't set damage of loot item 1 gem_dust
[26Oct2025 04:52:51.886] [Server thread/WARN] [net.minecraft.world.level.storage.loot.functions.SetItemDamageFunction/]: Couldn't set damage of loot item 1 iron_block
[26Oct2025 04:52:51.888] [Server thread/WARN] [net.minecraft.world.level.storage.loot.functions.SetItemDamageFunction/]: Couldn't set damage of loot item 1 gold_ingot
[26Oct2025 04:52:51.888] [Server thread/WARN] [net.minecraft.world.level.storage.loot.functions.SetItemDamageFunction/]: Couldn't set damage of loot item 1 gold_block
[26Oct2025 04:52:51.889] [Server thread/WARN] [net.minecraft.world.level.storage.loot.functions.SetItemDamageFunction/]: Couldn't set damage of loot item 1 gem_dust
[26Oct2025 04:52:51.889] [Server thread/WARN] [net.minecraft.world.level.storage.loot.functions.SetItemDamageFunction/]: Couldn't set damage of loot item 1 iron_block
[26Oct2025 04:52:59.087] [Server thread/WARN] [net.minecraft.world.level.storage.loot.functions.SetItemDamageFunction/]: Couldn't set damage of loot item 1 gold_ingot
[26Oct2025 04:52:59.088] [Server thread/WARN] [net.minecraft.world.level.storage.loot.functions.SetItemDamageFunction/]: Couldn't set damage of loot item 1 gold_block
[26Oct2025 04:52:59.088] [Server thread/WARN] [net.minecraft.world.level.storage.loot.functions.SetItemDamageFunction/]: Couldn't set damage of loot item 1 wisdom_scroll
[26Oct2025 04:52:59.088] [Server thread/WARN] [net.minecraft.world.level.storage.loot.functions.SetItemDamageFunction/]: Couldn't set damage of loot item 1 diamond
[26Oct2025 04:53:03.185] [Server thread/WARN] [net.minecraft.world.level.storage.loot.functions.SetItemDamageFunction/]: Couldn't set damage of loot item 1 gold_ingot
[26Oct2025 04:53:03.185] [Server thread/WARN] [net.minecraft.world.level.storage.loot.functions.SetItemDamageFunction/]: Couldn't set damage of loot item 1 gold_block
[26Oct2025 04:53:03.186] [Server thread/WARN] [net.minecraft.world.level.storage.loot.functions.SetItemDamageFunction/]: Couldn't set damage of loot item 1 iron_block
[26Oct2025 04:53:07.842] [Server thread/WARN] [net.minecraft.world.level.storage.loot.functions.SetItemDamageFunction/]: Couldn't set damage of loot item 1 netherite_scrap
[26Oct2025 04:53:07.842] [Server thread/WARN] [net.minecraft.world.level.storage.loot.functions.SetItemDamageFunction/]: Couldn't set damage of loot item 1 diamond
[26Oct2025 04:53:07.842] [Server thread/WARN] [net.minecraft.world.level.storage.loot.functions.SetItemDamageFunction/]: Couldn't set damage of loot item 1 gem_dust
[26Oct2025 04:53:07.842] [Server thread/WARN] [net.minecraft.world.level.storage.loot.functions.SetItemDamageFunction/]: Couldn't set damage of loot item 1 iron_block
[26Oct2025 04:53:07.845] [Server thread/WARN] [net.minecraft.world.level.storage.loot.functions.SetItemDamageFunction/]: Couldn't set damage of loot item 1 gold_ingot
[26Oct2025 04:53:07.845] [Server thread/WARN] [net.minecraft.world.level.storage.loot.functions.SetItemDamageFunction/]: Couldn't set damage of loot item 1 diamond
[26Oct2025 04:53:18.341] [Server thread/INFO] [com.teampotato.redirector.Redirector/]: Redirecting net/minecraft/world/entity/monster/warden/AngerLevel
[26Oct2025 04:53:29.263] [Server thread/INFO] [com.teampotato.redirector.Redirector/]: Redirecting com/hollingsworth/arsnouveau/common/network/PacketANEffect$EffectType
[26Oct2025 04:53:36.352] [Server thread/WARN] [net.minecraft.world.level.storage.loot.functions.SetItemDamageFunction/]: Couldn't set damage of loot item 1 gold_ingot
[26Oct2025 04:53:36.352] [Server thread/WARN] [net.minecraft.world.level.storage.loot.functions.SetItemDamageFunction/]: Couldn't set damage of loot item 1 diamond
[26Oct2025 04:53:36.353] [Server thread/WARN] [net.minecraft.world.level.storage.loot.functions.SetItemDamageFunction/]: Couldn't set damage of loot item 1 gem_dust
[26Oct2025 04:53:36.492] [Server thread/WARN] [net.minecraft.world.level.storage.loot.functions.SetItemDamageFunction/]: Couldn't set damage of loot item 1 gold_ingot
[26Oct2025 04:53:36.492] [Server thread/WARN] [net.minecraft.world.level.storage.loot.functions.SetItemDamageFunction/]: Couldn't set damage of loot item 1 diamond
[26Oct2025 04:53:36.492] [Server thread/WARN] [net.minecraft.world.level.storage.loot.functions.SetItemDamageFunction/]: Couldn't set damage of loot item 1 gem_dust
[26Oct2025 04:53:36.492] [Server thread/WARN] [net.minecraft.world.level.storage.loot.functions.SetItemDamageFunction/]: Couldn't set damage of loot item 1 diamond
[26Oct2025 04:53:43.141] [Server thread/WARN] [net.minecraft.world.level.storage.loot.functions.SetItemDamageFunction/]: Couldn't set damage of loot item 1 netherite_scrap
[26Oct2025 04:53:43.141] [Server thread/WARN] [net.minecraft.world.level.storage.loot.functions.SetItemDamageFunction/]: Couldn't set damage of loot item 1 gem_dust
[26Oct2025 04:53:43.141] [Server thread/WARN] [net.minecraft.world.level.storage.loot.functions.SetItemDamageFunction/]: Couldn't set damage of loot item 1 iron_block
[26Oct2025 04:53:55.038] [Server thread/WARN] [net.minecraft.world.level.storage.loot.functions.SetItemDamageFunction/]: Couldn't set damage of loot item 1 gold_ingot
[26Oct2025 04:53:55.038] [Server thread/WARN] [net.minecraft.world.level.storage.loot.functions.SetItemDamageFunction/]: Couldn't set damage of loot item 1 diamond
[26Oct2025 04:53:55.038] [Server thread/WARN] [net.minecraft.world.level.storage.loot.functions.SetItemDamageFunction/]: Couldn't set damage of loot item 1 gem_dust
[26Oct2025 04:53:55.038] [Server thread/WARN] [net.minecraft.world.level.storage.loot.functions.SetItemDamageFunction/]: Couldn't set damage of loot item 1 diamond
[26Oct2025 04:54:00.332] [Server thread/WARN] [net.minecraft.world.level.storage.loot.functions.SetItemDamageFunction/]: Couldn't set damage of loot item 1 wisdom_scroll
[26Oct2025 04:54:00.332] [Server thread/WARN] [net.minecraft.world.level.storage.loot.functions.SetItemDamageFunction/]: Couldn't set damage of loot item 1 iron_block
[26Oct2025 04:54:00.332] [Server thread/WARN] [net.minecraft.world.level.storage.loot.functions.SetItemDamageFunction/]: Couldn't set damage of loot item 1 gem_dust
[26Oct2025 04:54:06.877] [Server thread/WARN] [net.minecraft.world.level.storage.loot.functions.SetItemDamageFunction/]: Couldn't set damage of loot item 1 gem_dust
[26Oct2025 04:54:06.878] [Server thread/WARN] [net.minecraft.world.level.storage.loot.functions.SetItemDamageFunction/]: Couldn't set damage of loot item 1 diamond
[26Oct2025 04:54:11.536] [Server thread/WARN] [net.minecraft.world.level.storage.loot.functions.SetItemDamageFunction/]: Couldn't set damage of loot item 1 gold_ingot
[26Oct2025 04:54:11.536] [Server thread/WARN] [net.minecraft.world.level.storage.loot.functions.SetItemDamageFunction/]: Couldn't set damage of loot item 1 diamond
[26Oct2025 04:54:11.536] [Server thread/WARN] [net.minecraft.world.level.storage.loot.functions.SetItemDamageFunction/]: Couldn't set damage of loot item 1 gem_dust
[26Oct2025 04:54:11.536] [Server thread/WARN] [net.minecraft.world.level.storage.loot.functions.SetItemDamageFunction/]: Couldn't set damage of loot item 1 diamond
[26Oct2025 04:54:12.927] [Server thread/WARN] [net.minecraft.world.level.storage.loot.functions.SetItemDamageFunction/]: Couldn't set damage of loot item 1 netherite_scrap
[26Oct2025 04:54:15.076] [Server thread/WARN] [net.minecraft.server.network.ServerGamePacketListenerImpl/]: SrXD moved wrongly!
[26Oct2025 04:54:17.783] [Server thread/WARN] [net.minecraft.world.level.storage.loot.functions.SetItemDamageFunction/]: Couldn't set damage of loot item 1 gold_ingot
[26Oct2025 04:54:17.783] [Server thread/WARN] [net.minecraft.world.level.storage.loot.functions.SetItemDamageFunction/]: Couldn't set damage of loot item 1 diamond
[26Oct2025 04:54:17.783] [Server thread/WARN] [net.minecraft.world.level.storage.loot.functions.SetItemDamageFunction/]: Couldn't set damage of loot item 1 gem_dust
[26Oct2025 04:54:17.783] [Server thread/WARN] [net.minecraft.world.level.storage.loot.functions.SetItemDamageFunction/]: Couldn't set damage of loot item 1 iron_block
[26Oct2025 04:54:34.179] [Server thread/WARN] [net.minecraft.world.level.storage.loot.functions.SetItemDamageFunction/]: Couldn't set damage of loot item 1 gold_block
[26Oct2025 04:54:34.180] [Server thread/WARN] [net.minecraft.world.level.storage.loot.functions.SetItemDamageFunction/]: Couldn't set damage of loot item 1 gem_dust
[26Oct2025 04:54:34.180] [Server thread/WARN] [net.minecraft.world.level.storage.loot.functions.SetItemDamageFunction/]: Couldn't set damage of loot item 1 diamond
[26Oct2025 04:54:40.885] [Server thread/WARN] [net.minecraft.world.level.storage.loot.functions.SetItemDamageFunction/]: Couldn't set damage of loot item 1 diamond
[26Oct2025 04:54:40.886] [Server thread/WARN] [net.minecraft.world.level.storage.loot.functions.SetItemDamageFunction/]: Couldn't set damage of loot item 1 gem_dust
[26Oct2025 04:54:40.886] [Server thread/WARN] [net.minecraft.world.level.storage.loot.functions.SetItemDamageFunction/]: Couldn't set damage of loot item 1 diamond
[26Oct2025 04:54:40.886] [Server thread/WARN] [net.minecraft.world.level.storage.loot.functions.SetItemDamageFunction/]: Couldn't set damage of loot item 1 gem_dust
[26Oct2025 04:54:45.291] [Server thread/WARN] [net.minecraft.world.level.storage.loot.functions.SetItemDamageFunction/]: Couldn't set damage of loot item 1 netherite_scrap
[26Oct2025 04:54:45.292] [Server thread/WARN] [net.minecraft.world.level.storage.loot.functions.SetItemDamageFunction/]: Couldn't set damage of loot item 1 gold_block
[26Oct2025 04:54:45.292] [Server thread/WARN] [net.minecraft.world.level.storage.loot.functions.SetItemDamageFunction/]: Couldn't set damage of loot item 1 gem_dust
[26Oct2025 04:54:45.293] [Server thread/WARN] [net.minecraft.world.level.storage.loot.functions.SetItemDamageFunction/]: Couldn't set damage of loot item 1 diamond
[26Oct2025 04:54:50.590] [Server thread/WARN] [net.minecraft.world.level.storage.loot.functions.SetItemDamageFunction/]: Couldn't set damage of loot item 1 gold_ingot
[26Oct2025 04:54:50.591] [Server thread/WARN] [net.minecraft.world.level.storage.loot.functions.SetItemDamageFunction/]: Couldn't set damage of loot item 1 diamond
[26Oct2025 04:54:50.591] [Server thread/WARN] [net.minecraft.world.level.storage.loot.functions.SetItemDamageFunction/]: Couldn't set damage of loot item 1 wisdom_scroll
[26Oct2025 04:54:50.591] [Server thread/WARN] [net.minecraft.world.level.storage.loot.functions.SetItemDamageFunction/]: Couldn't set damage of loot item 1 diamond
[26Oct2025 04:55:03.041] [Server thread/WARN] [net.minecraft.world.level.storage.loot.functions.SetItemDamageFunction/]: Couldn't set damage of loot item 1 diamond
[26Oct2025 04:55:03.041] [Server thread/WARN] [net.minecraft.world.level.storage.loot.functions.SetItemDamageFunction/]: Couldn't set damage of loot item 1 gem_dust
[26Oct2025 04:55:21.349] [Worker-Main3/WARN] [net.minecraft.world.level.levelgen.structure.pools.JigsawPlacement/]: Empty or non-existent pool: minecraft:
[26Oct2025 04:55:21.349] [Worker-Main3/WARN] [net.minecraft.world.level.levelgen.structure.pools.JigsawPlacement/]: Empty or non-existent pool: minecraft:
[26Oct2025 04:55:21.349] [Worker-Main3/WARN] [net.minecraft.world.level.levelgen.structure.pools.JigsawPlacement/]: Empty or non-existent pool: minecraft:
[26Oct2025 04:55:21.349] [Worker-Main3/WARN] [net.minecraft.world.level.levelgen.structure.pools.JigsawPlacement/]: Empty or non-existent pool: minecraft:
[26Oct2025 04:55:22.451] [Worker-Main3/ERROR] [net.minecraft.world.entity.decoration.HangingEntity/]: Hanging entity at invalid position: BlockPos{x=198, y=48, z=187}
[26Oct2025 04:55:24.683] [Server thread/WARN] [net.minecraft.world.level.storage.loot.functions.SetItemDamageFunction/]: Couldn't set damage of loot item 1 gold_ingot
[26Oct2025 04:55:24.684] [Server thread/WARN] [net.minecraft.world.level.storage.loot.functions.SetItemDamageFunction/]: Couldn't set damage of loot item 1 diamond
[26Oct2025 04:55:24.684] [Server thread/WARN] [net.minecraft.world.level.storage.loot.functions.SetItemDamageFunction/]: Couldn't set damage of loot item 1 gem_dust
[26Oct2025 04:55:25.439] [Server thread/INFO] [com.teampotato.redirector.Redirector/]: Redirecting io/redspace/ironsspellbooks/api/spells/CastResult$Type
[26Oct2025 04:55:29.214] [Server thread/WARN] [net.minecraft.network.syncher.SynchedEntityData/]: defineId called for: class dev.itsmeow.whisperwoods.entity.EntityHidebehind from class dev.itsmeow.whisperwoods.imdlib.entity.EntityTypeContainer
[26Oct2025 04:55:29.387] [Server thread/WARN] [net.minecraft.world.level.storage.loot.functions.SetItemDamageFunction/]: Couldn't set damage of loot item 1 diamond
[26Oct2025 04:55:29.388] [Server thread/WARN] [net.minecraft.world.level.storage.loot.functions.SetItemDamageFunction/]: Couldn't set damage of loot item 1 gem_dust
[26Oct2025 04:55:31.590] [Server thread/WARN] [net.minecraft.world.level.storage.loot.functions.SetItemDamageFunction/]: Couldn't set damage of loot item 1 diamond
[26Oct2025 04:55:31.590] [Server thread/WARN] [net.minecraft.world.level.storage.loot.functions.SetItemDamageFunction/]: Couldn't set damage of loot item 1 gem_dust
[26Oct2025 04:55:31.590] [Server thread/WARN] [net.minecraft.world.level.storage.loot.functions.SetItemDamageFunction/]: Couldn't set damage of loot item 1 diamond
[26Oct2025 04:55:31.665] [Worker-Main2/INFO] [com.teampotato.redirector.Redirector/]: Redirecting potionstudios/byg/common/world/math/noise/fastnoise/FastNoise$Interp
[26Oct2025 04:55:31.666] [Worker-Main2/INFO] [com.teampotato.redirector.Redirector/]: Redirecting potionstudios/byg/common/world/math/noise/fastnoise/FastNoise$NoiseType
[26Oct2025 04:55:31.666] [Worker-Main2/INFO] [com.teampotato.redirector.Redirector/]: Redirecting potionstudios/byg/common/world/math/noise/fastnoise/FastNoise$FractalType
[26Oct2025 04:55:31.667] [Worker-Main2/INFO] [com.teampotato.redirector.Redirector/]: Redirecting potionstudios/byg/common/world/math/noise/fastnoise/FastNoise$CellularDistanceFunction
[26Oct2025 04:55:31.667] [Worker-Main2/INFO] [com.teampotato.redirector.Redirector/]: Redirecting potionstudios/byg/common/world/math/noise/fastnoise/FastNoise$CellularReturnType
[26Oct2025 04:55:40.319] [Server thread/WARN] [net.minecraft.server.MinecraftServer/]: Can't keep up! Is the server overloaded? Running 7410ms or 148 ticks behind
[26Oct2025 04:55:47.521] [Netty Epoll Server IO #4/ERROR] [net.bettercombat.network.ServerNetwork/]: Server handling Packets.C2S_AttackRequest - No current attack hand!
[26Oct2025 04:55:47.521] [Netty Epoll Server IO #4/ERROR] [net.bettercombat.network.ServerNetwork/]: Combo count: 0 is dual wielding: false
[26Oct2025 04:55:47.522] [Netty Epoll Server IO #4/ERROR] [net.bettercombat.network.ServerNetwork/]: Main-hand stack: 0 air
[26Oct2025 04:55:47.523] [Netty Epoll Server IO #4/ERROR] [net.bettercombat.network.ServerNetwork/]: Off-hand stack: 1 spike_shield
[26Oct2025 04:55:47.523] [Netty Epoll Server IO #4/ERROR] [net.bettercombat.network.ServerNetwork/]: Selected slot server: 4 | client: 1
[26Oct2025 04:55:47.777] [Netty Epoll Server IO #4/ERROR] [net.bettercombat.network.ServerNetwork/]: Server handling Packets.C2S_AttackRequest - No current attack hand!
[26Oct2025 04:55:47.777] [Netty Epoll Server IO #4/ERROR] [net.bettercombat.network.ServerNetwork/]: Combo count: 1 is dual wielding: false
[26Oct2025 04:55:47.777] [Netty Epoll Server IO #4/ERROR] [net.bettercombat.network.ServerNetwork/]: Main-hand stack: 0 air
[26Oct2025 04:55:47.777] [Netty Epoll Server IO #4/ERROR] [net.bettercombat.network.ServerNetwork/]: Off-hand stack: 1 spike_shield
[26Oct2025 04:55:47.777] [Netty Epoll Server IO #4/ERROR] [net.bettercombat.network.ServerNetwork/]: Selected slot server: 4 | client: 1
[26Oct2025 04:55:48.034] [Netty Epoll Server IO #4/ERROR] [net.bettercombat.network.ServerNetwork/]: Server handling Packets.C2S_AttackRequest - No current attack hand!
[26Oct2025 04:55:48.034] [Netty Epoll Server IO #4/ERROR] [net.bettercombat.network.ServerNetwork/]: Combo count: 2 is dual wielding: false
[26Oct2025 04:55:48.034] [Netty Epoll Server IO #4/ERROR] [net.bettercombat.network.ServerNetwork/]: Main-hand stack: 0 air
[26Oct2025 04:55:48.034] [Netty Epoll Server IO #4/ERROR] [net.bettercombat.network.ServerNetwork/]: Off-hand stack: 1 spike_shield
[26Oct2025 04:55:48.034] [Netty Epoll Server IO #4/ERROR] [net.bettercombat.network.ServerNetwork/]: Selected slot server: 4 | client: 1
[26Oct2025 04:55:48.281] [Netty Epoll Server IO #4/ERROR] [net.bettercombat.network.ServerNetwork/]: Server handling Packets.C2S_AttackRequest - No current attack hand!
[26Oct2025 04:55:48.281] [Netty Epoll Server IO #4/ERROR] [net.bettercombat.network.ServerNetwork/]: Combo count: 3 is dual wielding: false
[26Oct2025 04:55:48.281] [Netty Epoll Server IO #4/ERROR] [net.bettercombat.network.ServerNetwork/]: Main-hand stack: 0 air
[26Oct2025 04:55:48.281] [Netty Epoll Server IO #4/ERROR] [net.bettercombat.network.ServerNetwork/]: Off-hand stack: 1 spike_shield
[26Oct2025 04:55:48.282] [Netty Epoll Server IO #4/ERROR] [net.bettercombat.network.ServerNetwork/]: Selected slot server: 4 | client: 1
[26Oct2025 04:55:48.638] [Netty Epoll Server IO #4/ERROR] [net.bettercombat.network.ServerNetwork/]: Server handling Packets.C2S_AttackRequest - No current attack hand!
[26Oct2025 04:55:48.638] [Netty Epoll Server IO #4/ERROR] [net.bettercombat.network.ServerNetwork/]: Combo count: 4 is dual wielding: false
[26Oct2025 04:55:48.638] [Netty Epoll Server IO #4/ERROR] [net.bettercombat.network.ServerNetwork/]: Main-hand stack: 0 air
[26Oct2025 04:55:48.638] [Netty Epoll Server IO #4/ERROR] [net.bettercombat.network.ServerNetwork/]: Off-hand stack: 1 spike_shield
[26Oct2025 04:55:48.638] [Netty Epoll Server IO #4/ERROR] [net.bettercombat.network.ServerNetwork/]: Selected slot server: 4 | client: 1
[26Oct2025 04:55:48.881] [Netty Epoll Server IO #4/ERROR] [net.bettercombat.network.ServerNetwork/]: Server handling Packets.C2S_AttackRequest - No current attack hand!
[26Oct2025 04:55:48.882] [Netty Epoll Server IO #4/ERROR] [net.bettercombat.network.ServerNetwork/]: Combo count: 5 is dual wielding: false
[26Oct2025 04:55:48.882] [Netty Epoll Server IO #4/ERROR] [net.bettercombat.network.ServerNetwork/]: Main-hand stack: 0 air
[26Oct2025 04:55:48.882] [Netty Epoll Server IO #4/ERROR] [net.bettercombat.network.ServerNetwork/]: Off-hand stack: 1 spike_shield
[26Oct2025 04:55:48.882] [Netty Epoll Server IO #4/ERROR] [net.bettercombat.network.ServerNetwork/]: Selected slot server: 4 | client: 1
[26Oct2025 04:55:49.129] [Netty Epoll Server IO #4/ERROR] [net.bettercombat.network.ServerNetwork/]: Server handling Packets.C2S_AttackRequest - No current attack hand!
[26Oct2025 04:55:49.129] [Netty Epoll Server IO #4/ERROR] [net.bettercombat.network.ServerNetwork/]: Combo count: 6 is dual wielding: false
[26Oct2025 04:55:49.129] [Netty Epoll Server IO #4/ERROR] [net.bettercombat.network.ServerNetwork/]: Main-hand stack: 0 air
[26Oct2025 04:55:49.129] [Netty Epoll Server IO #4/ERROR] [net.bettercombat.network.ServerNetwork/]: Off-hand stack: 1 spike_shield
[26Oct2025 04:55:49.129] [Netty Epoll Server IO #4/ERROR] [net.bettercombat.network.ServerNetwork/]: Selected slot server: 4 | client: 1
[26Oct2025 04:55:49.372] [Netty Epoll Server IO #4/ERROR] [net.bettercombat.network.ServerNetwork/]: Server handling Packets.C2S_AttackRequest - No current attack hand!
[26Oct2025 04:55:49.372] [Netty Epoll Server IO #4/ERROR] [net.bettercombat.network.ServerNetwork/]: Combo count: 7 is dual wielding: false
[26Oct2025 04:55:49.372] [Netty Epoll Server IO #4/ERROR] [net.bettercombat.network.ServerNetwork/]: Main-hand stack: 0 air
[26Oct2025 04:55:49.372] [Netty Epoll Server IO #4/ERROR] [net.bettercombat.network.ServerNetwork/]: Off-hand stack: 1 spike_shield
[26Oct2025 04:55:49.372] [Netty Epoll Server IO #4/ERROR] [net.bettercombat.network.ServerNetwork/]: Selected slot server: 4 | client: 1
[26Oct2025 04:55:49.619] [Netty Epoll Server IO #4/ERROR] [net.bettercombat.network.ServerNetwork/]: Server handling Packets.C2S_AttackRequest - No current attack hand!
[26Oct2025 04:55:49.620] [Netty Epoll Server IO #4/ERROR] [net.bettercombat.network.ServerNetwork/]: Combo count: 8 is dual wielding: false
[26Oct2025 04:55:49.620] [Netty Epoll Server IO #4/ERROR] [net.bettercombat.network.ServerNetwork/]: Main-hand stack: 0 air
[26Oct2025 04:55:49.620] [Netty Epoll Server IO #4/ERROR] [net.bettercombat.network.ServerNetwork/]: Off-hand stack: 1 spike_shield
[26Oct2025 04:55:49.620] [Netty Epoll Server IO #4/ERROR] [net.bettercombat.network.ServerNetwork/]: Selected slot server: 4 | client: 1
[26Oct2025 04:55:49.880] [Netty Epoll Server IO #4/ERROR] [net.bettercombat.network.ServerNetwork/]: Server handling Packets.C2S_AttackRequest - No current attack hand!
[26Oct2025 04:55:49.880] [Netty Epoll Server IO #4/ERROR] [net.bettercombat.network.ServerNetwork/]: Combo count: 9 is dual wielding: false
[26Oct2025 04:55:49.880] [Netty Epoll Server IO #4/ERROR] [net.bettercombat.network.ServerNetwork/]: Main-hand stack: 0 air
[26Oct2025 04:55:49.880] [Netty Epoll Server IO #4/ERROR] [net.bettercombat.network.ServerNetwork/]: Off-hand stack: 1 spike_shield
[26Oct2025 04:55:49.880] [Netty Epoll Server IO #4/ERROR] [net.bettercombat.network.ServerNetwork/]: Selected slot server: 4 | client: 1
[26Oct2025 04:55:50.134] [Netty Epoll Server IO #4/ERROR] [net.bettercombat.network.ServerNetwork/]: Server handling Packets.C2S_AttackRequest - No current attack hand!
[26Oct2025 04:55:50.134] [Netty Epoll Server IO #4/ERROR] [net.bettercombat.network.ServerNetwork/]: Combo count: 10 is dual wielding: false
[26Oct2025 04:55:50.134] [Netty Epoll Server IO #4/ERROR] [net.bettercombat.network.ServerNetwork/]: Main-hand stack: 0 air
[26Oct2025 04:55:50.134] [Netty Epoll Server IO #4/ERROR] [net.bettercombat.network.ServerNetwork/]: Off-hand stack: 1 spike_shield
[26Oct2025 04:55:50.134] [Netty Epoll Server IO #4/ERROR] [net.bettercombat.network.ServerNetwork/]: Selected slot server: 4 | client: 1
[26Oct2025 04:55:50.371] [Netty Epoll Server IO #4/ERROR] [net.bettercombat.network.ServerNetwork/]: Server handling Packets.C2S_AttackRequest - No current attack hand!
[26Oct2025 04:55:50.372] [Netty Epoll Server IO #4/ERROR] [net.bettercombat.network.ServerNetwork/]: Combo count: 11 is dual wielding: false
[26Oct2025 04:55:50.372] [Netty Epoll Server IO #4/ERROR] [net.bettercombat.network.ServerNetwork/]: Main-hand stack: 0 air
[26Oct2025 04:55:50.372] [Netty Epoll Server IO #4/ERROR] [net.bettercombat.network.ServerNetwork/]: Off-hand stack: 1 spike_shield
[26Oct2025 04:55:50.372] [Netty Epoll Server IO #4/ERROR] [net.bettercombat.network.ServerNetwork/]: Selected slot server: 4 | client: 1
[26Oct2025 04:55:50.728] [Netty Epoll Server IO #4/ERROR] [net.bettercombat.network.ServerNetwork/]: Server handling Packets.C2S_AttackRequest - No current attack hand!
[26Oct2025 04:55:50.728] [Netty Epoll Server IO #4/ERROR] [net.bettercombat.network.ServerNetwork/]: Combo count: 12 is dual wielding: false
[26Oct2025 04:55:50.728] [Netty Epoll Server IO #4/ERROR] [net.bettercombat.network.ServerNetwork/]: Main-hand stack: 0 air
[26Oct2025 04:55:50.728] [Netty Epoll Server IO #4/ERROR] [net.bettercombat.network.ServerNetwork/]: Off-hand stack: 1 spike_shield
[26Oct2025 04:55:50.728] [Netty Epoll Server IO #4/ERROR] [net.bettercombat.network.ServerNetwork/]: Selected slot server: 4 | client: 1
[26Oct2025 04:55:50.970] [Netty Epoll Server IO #4/ERROR] [net.bettercombat.network.ServerNetwork/]: Server handling Packets.C2S_AttackRequest - No current attack hand!
[26Oct2025 04:55:50.971] [Netty Epoll Server IO #4/ERROR] [net.bettercombat.network.ServerNetwork/]: Combo count: 13 is dual wielding: false
[26Oct2025 04:55:50.971] [Netty Epoll Server IO #4/ERROR] [net.bettercombat.network.ServerNetwork/]: Main-hand stack: 0 air
[26Oct2025 04:55:50.971] [Netty Epoll Server IO #4/ERROR] [net.bettercombat.network.ServerNetwork/]: Off-hand stack: 1 spike_shield
[26Oct2025 04:55:50.971] [Netty Epoll Server IO #4/ERROR] [net.bettercombat.network.ServerNetwork/]: Selected slot server: 4 | client: 1
[26Oct2025 04:55:51.279] [Netty Epoll Server IO #4/ERROR] [net.bettercombat.network.ServerNetwork/]: Server handling Packets.C2S_AttackRequest - No current attack hand!
[26Oct2025 04:55:51.279] [Netty Epoll Server IO #4/ERROR] [net.bettercombat.network.ServerNetwork/]: Combo count: 14 is dual wielding: false
[26Oct2025 04:55:51.279] [Netty Epoll Server IO #4/ERROR] [net.bettercombat.network.ServerNetwork/]: Main-hand stack: 0 air
[26Oct2025 04:55:51.279] [Netty Epoll Server IO #4/ERROR] [net.bettercombat.network.ServerNetwork/]: Off-hand stack: 1 spike_shield
[26Oct2025 04:55:51.279] [Netty Epoll Server IO #4/ERROR] [net.bettercombat.network.ServerNetwork/]: Selected slot server: 4 | client: 1
[26Oct2025 04:55:51.728] [Netty Epoll Server IO #0/INFO] [com.teampotato.redirector.Redirector/]: Redirecting net/minecraft/network/chat/LastSeenMessagesValidator$ErrorCondition
[26Oct2025 04:55:56.774] [Server thread/INFO] [com.teampotato.redirector.Redirector/]: Redirecting net/minecraft/network/chat/FilterMask$Type
[26Oct2025 04:55:56.838] [Server thread/INFO] [net.minecraft.server.MinecraftServer/]: [Not Secure] <primordial> lagaso
[26Oct2025 04:55:58.662] [Worker-Main1/WARN] [net.minecraft.world.level.levelgen.structure.pools.JigsawPlacement/]: Empty or non-existent pool: minecraft:
[26Oct2025 04:55:58.662] [Worker-Main1/WARN] [net.minecraft.world.level.levelgen.structure.pools.JigsawPlacement/]: Empty or non-existent pool: minecraft:
[26Oct2025 04:55:58.662] [Worker-Main1/WARN] [net.minecraft.world.level.levelgen.structure.pools.JigsawPlacement/]: Empty or non-existent pool: minecraft:
[26Oct2025 04:55:58.662] [Worker-Main1/WARN] [net.minecraft.world.level.levelgen.structure.pools.JigsawPlacement/]: Empty or non-existent pool: minecraft:
[26Oct2025 04:55:59.183] [Server thread/WARN] [net.minecraft.world.level.storage.loot.functions.SetItemDamageFunction/]: Couldn't set damage of loot item 1 diamond
[26Oct2025 04:55:59.183] [Server thread/WARN] [net.minecraft.world.level.storage.loot.functions.SetItemDamageFunction/]: Couldn't set damage of loot item 1 gem_dust
[26Oct2025 04:55:59.183] [Server thread/WARN] [net.minecraft.world.level.storage.loot.functions.SetItemDamageFunction/]: Couldn't set damage of loot item 1 diamond
[26Oct2025 04:56:04.383] [Server thread/WARN] [net.minecraft.server.MinecraftServer/]: Can't keep up! Is the server overloaded? Running 9074ms or 181 ticks behind
[26Oct2025 04:56:22.391] [Server thread/WARN] [net.minecraft.world.level.storage.loot.functions.SetItemDamageFunction/]: Couldn't set damage of loot item 1 netherite_scrap
[26Oct2025 04:56:22.391] [Server thread/WARN] [net.minecraft.world.level.storage.loot.functions.SetItemDamageFunction/]: Couldn't set damage of loot item 1 diamond
[26Oct2025 04:56:22.391] [Server thread/WARN] [net.minecraft.world.level.storage.loot.functions.SetItemDamageFunction/]: Couldn't set damage of loot item 1 wisdom_scroll
[26Oct2025 04:56:22.391] [Server thread/WARN] [net.minecraft.world.level.storage.loot.functions.SetItemDamageFunction/]: Couldn't set damage of loot item 1 diamond
[26Oct2025 04:56:22.392] [Server thread/WARN] [net.minecraft.world.level.storage.loot.functions.SetItemDamageFunction/]: Couldn't set damage of loot item 1 gem_dust
[26Oct2025 04:56:45.693] [Server thread/WARN] [net.minecraft.world.level.storage.loot.functions.SetItemDamageFunction/]: Couldn't set damage of loot item 1 gold_ingot
[26Oct2025 04:56:45.693] [Server thread/WARN] [net.minecraft.world.level.storage.loot.functions.SetItemDamageFunction/]: Couldn't set damage of loot item 1 diamond
[26Oct2025 04:56:45.693] [Server thread/WARN] [net.minecraft.world.level.storage.loot.functions.SetItemDamageFunction/]: Couldn't set damage of loot item 1 wisdom_scroll
[26Oct2025 04:56:45.694] [Server thread/WARN] [net.minecraft.world.level.storage.loot.functions.SetItemDamageFunction/]: Couldn't set damage of loot item 1 diamond
[26Oct2025 04:56:47.687] [Server thread/WARN] [net.minecraft.world.level.storage.loot.functions.SetItemDamageFunction/]: Couldn't set damage of loot item 1 gold_ingot
[26Oct2025 04:56:47.687] [Server thread/WARN] [net.minecraft.world.level.storage.loot.functions.SetItemDamageFunction/]: Couldn't set damage of loot item 1 diamond
[26Oct2025 04:57:00.688] [Server thread/WARN] [net.minecraft.world.level.storage.loot.functions.SetItemDamageFunction/]: Couldn't set damage of loot item 1 netherite_scrap
[26Oct2025 04:57:00.689] [Server thread/WARN] [net.minecraft.world.level.storage.loot.functions.SetItemDamageFunction/]: Couldn't set damage of loot item 1 diamond
[26Oct2025 04:57:00.689] [Server thread/WARN] [net.minecraft.world.level.storage.loot.functions.SetItemDamageFunction/]: Couldn't set damage of loot item 1 gem_dust
[26Oct2025 04:57:00.689] [Server thread/WARN] [net.minecraft.world.level.storage.loot.functions.SetItemDamageFunction/]: Couldn't set damage of loot item 1 iron_block
[26Oct2025 04:57:09.435] [Server thread/INFO] [com.teampotato.redirector.Redirector/]: Redirecting com/minecolonies/api/colony/managers/interfaces/IRaiderManager$RaidSpawnResult
[26Oct2025 04:57:32.746] [Server thread/WARN] [net.minecraft.world.level.storage.loot.functions.SetItemDamageFunction/]: Couldn't set damage of loot item 1 netherite_scrap
[26Oct2025 04:57:32.746] [Server thread/WARN] [net.minecraft.world.level.storage.loot.functions.SetItemDamageFunction/]: Couldn't set damage of loot item 1 diamond
[26Oct2025 04:57:32.746] [Server thread/WARN] [net.minecraft.world.level.storage.loot.functions.SetItemDamageFunction/]: Couldn't set damage of loot item 1 gem_dust
[26Oct2025 04:57:40.750] [Server thread/ERROR] [net.minecraft.world.entity.decoration.HangingEntity/]: Hanging entity at invalid position: BlockPos{x=35, y=-58, z=-32}
[26Oct2025 04:57:53.753] [Server thread/WARN] [net.minecraft.world.level.storage.loot.functions.SetItemDamageFunction/]: Couldn't set damage of loot item 1 netherite_scrap
[26Oct2025 04:57:53.754] [Server thread/WARN] [net.minecraft.world.level.storage.loot.functions.SetItemDamageFunction/]: Couldn't set damage of loot item 1 gold_block
[26Oct2025 04:57:53.754] [Server thread/WARN] [net.minecraft.world.level.storage.loot.functions.SetItemDamageFunction/]: Couldn't set damage of loot item 1 gem_dust
[26Oct2025 04:57:53.754] [Server thread/WARN] [net.minecraft.world.level.storage.loot.functions.SetItemDamageFunction/]: Couldn't set damage of loot item 1 iron_block
[26Oct2025 04:57:54.038] [Server thread/WARN] [net.minecraft.world.level.storage.loot.functions.SetItemDamageFunction/]: Couldn't set damage of loot item 1 gold_ingot
[26Oct2025 04:57:54.038] [Server thread/WARN] [net.minecraft.world.level.storage.loot.functions.SetItemDamageFunction/]: Couldn't set damage of loot item 1 diamond
[26Oct2025 04:57:54.038] [Server thread/WARN] [net.minecraft.world.level.storage.loot.functions.SetItemDamageFunction/]: Couldn't set damage of loot item 1 gem_dust
[26Oct2025 04:57:58.237] [Server thread/WARN] [net.minecraft.world.level.storage.loot.functions.SetItemDamageFunction/]: Couldn't set damage of loot item 1 gold_ingot
[26Oct2025 04:57:58.237] [Server thread/WARN] [net.minecraft.world.level.storage.loot.functions.SetItemDamageFunction/]: Couldn't set damage of loot item 1 gold_block
[26Oct2025 04:57:58.237] [Server thread/WARN] [net.minecraft.world.level.storage.loot.functions.SetItemDamageFunction/]: Couldn't set damage of loot item 1 gem_dust
[26Oct2025 04:57:58.237] [Server thread/WARN] [net.minecraft.world.level.storage.loot.functions.SetItemDamageFunction/]: Couldn't set damage of loot item 1 diamond
[26Oct2025 04:57:58.584] [Server thread/WARN] [net.minecraft.world.level.storage.loot.functions.SetItemDamageFunction/]: Couldn't set damage of loot item 1 gold_ingot
[26Oct2025 04:57:58.584] [Server thread/WARN] [net.minecraft.world.level.storage.loot.functions.SetItemDamageFunction/]: Couldn't set damage of loot item 1 gold_block
[26Oct2025 04:57:58.584] [Server thread/WARN] [net.minecraft.world.level.storage.loot.functions.SetItemDamageFunction/]: Couldn't set damage of loot item 1 diamond
[26Oct2025 04:57:58.584] [Server thread/WARN] [net.minecraft.world.level.storage.loot.functions.SetItemDamageFunction/]: Couldn't set damage of loot item 1 gem_dust
[26Oct2025 04:58:01.239] [Server thread/WARN] [net.minecraft.world.level.storage.loot.functions.SetItemDamageFunction/]: Couldn't set damage of loot item 1 netherite_scrap
[26Oct2025 04:58:01.239] [Server thread/WARN] [net.minecraft.world.level.storage.loot.functions.SetItemDamageFunction/]: Couldn't set damage of loot item 1 gem_dust
[26Oct2025 04:58:01.239] [Server thread/WARN] [net.minecraft.world.level.storage.loot.functions.SetItemDamageFunction/]: Couldn't set damage of loot item 1 diamond
[26Oct2025 04:58:09.756] [Server thread/WARN] [net.minecraft.world.level.storage.loot.functions.SetItemDamageFunction/]: Couldn't set damage of loot item 1 netherite_scrap
[26Oct2025 04:58:09.756] [Server thread/WARN] [net.minecraft.world.level.storage.loot.functions.SetItemDamageFunction/]: Couldn't set damage of loot item 1 diamond
[26Oct2025 04:58:09.756] [Server thread/WARN] [net.minecraft.world.level.storage.loot.functions.SetItemDamageFunction/]: Couldn't set damage of loot item 1 gem_dust
[26Oct2025 04:58:09.756] [Server thread/WARN] [net.minecraft.world.level.storage.loot.functions.SetItemDamageFunction/]: Couldn't set damage of loot item 1 diamond
[26Oct2025 04:58:10.602] [Server thread/WARN] [net.minecraft.world.level.storage.loot.functions.SetItemDamageFunction/]: Couldn't set damage of loot item 1 gold_ingot
[26Oct2025 04:58:10.602] [Server thread/WARN] [net.minecraft.world.level.storage.loot.functions.SetItemDamageFunction/]: Couldn't set damage of loot item 1 diamond
[26Oct2025 04:58:10.602] [Server thread/WARN] [net.minecraft.world.level.storage.loot.functions.SetItemDamageFunction/]: Couldn't set damage of loot item 1 wisdom_scroll
[26Oct2025 04:58:10.603] [Server thread/WARN] [net.minecraft.world.level.storage.loot.functions.SetItemDamageFunction/]: Couldn't set damage of loot item 1 diamond
[26Oct2025 04:58:11.438] [Server thread/WARN] [net.minecraft.world.level.storage.loot.functions.SetItemDamageFunction/]: Couldn't set damage of loot item 1 netherite_scrap
[26Oct2025 04:58:11.438] [Server thread/WARN] [net.minecraft.world.level.storage.loot.functions.SetItemDamageFunction/]: Couldn't set damage of loot item 1 gold_block
[26Oct2025 04:58:11.438] [Server thread/WARN] [net.minecraft.world.level.storage.loot.functions.SetItemDamageFunction/]: Couldn't set damage of loot item 1 diamond
[26Oct2025 04:58:11.438] [Server thread/WARN] [net.minecraft.world.level.storage.loot.functions.SetItemDamageFunction/]: Couldn't set damage of loot item 1 gem_dust
[26Oct2025 04:58:12.591] [Server thread/WARN] [net.minecraft.world.level.storage.loot.functions.SetItemDamageFunction/]: Couldn't set damage of loot item 1 diamond
[26Oct2025 04:58:12.591] [Server thread/WARN] [net.minecraft.world.level.storage.loot.functions.SetItemDamageFunction/]: Couldn't set damage of loot item 1 gem_dust
[26Oct2025 04:58:12.591] [Server thread/WARN] [net.minecraft.world.level.storage.loot.functions.SetItemDamageFunction/]: Couldn't set damage of loot item 1 diamond
[26Oct2025 04:58:14.000] [Server thread/WARN] [net.minecraft.world.level.storage.loot.functions.SetItemDamageFunction/]: Couldn't set damage of loot item 1 diamond
[26Oct2025 04:58:14.000] [Server thread/WARN] [net.minecraft.world.level.storage.loot.functions.SetItemDamageFunction/]: Couldn't set damage of loot item 1 gem_dust
[26Oct2025 04:58:14.000] [Server thread/WARN] [net.minecraft.world.level.storage.loot.functions.SetItemDamageFunction/]: Couldn't set damage of loot item 1 diamond
[26Oct2025 04:58:14.000] [Server thread/WARN] [net.minecraft.world.level.storage.loot.functions.SetItemDamageFunction/]: Couldn't set damage of loot item 1 gem_dust
[26Oct2025 04:58:15.867] [Server thread/WARN] [net.minecraft.world.level.storage.loot.functions.SetItemDamageFunction/]: Couldn't set damage of loot item 1 gold_ingot
[26Oct2025 04:58:15.867] [Server thread/WARN] [net.minecraft.world.level.storage.loot.functions.SetItemDamageFunction/]: Couldn't set damage of loot item 1 diamond
[26Oct2025 04:58:15.867] [Server thread/WARN] [net.minecraft.world.level.storage.loot.functions.SetItemDamageFunction/]: Couldn't set damage of loot item 1 gem_dust
[26Oct2025 04:58:15.867] [Server thread/WARN] [net.minecraft.world.level.storage.loot.functions.SetItemDamageFunction/]: Couldn't set damage of loot item 1 iron_block
[26Oct2025 04:58:17.539] [Server thread/WARN] [net.minecraft.world.level.storage.loot.functions.SetItemDamageFunction/]: Couldn't set damage of loot item 1 gold_ingot
[26Oct2025 04:58:17.539] [Server thread/WARN] [net.minecraft.world.level.storage.loot.functions.SetItemDamageFunction/]: Couldn't set damage of loot item 1 gold_block
[26Oct2025 04:58:17.540] [Server thread/WARN] [net.minecraft.world.level.storage.loot.functions.SetItemDamageFunction/]: Couldn't set damage of loot item 1 gem_dust
[26Oct2025 04:58:27.170] [Server thread/WARN] [net.minecraft.server.MinecraftServer/]: Can't keep up! Is the server overloaded? Running 8911ms or 178 ticks behind
[26Oct2025 04:58:33.338] [Server thread/WARN] [net.minecraft.world.level.storage.loot.functions.SetItemDamageFunction/]: Couldn't set damage of loot item 1 gem_dust
[26Oct2025 04:58:33.338] [Server thread/WARN] [net.minecraft.world.level.storage.loot.functions.SetItemDamageFunction/]: Couldn't set damage of loot item 1 iron_block
[26Oct2025 04:58:35.536] [Server thread/INFO] [com.teampotato.redirector.Redirector/]: Redirecting com/aqutheseal/celestisynth/api/animation/player/AnimationManager$AnimationsList
[26Oct2025 04:58:35.538] [Server thread/INFO] [com.teampotato.redirector.Redirector/]: Redirecting io/redspace/ironsspellbooks/capabilities/magic/RecastResult
[26Oct2025 04:58:35.541] [Server thread/INFO] [net.minecraft.server.MinecraftServer/]: SrXD was struck by lightning
[26Oct2025 04:58:42.349] [Worker-Main2/ERROR] [net.minecraft.world.entity.decoration.HangingEntity/]: Hanging entity at invalid position: BlockPos{x=22, y=-11, z=-129}
[26Oct2025 04:58:42.349] [Worker-Main2/ERROR] [net.minecraft.world.entity.decoration.HangingEntity/]: Hanging entity at invalid position: BlockPos{x=21, y=-11, z=-129}
[26Oct2025 04:58:43.460] [Worker-Main3/ERROR] [net.minecraft.world.entity.decoration.HangingEntity/]: Hanging entity at invalid position: BlockPos{x=11, y=-12, z=-131}
[26Oct2025 04:58:47.788] [Server thread/WARN] [net.minecraft.world.level.storage.loot.functions.SetItemDamageFunction/]: Couldn't set damage of loot item 1 diamond
[26Oct2025 04:58:47.788] [Server thread/WARN] [net.minecraft.world.level.storage.loot.functions.SetItemDamageFunction/]: Couldn't set damage of loot item 1 gem_dust
[26Oct2025 04:58:47.788] [Server thread/WARN] [net.minecraft.world.level.storage.loot.functions.SetItemDamageFunction/]: Couldn't set damage of loot item 1 diamond
[26Oct2025 04:58:48.945] [Server thread/WARN] [net.minecraft.world.level.storage.loot.functions.SetItemDamageFunction/]: Couldn't set damage of loot item 1 netherite_scrap
[26Oct2025 04:58:48.946] [Server thread/WARN] [net.minecraft.world.level.storage.loot.functions.SetItemDamageFunction/]: Couldn't set damage of loot item 1 wisdom_scroll
[26Oct2025 04:58:49.772] [Worker-Main2/ERROR] [net.minecraft.world.entity.decoration.HangingEntity/]: Hanging entity at invalid position: BlockPos{x=22, y=-11, z=-115}
[26Oct2025 04:58:50.259] [Worker-Main1/ERROR] [net.minecraft.world.entity.decoration.HangingEntity/]: Hanging entity at invalid position: BlockPos{x=11, y=-12, z=-116}
[26Oct2025 04:58:51.138] [Server thread/WARN] [net.minecraft.world.level.storage.loot.functions.SetItemDamageFunction/]: Couldn't set damage of loot item 1 gold_ingot
[26Oct2025 04:58:51.138] [Server thread/WARN] [net.minecraft.world.level.storage.loot.functions.SetItemDamageFunction/]: Couldn't set damage of loot item 1 gold_block
[26Oct2025 04:58:51.138] [Server thread/WARN] [net.minecraft.world.level.storage.loot.functions.SetItemDamageFunction/]: Couldn't set damage of loot item 1 gem_dust
[26Oct2025 04:58:51.139] [Server thread/WARN] [net.minecraft.world.level.storage.loot.functions.SetItemDamageFunction/]: Couldn't set damage of loot item 1 diamond
[26Oct2025 04:59:13.105] [Server thread/WARN] [net.minecraft.server.network.ServerGamePacketListenerImpl/]: primordial moved wrongly!
[26Oct2025 04:59:22.333] [Server thread/WARN] [net.minecraft.world.level.storage.loot.functions.SetItemDamageFunction/]: Couldn't set damage of loot item 1 gold_ingot
[26Oct2025 04:59:22.333] [Server thread/WARN] [net.minecraft.world.level.storage.loot.functions.SetItemDamageFunction/]: Couldn't set damage of loot item 1 gem_dust
[26Oct2025 04:59:22.333] [Server thread/WARN] [net.minecraft.world.level.storage.loot.functions.SetItemDamageFunction/]: Couldn't set damage of loot item 1 iron_block
[26Oct2025 04:59:22.333] [Server thread/WARN] [net.minecraft.world.level.storage.loot.functions.SetItemDamageFunction/]: Couldn't set damage of loot item 1 gem_dust
[26Oct2025 04:59:23.011] [Server thread/WARN] [net.minecraft.world.level.storage.loot.functions.SetItemDamageFunction/]: Couldn't set damage of loot item 1 netherite_scrap
[26Oct2025 04:59:23.013] [Server thread/WARN] [net.minecraft.world.level.storage.loot.functions.SetItemDamageFunction/]: Couldn't set damage of loot item 1 diamond
[26Oct2025 04:59:23.013] [Server thread/WARN] [net.minecraft.world.level.storage.loot.functions.SetItemDamageFunction/]: Couldn't set damage of loot item 1 gem_dust
[26Oct2025 04:59:23.013] [Server thread/WARN] [net.minecraft.world.level.storage.loot.functions.SetItemDamageFunction/]: Couldn't set damage of loot item 1 diamond
[26Oct2025 04:59:24.486] [Server thread/WARN] [net.minecraft.world.level.storage.loot.functions.SetItemDamageFunction/]: Couldn't set damage of loot item 1 gold_block
[26Oct2025 04:59:34.030] [Server thread/WARN] [net.minecraft.world.level.storage.loot.functions.SetItemDamageFunction/]: Couldn't set damage of loot item 1 gold_ingot
[26Oct2025 04:59:34.031] [Server thread/WARN] [net.minecraft.world.level.storage.loot.functions.SetItemDamageFunction/]: Couldn't set damage of loot item 1 diamond
[26Oct2025 04:59:34.031] [Server thread/WARN] [net.minecraft.world.level.storage.loot.functions.SetItemDamageFunction/]: Couldn't set damage of loot item 1 gem_dust
[26Oct2025 04:59:34.031] [Server thread/WARN] [net.minecraft.world.level.storage.loot.functions.SetItemDamageFunction/]: Couldn't set damage of loot item 1 gem_dust
[26Oct2025 04:59:44.228] [Server thread/WARN] [net.minecraft.world.level.storage.loot.functions.SetItemDamageFunction/]: Couldn't set damage of loot item 1 netherite_scrap
[26Oct2025 04:59:44.228] [Server thread/WARN] [net.minecraft.world.level.storage.loot.functions.SetItemDamageFunction/]: Couldn't set damage of loot item 1 diamond
[26Oct2025 04:59:46.043] [Server thread/WARN] [net.minecraft.world.level.storage.loot.functions.SetItemDamageFunction/]: Couldn't set damage of loot item 1 netherite_scrap
[26Oct2025 04:59:46.044] [Server thread/WARN] [net.minecraft.world.level.storage.loot.functions.SetItemDamageFunction/]: Couldn't set damage of loot item 1 diamond
[26Oct2025 04:59:46.044] [Server thread/WARN] [net.minecraft.world.level.storage.loot.functions.SetItemDamageFunction/]: Couldn't set damage of loot item 1 gem_dust
[26Oct2025 04:59:55.778] [Server thread/INFO] [net.minecraft.server.MinecraftServer/]: [Not Secure] <primordial> eu
[26Oct2025 04:59:58.306] [Server thread/INFO] [net.minecraft.server.MinecraftServer/]: [Not Secure] <primordial> me voy a dormir
[26Oct2025 05:00:04.158] [Server thread/WARN] [net.minecraft.world.level.storage.loot.functions.SetItemDamageFunction/]: Couldn't set damage of loot item 1 gold_ingot
[26Oct2025 05:00:04.158] [Server thread/WARN] [net.minecraft.world.level.storage.loot.functions.SetItemDamageFunction/]: Couldn't set damage of loot item 1 gem_dust
[26Oct2025 05:00:06.736] [Worker-Main1/ERROR] [net.minecraft.world.entity.decoration.HangingEntity/]: Hanging entity at invalid position: BlockPos{x=198, y=48, z=187}
[26Oct2025 05:00:10.130] [Worker-Main1/WARN] [net.minecraft.world.level.levelgen.structure.pools.JigsawPlacement/]: Empty or non-existent pool: minecraft:
[26Oct2025 05:00:10.594] [Server thread/WARN] [net.minecraft.world.level.storage.loot.functions.SetItemDamageFunction/]: Couldn't set damage of loot item 1 gold_ingot
[26Oct2025 05:00:10.594] [Server thread/WARN] [net.minecraft.world.level.storage.loot.functions.SetItemDamageFunction/]: Couldn't set damage of loot item 1 gold_block
[26Oct2025 05:00:10.595] [Server thread/WARN] [net.minecraft.world.level.storage.loot.functions.SetItemDamageFunction/]: Couldn't set damage of loot item 1 wisdom_scroll
[26Oct2025 05:00:10.595] [Server thread/WARN] [net.minecraft.world.level.storage.loot.functions.SetItemDamageFunction/]: Couldn't set damage of loot item 1 iron_block
[26Oct2025 05:00:10.902] [Server thread/INFO] [net.minecraft.server.MinecraftServer/]: [Not Secure] <ElpalomoMC> tan temprano
[26Oct2025 05:00:11.200] [Server thread/INFO] [net.minecraft.server.MinecraftServer/]: [Not Secure] <primordial> no creo que se mantenga abierto el servidor
[26Oct2025 05:00:11.886] [Server thread/WARN] [net.minecraft.world.level.storage.loot.functions.SetItemDamageFunction/]: Couldn't set damage of loot item 1 netherite_scrap
[26Oct2025 05:00:11.886] [Server thread/WARN] [net.minecraft.world.level.storage.loot.functions.SetItemDamageFunction/]: Couldn't set damage of loot item 1 diamond
[26Oct2025 05:00:11.886] [Server thread/WARN] [net.minecraft.world.level.storage.loot.functions.SetItemDamageFunction/]: Couldn't set damage of loot item 1 gem_dust
[26Oct2025 05:00:11.887] [Server thread/WARN] [net.minecraft.world.level.storage.loot.functions.SetItemDamageFunction/]: Couldn't set damage of loot item 1 iron_block
[26Oct2025 05:00:11.888] [Server thread/WARN] [net.minecraft.world.level.storage.loot.functions.SetItemDamageFunction/]: Couldn't set damage of loot item 1 gold_ingot
[26Oct2025 05:00:11.889] [Server thread/WARN] [net.minecraft.world.level.storage.loot.functions.SetItemDamageFunction/]: Couldn't set damage of loot item 1 gold_block
[26Oct2025 05:00:11.889] [Server thread/WARN] [net.minecraft.world.level.storage.loot.functions.SetItemDamageFunction/]: Couldn't set damage of loot item 1 gem_dust
[26Oct2025 05:00:11.889] [Server thread/WARN] [net.minecraft.world.level.storage.loot.functions.SetItemDamageFunction/]: Couldn't set damage of loot item 1 gem_dust
[26Oct2025 05:00:16.251] [Server thread/INFO] [net.minecraft.server.MinecraftServer/]: [Not Secure] <ElpalomoMC> paeso
[26Oct2025 05:00:22.494] [Server thread/WARN] [net.minecraft.world.level.storage.loot.functions.SetItemDamageFunction/]: Couldn't set damage of loot item 1 netherite_scrap
[26Oct2025 05:00:22.494] [Server thread/WARN] [net.minecraft.world.level.storage.loot.functions.SetItemDamageFunction/]: Couldn't set damage of loot item 1 diamond
[26Oct2025 05:00:22.494] [Server thread/WARN] [net.minecraft.world.level.storage.loot.functions.SetItemDamageFunction/]: Couldn't set damage of loot item 1 gem_dust
[26Oct2025 05:00:22.494] [Server thread/WARN] [net.minecraft.world.level.storage.loot.functions.SetItemDamageFunction/]: Couldn't set damage of loot item 1 diamond
[26Oct2025 05:00:31.002] [Server thread/INFO] [net.minecraft.server.MinecraftServer/]: [Not Secure] <ElpalomoMC> mañana será
[26Oct2025 05:00:34.745] [Server thread/INFO] [net.minecraft.server.MinecraftServer/]: [Not Secure] <primordial> en la tarde
[26Oct2025 05:00:38.357] [Server thread/INFO] [net.minecraft.server.MinecraftServer/]: [Not Secure] <ElpalomoMC> qda
[26Oct2025 05:00:41.255] [Server thread/INFO] [net.minecraft.server.MinecraftServer/]: [Not Secure] <primordial> yap
[26Oct2025 05:00:42.287] [Server thread/INFO] [net.minecraft.server.network.ServerGamePacketListenerImpl/]: SrXD lost connection: Disconnected
[26Oct2025 05:00:42.288] [Server thread/INFO] [net.minecraft.server.MinecraftServer/]: SrXD left the game
[26Oct2025 05:00:42.288] [Server thread/INFO] [voicechat/]: [voicechat] Disconnecting client SrXD
[26Oct2025 05:00:42.357] [Server thread/INFO] [net.minecraft.server.network.ServerGamePacketListenerImpl/]: ElpalomoMC lost connection: Disconnected
[26Oct2025 05:00:42.358] [Server thread/INFO] [net.minecraft.server.MinecraftServer/]: ElpalomoMC left the game
[26Oct2025 05:00:42.359] [Server thread/INFO] [voicechat/]: [voicechat] Disconnecting client ElpalomoMC
[26Oct2025 05:01:11.830] [Server thread/WARN] [net.minecraft.world.level.storage.loot.functions.SetItemDamageFunction/]: Couldn't set damage of loot item 1 gold_block
[26Oct2025 05:01:11.830] [Server thread/WARN] [net.minecraft.world.level.storage.loot.functions.SetItemDamageFunction/]: Couldn't set damage of loot item 1 gem_dust
[26Oct2025 05:01:11.830] [Server thread/WARN] [net.minecraft.world.level.storage.loot.functions.SetItemDamageFunction/]: Couldn't set damage of loot item 1 diamond
[26Oct2025 05:02:01.335] [Server thread/WARN] [net.minecraft.world.level.storage.loot.functions.SetItemDamageFunction/]: Couldn't set damage of loot item 1 gold_ingot
[26Oct2025 05:02:01.335] [Server thread/WARN] [net.minecraft.world.level.storage.loot.functions.SetItemDamageFunction/]: Couldn't set damage of loot item 1 diamond
[26Oct2025 05:02:29.519] [Server thread/INFO] [net.minecraft.server.MinecraftServer/]: primordial has made the advancement [You da Bomby]
[26Oct2025 05:03:18.331] [Server thread/WARN] [net.minecraft.world.level.storage.loot.functions.SetItemDamageFunction/]: Couldn't set damage of loot item 1 diamond
[26Oct2025 05:03:18.331] [Server thread/WARN] [net.minecraft.world.level.storage.loot.functions.SetItemDamageFunction/]: Couldn't set damage of loot item 1 gem_dust
[26Oct2025 05:03:18.331] [Server thread/WARN] [net.minecraft.world.level.storage.loot.functions.SetItemDamageFunction/]: Couldn't set damage of loot item 1 diamond
[26Oct2025 05:03:29.677] [Server thread/WARN] [net.minecraft.world.level.storage.loot.functions.SetItemDamageFunction/]: Couldn't set damage of loot item 1 gold_ingot
[26Oct2025 05:03:29.677] [Server thread/WARN] [net.minecraft.world.level.storage.loot.functions.SetItemDamageFunction/]: Couldn't set damage of loot item 1 diamond
[26Oct2025 05:03:29.678] [Server thread/WARN] [net.minecraft.world.level.storage.loot.functions.SetItemDamageFunction/]: Couldn't set damage of loot item 1 gem_dust
[26Oct2025 05:03:40.927] [Server thread/WARN] [net.minecraft.world.level.storage.loot.functions.SetItemDamageFunction/]: Couldn't set damage of loot item 1 netherite_scrap
[26Oct2025 05:03:40.927] [Server thread/WARN] [net.minecraft.world.level.storage.loot.functions.SetItemDamageFunction/]: Couldn't set damage of loot item 1 diamond
[26Oct2025 05:03:40.927] [Server thread/WARN] [net.minecraft.world.level.storage.loot.functions.SetItemDamageFunction/]: Couldn't set damage of loot item 1 gem_dust
[26Oct2025 05:03:40.927] [Server thread/WARN] [net.minecraft.world.level.storage.loot.functions.SetItemDamageFunction/]: Couldn't set damage of loot item 1 diamond
[26Oct2025 05:03:43.006] [Server thread/INFO] [net.minecraft.server.MinecraftServer/]: DarkWisard has made the advancement [Keeper of Souls]
[26Oct2025 05:03:56.226] [Server thread/WARN] [net.minecraft.world.level.storage.loot.functions.SetItemDamageFunction/]: Couldn't set damage of loot item 1 netherite_scrap
[26Oct2025 05:03:56.226] [Server thread/WARN] [net.minecraft.world.level.storage.loot.functions.SetItemDamageFunction/]: Couldn't set damage of loot item 1 diamond
[26Oct2025 05:03:56.226] [Server thread/WARN] [net.minecraft.world.level.storage.loot.functions.SetItemDamageFunction/]: Couldn't set damage of loot item 1 gem_dust
[26Oct2025 05:03:56.226] [Server thread/WARN] [net.minecraft.world.level.storage.loot.functions.SetItemDamageFunction/]: Couldn't set damage of loot item 1 diamond
[26Oct2025 05:04:04.081] [Server thread/INFO] [net.minecraft.server.network.ServerGamePacketListenerImpl/]: DarkWisard lost connection: Disconnected
[26Oct2025 05:04:04.082] [Server thread/INFO] [net.minecraft.server.MinecraftServer/]: DarkWisard left the game
[26Oct2025 05:04:04.082] [Server thread/INFO] [voicechat/]: [voicechat] Disconnecting client DarkWisard
[26Oct2025 05:04:10.818] [Server thread/INFO] [net.minecraft.server.network.ServerGamePacketListenerImpl/]: primordial lost connection: Disconnected
[26Oct2025 05:04:10.819] [Server thread/INFO] [net.minecraft.server.MinecraftServer/]: primordial left the game
[26Oct2025 05:04:10.819] [Server thread/INFO] [voicechat/]: [voicechat] Disconnecting client primordial
[26Oct2025 05:04:14.561] [Server thread/INFO] [net.minecraft.server.MinecraftServer/]: Stopping the server
[26Oct2025 05:04:14.635] [Server thread/INFO] [net.minecraft.server.MinecraftServer/]: Stopping server
[26Oct2025 05:04:14.636] [Server thread/INFO] [net.minecraft.server.MinecraftServer/]: Saving players
[26Oct2025 05:04:14.636] [Server thread/INFO] [net.minecraft.server.MinecraftServer/]: Saving worlds
[26Oct2025 05:04:14.662] [Server thread/INFO] [net.minecraft.server.MinecraftServer/]: Saving chunks for level 'ServerLevel[world]'/minecraft:overworld
[26Oct2025 05:04:14.812] [Server thread/INFO] [net.minecraft.server.MinecraftServer/]: Saving chunks for level 'ServerLevel[world]'/blue_skies:everdawn
[26Oct2025 05:04:14.813] [Server thread/INFO] [net.minecraft.server.MinecraftServer/]: Saving chunks for level 'ServerLevel[world]'/aether:the_aether
[26Oct2025 05:04:14.814] [Server thread/INFO] [net.minecraft.server.MinecraftServer/]: Saving chunks for level 'ServerLevel[world]'/minecraft:the_end
[26Oct2025 05:04:14.816] [Server thread/INFO] [net.minecraft.server.MinecraftServer/]: Saving chunks for level 'ServerLevel[world]'/minecraft:the_nether
[26Oct2025 05:04:14.817] [Server thread/INFO] [net.minecraft.server.MinecraftServer/]: Saving chunks for level 'ServerLevel[world]'/blue_skies:everbright
[26Oct2025 05:04:14.818] [Server thread/INFO] [net.minecraft.server.MinecraftServer/]: Saving chunks for level 'ServerLevel[world]'/twilightforest:twilight_forest
[26Oct2025 05:04:14.819] [Server thread/INFO] [net.minecraft.server.MinecraftServer/]: Saving chunks for level 'ServerLevel[world]'/deeperdarker:otherside
[26Oct2025 05:04:15.115] [Server thread/INFO] [net.minecraft.server.MinecraftServer/]: ThreadedAnvilChunkStorage (world): All chunks are saved
[26Oct2025 05:04:15.115] [Server thread/INFO] [net.minecraft.server.MinecraftServer/]: ThreadedAnvilChunkStorage (everdawn): All chunks are saved
[26Oct2025 05:04:15.116] [Server thread/INFO] [net.minecraft.server.MinecraftServer/]: ThreadedAnvilChunkStorage (the_aether): All chunks are saved
[26Oct2025 05:04:15.116] [Server thread/INFO] [net.minecraft.server.MinecraftServer/]: ThreadedAnvilChunkStorage (DIM1): All chunks are saved
[26Oct2025 05:04:15.116] [Server thread/INFO] [net.minecraft.server.MinecraftServer/]: ThreadedAnvilChunkStorage (DIM-1): All chunks are saved
[26Oct2025 05:04:15.116] [Server thread/INFO] [net.minecraft.server.MinecraftServer/]: ThreadedAnvilChunkStorage (everbright): All chunks are saved
[26Oct2025 05:04:15.116] [Server thread/INFO] [net.minecraft.server.MinecraftServer/]: ThreadedAnvilChunkStorage (twilight_forest): All chunks are saved
[26Oct2025 05:04:15.116] [Server thread/INFO] [net.minecraft.server.MinecraftServer/]: ThreadedAnvilChunkStorage (otherside): All chunks are saved
[26Oct2025 05:04:15.116] [Server thread/INFO] [net.minecraft.server.MinecraftServer/]: ThreadedAnvilChunkStorage: All dimensions are saved
[26Oct2025 05:04:15.260] [Server thread/INFO] [FTB Chunks/]: Shutting down map thread
[26Oct2025 05:04:15.264] [Server thread/INFO] [Calio/]: Removing Dynamic Registries for: net.minecraft.server.dedicated.DedicatedServer@e74bf40
[26Oct2025 05:04:15.265] [Server thread/ERROR] [fuzs.nightconfigfixes.config.CheckedConfigFileTypeHandler/]: Failed to remove config /workspaces/server3/servidor_minecraft/config/apoli-server.toml from tracker!
java.lang.NullPointerException: Cannot read field "watchedFileCount" because "watchedDir" is null
	at com.electronwill.nightconfig.core.file.FileWatcher.removeWatch(FileWatcher.java:134) ~[core-3.6.4.jar%2354!/:?]
	at fuzs.nightconfigfixes.config.CheckedConfigFileTypeHandler.unload(CheckedConfigFileTypeHandler.java:137) ~[NightConfigFixes-v4.0.7-1.19.2-Forge.jar%23560!/:4.0.7]
	at net.minecraftforge.fml.config.ConfigTracker.closeConfig(ConfigTracker.java:70) ~[fmlcore-1.19.2-43.4.2.jar%23656!/:?]
	at net.minecraftforge.fml.config.ConfigTracker.lambda$unloadConfigs$2(ConfigTracker.java:55) ~[fmlcore-1.19.2-43.4.2.jar%23656!/:?]
	at java.lang.Iterable.forEach(Iterable.java:75) ~[?:?]
	at java.util.Collections$SynchronizedCollection.forEach(Collections.java:2132) ~[?:?]
	at net.minecraftforge.fml.config.ConfigTracker.unloadConfigs(ConfigTracker.java:55) ~[fmlcore-1.19.2-43.4.2.jar%23656!/:?]
	at net.minecraftforge.server.ServerLifecycleHooks.handleServerStopped(ServerLifecycleHooks.java:137) ~[forge-1.19.2-43.4.2-universal.jar%23660!/:?]
	at net.minecraft.server.MinecraftServer.m_130011_(MinecraftServer.java:690) ~[server-1.19.2-20220805.130853-srg.jar%23655!/:?]
	at net.minecraft.server.MinecraftServer.m_206580_(MinecraftServer.java:244) ~[server-1.19.2-20220805.130853-srg.jar%23655!/:?]
	at java.lang.Thread.run(Thread.java:840) [?:?]
[26Oct2025 05:04:15.275] [Server thread/ERROR] [fuzs.nightconfigfixes.config.CheckedConfigFileTypeHandler/]: Failed to remove config /workspaces/server3/servidor_minecraft/config/oriacs-server.toml from tracker!
java.lang.NullPointerException: Cannot read field "watchedFileCount" because "watchedDir" is null
	at com.electronwill.nightconfig.core.file.FileWatcher.removeWatch(FileWatcher.java:134) ~[core-3.6.4.jar%2354!/:?]
	at fuzs.nightconfigfixes.config.CheckedConfigFileTypeHandler.unload(CheckedConfigFileTypeHandler.java:137) ~[NightConfigFixes-v4.0.7-1.19.2-Forge.jar%23560!/:4.0.7]
	at net.minecraftforge.fml.config.ConfigTracker.closeConfig(ConfigTracker.java:70) ~[fmlcore-1.19.2-43.4.2.jar%23656!/:?]
	at net.minecraftforge.fml.config.ConfigTracker.lambda$unloadConfigs$2(ConfigTracker.java:55) ~[fmlcore-1.19.2-43.4.2.jar%23656!/:?]
	at java.lang.Iterable.forEach(Iterable.java:75) ~[?:?]
	at java.util.Collections$SynchronizedCollection.forEach(Collections.java:2132) ~[?:?]
	at net.minecraftforge.fml.config.ConfigTracker.unloadConfigs(ConfigTracker.java:55) ~[fmlcore-1.19.2-43.4.2.jar%23656!/:?]
	at net.minecraftforge.server.ServerLifecycleHooks.handleServerStopped(ServerLifecycleHooks.java:137) ~[forge-1.19.2-43.4.2-universal.jar%23660!/:?]
	at net.minecraft.server.MinecraftServer.m_130011_(MinecraftServer.java:690) ~[server-1.19.2-20220805.130853-srg.jar%23655!/:?]
	at net.minecraft.server.MinecraftServer.m_206580_(MinecraftServer.java:244) ~[server-1.19.2-20220805.130853-srg.jar%23655!/:?]
	at java.lang.Thread.run(Thread.java:840) [?:?]
[26Oct2025 05:04:15.276] [Server thread/ERROR] [fuzs.nightconfigfixes.config.CheckedConfigFileTypeHandler/]: Failed to remove config /workspaces/server3/servidor_minecraft/config/upgradednetherite_items-server.toml from tracker!
java.lang.NullPointerException: Cannot read field "watchedFileCount" because "watchedDir" is null
	at com.electronwill.nightconfig.core.file.FileWatcher.removeWatch(FileWatcher.java:134) ~[core-3.6.4.jar%2354!/:?]
	at fuzs.nightconfigfixes.config.CheckedConfigFileTypeHandler.unload(CheckedConfigFileTypeHandler.java:137) ~[NightConfigFixes-v4.0.7-1.19.2-Forge.jar%23560!/:4.0.7]
	at net.minecraftforge.fml.config.ConfigTracker.closeConfig(ConfigTracker.java:70) ~[fmlcore-1.19.2-43.4.2.jar%23656!/:?]
	at net.minecraftforge.fml.config.ConfigTracker.lambda$unloadConfigs$2(ConfigTracker.java:55) ~[fmlcore-1.19.2-43.4.2.jar%23656!/:?]
	at java.lang.Iterable.forEach(Iterable.java:75) ~[?:?]
	at java.util.Collections$SynchronizedCollection.forEach(Collections.java:2132) ~[?:?]
	at net.minecraftforge.fml.config.ConfigTracker.unloadConfigs(ConfigTracker.java:55) ~[fmlcore-1.19.2-43.4.2.jar%23656!/:?]
	at net.minecraftforge.server.ServerLifecycleHooks.handleServerStopped(ServerLifecycleHooks.java:137) ~[forge-1.19.2-43.4.2-universal.jar%23660!/:?]
	at net.minecraft.server.MinecraftServer.m_130011_(MinecraftServer.java:690) ~[server-1.19.2-20220805.130853-srg.jar%23655!/:?]
	at net.minecraft.server.MinecraftServer.m_206580_(MinecraftServer.java:244) ~[server-1.19.2-20220805.130853-srg.jar%23655!/:?]
	at java.lang.Thread.run(Thread.java:840) [?:?]
[26Oct2025 05:04:15.291] [Server thread/ERROR] [fuzs.nightconfigfixes.config.CheckedConfigFileTypeHandler/]: Failed to remove config /workspaces/server3/servidor_minecraft/config/upgradednetherite-server.toml from tracker!
java.lang.NullPointerException: Cannot read field "watchedFileCount" because "watchedDir" is null
	at com.electronwill.nightconfig.core.file.FileWatcher.removeWatch(FileWatcher.java:134) ~[core-3.6.4.jar%2354!/:?]
	at fuzs.nightconfigfixes.config.CheckedConfigFileTypeHandler.unload(CheckedConfigFileTypeHandler.java:137) ~[NightConfigFixes-v4.0.7-1.19.2-Forge.jar%23560!/:4.0.7]
	at net.minecraftforge.fml.config.ConfigTracker.closeConfig(ConfigTracker.java:70) ~[fmlcore-1.19.2-43.4.2.jar%23656!/:?]
	at net.minecraftforge.fml.config.ConfigTracker.lambda$unloadConfigs$2(ConfigTracker.java:55) ~[fmlcore-1.19.2-43.4.2.jar%23656!/:?]
	at java.lang.Iterable.forEach(Iterable.java:75) ~[?:?]
	at java.util.Collections$SynchronizedCollection.forEach(Collections.java:2132) ~[?:?]
	at net.minecraftforge.fml.config.ConfigTracker.unloadConfigs(ConfigTracker.java:55) ~[fmlcore-1.19.2-43.4.2.jar%23656!/:?]
	at net.minecraftforge.server.ServerLifecycleHooks.handleServerStopped(ServerLifecycleHooks.java:137) ~[forge-1.19.2-43.4.2-universal.jar%23660!/:?]
	at net.minecraft.server.MinecraftServer.m_130011_(MinecraftServer.java:690) ~[server-1.19.2-20220805.130853-srg.jar%23655!/:?]
	at net.minecraft.server.MinecraftServer.m_206580_(MinecraftServer.java:244) ~[server-1.19.2-20220805.130853-srg.jar%23655!/:?]
	at java.lang.Thread.run(Thread.java:840) [?:?]
[26Oct2025 05:04:15.291] [Server thread/ERROR] [fuzs.nightconfigfixes.config.CheckedConfigFileTypeHandler/]: Failed to remove config /workspaces/server3/servidor_minecraft/config/solapplepie-server.toml from tracker!
java.lang.NullPointerException: Cannot read field "watchedFileCount" because "watchedDir" is null
	at com.electronwill.nightconfig.core.file.FileWatcher.removeWatch(FileWatcher.java:134) ~[core-3.6.4.jar%2354!/:?]
	at fuzs.nightconfigfixes.config.CheckedConfigFileTypeHandler.unload(CheckedConfigFileTypeHandler.java:137) ~[NightConfigFixes-v4.0.7-1.19.2-Forge.jar%23560!/:4.0.7]
	at net.minecraftforge.fml.config.ConfigTracker.closeConfig(ConfigTracker.java:70) ~[fmlcore-1.19.2-43.4.2.jar%23656!/:?]
	at net.minecraftforge.fml.config.ConfigTracker.lambda$unloadConfigs$2(ConfigTracker.java:55) ~[fmlcore-1.19.2-43.4.2.jar%23656!/:?]
	at java.lang.Iterable.forEach(Iterable.java:75) ~[?:?]
	at java.util.Collections$SynchronizedCollection.forEach(Collections.java:2132) ~[?:?]
	at net.minecraftforge.fml.config.ConfigTracker.unloadConfigs(ConfigTracker.java:55) ~[fmlcore-1.19.2-43.4.2.jar%23656!/:?]
	at net.minecraftforge.server.ServerLifecycleHooks.handleServerStopped(ServerLifecycleHooks.java:137) ~[forge-1.19.2-43.4.2-universal.jar%23660!/:?]
	at net.minecraft.server.MinecraftServer.m_130011_(MinecraftServer.java:690) ~[server-1.19.2-20220805.130853-srg.jar%23655!/:?]
	at net.minecraft.server.MinecraftServer.m_206580_(MinecraftServer.java:244) ~[server-1.19.2-20220805.130853-srg.jar%23655!/:?]
	at java.lang.Thread.run(Thread.java:840) [?:?]
[26Oct2025 05:04:15.292] [Server thread/ERROR] [fuzs.nightconfigfixes.config.CheckedConfigFileTypeHandler/]: Failed to remove config /workspaces/server3/servidor_minecraft/config/corpse-server.toml from tracker!
java.lang.NullPointerException: Cannot read field "watchedFileCount" because "watchedDir" is null
	at com.electronwill.nightconfig.core.file.FileWatcher.removeWatch(FileWatcher.java:134) ~[core-3.6.4.jar%2354!/:?]
	at fuzs.nightconfigfixes.config.CheckedConfigFileTypeHandler.unload(CheckedConfigFileTypeHandler.java:137) ~[NightConfigFixes-v4.0.7-1.19.2-Forge.jar%23560!/:4.0.7]
	at net.minecraftforge.fml.config.ConfigTracker.closeConfig(ConfigTracker.java:70) ~[fmlcore-1.19.2-43.4.2.jar%23656!/:?]
	at net.minecraftforge.fml.config.ConfigTracker.lambda$unloadConfigs$2(ConfigTracker.java:55) ~[fmlcore-1.19.2-43.4.2.jar%23656!/:?]
	at java.lang.Iterable.forEach(Iterable.java:75) ~[?:?]
	at java.util.Collections$SynchronizedCollection.forEach(Collections.java:2132) ~[?:?]
	at net.minecraftforge.fml.config.ConfigTracker.unloadConfigs(ConfigTracker.java:55) ~[fmlcore-1.19.2-43.4.2.jar%23656!/:?]
	at net.minecraftforge.server.ServerLifecycleHooks.handleServerStopped(ServerLifecycleHooks.java:137) ~[forge-1.19.2-43.4.2-universal.jar%23660!/:?]
	at net.minecraft.server.MinecraftServer.m_130011_(MinecraftServer.java:690) ~[server-1.19.2-20220805.130853-srg.jar%23655!/:?]
	at net.minecraft.server.MinecraftServer.m_206580_(MinecraftServer.java:244) ~[server-1.19.2-20220805.130853-srg.jar%23655!/:?]
	at java.lang.Thread.run(Thread.java:840) [?:?]
[26Oct2025 05:04:15.292] [Server thread/ERROR] [fuzs.nightconfigfixes.config.CheckedConfigFileTypeHandler/]: Failed to remove config /workspaces/server3/servidor_minecraft/config/curios-server.toml from tracker!
java.lang.NullPointerException: Cannot read field "watchedFileCount" because "watchedDir" is null
	at com.electronwill.nightconfig.core.file.FileWatcher.removeWatch(FileWatcher.java:134) ~[core-3.6.4.jar%2354!/:?]
	at fuzs.nightconfigfixes.config.CheckedConfigFileTypeHandler.unload(CheckedConfigFileTypeHandler.java:137) ~[NightConfigFixes-v4.0.7-1.19.2-Forge.jar%23560!/:4.0.7]
	at net.minecraftforge.fml.config.ConfigTracker.closeConfig(ConfigTracker.java:70) ~[fmlcore-1.19.2-43.4.2.jar%23656!/:?]
	at net.minecraftforge.fml.config.ConfigTracker.lambda$unloadConfigs$2(ConfigTracker.java:55) ~[fmlcore-1.19.2-43.4.2.jar%23656!/:?]
	at java.lang.Iterable.forEach(Iterable.java:75) ~[?:?]
	at java.util.Collections$SynchronizedCollection.forEach(Collections.java:2132) ~[?:?]
	at net.minecraftforge.fml.config.ConfigTracker.unloadConfigs(ConfigTracker.java:55) ~[fmlcore-1.19.2-43.4.2.jar%23656!/:?]
	at net.minecraftforge.server.ServerLifecycleHooks.handleServerStopped(ServerLifecycleHooks.java:137) ~[forge-1.19.2-43.4.2-universal.jar%23660!/:?]
	at net.minecraft.server.MinecraftServer.m_130011_(MinecraftServer.java:690) ~[server-1.19.2-20220805.130853-srg.jar%23655!/:?]
	at net.minecraft.server.MinecraftServer.m_206580_(MinecraftServer.java:244) ~[server-1.19.2-20220805.130853-srg.jar%23655!/:?]
	at java.lang.Thread.run(Thread.java:840) [?:?]
[26Oct2025 05:04:15.293] [Server thread/ERROR] [fuzs.nightconfigfixes.config.CheckedConfigFileTypeHandler/]: Failed to remove config /workspaces/server3/servidor_minecraft/config/constructionwand-server.toml from tracker!
java.lang.NullPointerException: Cannot read field "watchedFileCount" because "watchedDir" is null
	at com.electronwill.nightconfig.core.file.FileWatcher.removeWatch(FileWatcher.java:134) ~[core-3.6.4.jar%2354!/:?]
	at fuzs.nightconfigfixes.config.CheckedConfigFileTypeHandler.unload(CheckedConfigFileTypeHandler.java:137) ~[NightConfigFixes-v4.0.7-1.19.2-Forge.jar%23560!/:4.0.7]
	at net.minecraftforge.fml.config.ConfigTracker.closeConfig(ConfigTracker.java:70) ~[fmlcore-1.19.2-43.4.2.jar%23656!/:?]
	at net.minecraftforge.fml.config.ConfigTracker.lambda$unloadConfigs$2(ConfigTracker.java:55) ~[fmlcore-1.19.2-43.4.2.jar%23656!/:?]
	at java.lang.Iterable.forEach(Iterable.java:75) ~[?:?]
	at java.util.Collections$SynchronizedCollection.forEach(Collections.java:2132) ~[?:?]
	at net.minecraftforge.fml.config.ConfigTracker.unloadConfigs(ConfigTracker.java:55) ~[fmlcore-1.19.2-43.4.2.jar%23656!/:?]
	at net.minecraftforge.server.ServerLifecycleHooks.handleServerStopped(ServerLifecycleHooks.java:137) ~[forge-1.19.2-43.4.2-universal.jar%23660!/:?]
	at net.minecraft.server.MinecraftServer.m_130011_(MinecraftServer.java:690) ~[server-1.19.2-20220805.130853-srg.jar%23655!/:?]
	at net.minecraft.server.MinecraftServer.m_206580_(MinecraftServer.java:244) ~[server-1.19.2-20220805.130853-srg.jar%23655!/:?]
	at java.lang.Thread.run(Thread.java:840) [?:?]
[26Oct2025 05:04:15.293] [Server thread/ERROR] [fuzs.nightconfigfixes.config.CheckedConfigFileTypeHandler/]: Failed to remove config /workspaces/server3/servidor_minecraft/config/toms_storage-server.toml from tracker!
java.lang.NullPointerException: Cannot read field "watchedFileCount" because "watchedDir" is null
	at com.electronwill.nightconfig.core.file.FileWatcher.removeWatch(FileWatcher.java:134) ~[core-3.6.4.jar%2354!/:?]
	at fuzs.nightconfigfixes.config.CheckedConfigFileTypeHandler.unload(CheckedConfigFileTypeHandler.java:137) ~[NightConfigFixes-v4.0.7-1.19.2-Forge.jar%23560!/:4.0.7]
	at net.minecraftforge.fml.config.ConfigTracker.closeConfig(ConfigTracker.java:70) ~[fmlcore-1.19.2-43.4.2.jar%23656!/:?]
	at net.minecraftforge.fml.config.ConfigTracker.lambda$unloadConfigs$2(ConfigTracker.java:55) ~[fmlcore-1.19.2-43.4.2.jar%23656!/:?]
	at java.lang.Iterable.forEach(Iterable.java:75) ~[?:?]
	at java.util.Collections$SynchronizedCollection.forEach(Collections.java:2132) ~[?:?]
	at net.minecraftforge.fml.config.ConfigTracker.unloadConfigs(ConfigTracker.java:55) ~[fmlcore-1.19.2-43.4.2.jar%23656!/:?]
	at net.minecraftforge.server.ServerLifecycleHooks.handleServerStopped(ServerLifecycleHooks.java:137) ~[forge-1.19.2-43.4.2-universal.jar%23660!/:?]
	at net.minecraft.server.MinecraftServer.m_130011_(MinecraftServer.java:690) ~[server-1.19.2-20220805.130853-srg.jar%23655!/:?]
	at net.minecraft.server.MinecraftServer.m_206580_(MinecraftServer.java:244) ~[server-1.19.2-20220805.130853-srg.jar%23655!/:?]
	at java.lang.Thread.run(Thread.java:840) [?:?]
[26Oct2025 05:04:15.293] [Server thread/ERROR] [fuzs.nightconfigfixes.config.CheckedConfigFileTypeHandler/]: Failed to remove config /workspaces/server3/servidor_minecraft/config/jei-server.toml from tracker!
java.lang.NullPointerException: Cannot read field "watchedFileCount" because "watchedDir" is null
	at com.electronwill.nightconfig.core.file.FileWatcher.removeWatch(FileWatcher.java:134) ~[core-3.6.4.jar%2354!/:?]
	at fuzs.nightconfigfixes.config.CheckedConfigFileTypeHandler.unload(CheckedConfigFileTypeHandler.java:137) ~[NightConfigFixes-v4.0.7-1.19.2-Forge.jar%23560!/:4.0.7]
	at net.minecraftforge.fml.config.ConfigTracker.closeConfig(ConfigTracker.java:70) ~[fmlcore-1.19.2-43.4.2.jar%23656!/:?]
	at net.minecraftforge.fml.config.ConfigTracker.lambda$unloadConfigs$2(ConfigTracker.java:55) ~[fmlcore-1.19.2-43.4.2.jar%23656!/:?]
	at java.lang.Iterable.forEach(Iterable.java:75) ~[?:?]
	at java.util.Collections$SynchronizedCollection.forEach(Collections.java:2132) ~[?:?]
	at net.minecraftforge.fml.config.ConfigTracker.unloadConfigs(ConfigTracker.java:55) ~[fmlcore-1.19.2-43.4.2.jar%23656!/:?]
	at net.minecraftforge.server.ServerLifecycleHooks.handleServerStopped(ServerLifecycleHooks.java:137) ~[forge-1.19.2-43.4.2-universal.jar%23660!/:?]
	at net.minecraft.server.MinecraftServer.m_130011_(MinecraftServer.java:690) ~[server-1.19.2-20220805.130853-srg.jar%23655!/:?]
	at net.minecraft.server.MinecraftServer.m_206580_(MinecraftServer.java:244) ~[server-1.19.2-20220805.130853-srg.jar%23655!/:?]
	at java.lang.Thread.run(Thread.java:840) [?:?]
[26Oct2025 05:04:15.294] [Server thread/ERROR] [fuzs.nightconfigfixes.config.CheckedConfigFileTypeHandler/]: Failed to remove config /workspaces/server3/servidor_minecraft/config/pehkui-server.toml from tracker!
java.lang.NullPointerException: Cannot read field "watchedFileCount" because "watchedDir" is null
	at com.electronwill.nightconfig.core.file.FileWatcher.removeWatch(FileWatcher.java:134) ~[core-3.6.4.jar%2354!/:?]
	at fuzs.nightconfigfixes.config.CheckedConfigFileTypeHandler.unload(CheckedConfigFileTypeHandler.java:137) ~[NightConfigFixes-v4.0.7-1.19.2-Forge.jar%23560!/:4.0.7]
	at net.minecraftforge.fml.config.ConfigTracker.closeConfig(ConfigTracker.java:70) ~[fmlcore-1.19.2-43.4.2.jar%23656!/:?]
	at net.minecraftforge.fml.config.ConfigTracker.lambda$unloadConfigs$2(ConfigTracker.java:55) ~[fmlcore-1.19.2-43.4.2.jar%23656!/:?]
	at java.lang.Iterable.forEach(Iterable.java:75) ~[?:?]
	at java.util.Collections$SynchronizedCollection.forEach(Collections.java:2132) ~[?:?]
	at net.minecraftforge.fml.config.ConfigTracker.unloadConfigs(ConfigTracker.java:55) ~[fmlcore-1.19.2-43.4.2.jar%23656!/:?]
	at net.minecraftforge.server.ServerLifecycleHooks.handleServerStopped(ServerLifecycleHooks.java:137) ~[forge-1.19.2-43.4.2-universal.jar%23660!/:?]
	at net.minecraft.server.MinecraftServer.m_130011_(MinecraftServer.java:690) ~[server-1.19.2-20220805.130853-srg.jar%23655!/:?]
	at net.minecraft.server.MinecraftServer.m_206580_(MinecraftServer.java:244) ~[server-1.19.2-20220805.130853-srg.jar%23655!/:?]
	at java.lang.Thread.run(Thread.java:840) [?:?]
[26Oct2025 05:04:15.295] [Server thread/ERROR] [fuzs.nightconfigfixes.config.CheckedConfigFileTypeHandler/]: Failed to remove config /workspaces/server3/servidor_minecraft/config/forge-server.toml from tracker!
java.lang.NullPointerException: Cannot read field "watchedFileCount" because "watchedDir" is null
	at com.electronwill.nightconfig.core.file.FileWatcher.removeWatch(FileWatcher.java:134) ~[core-3.6.4.jar%2354!/:?]
	at fuzs.nightconfigfixes.config.CheckedConfigFileTypeHandler.unload(CheckedConfigFileTypeHandler.java:137) ~[NightConfigFixes-v4.0.7-1.19.2-Forge.jar%23560!/:4.0.7]
	at net.minecraftforge.fml.config.ConfigTracker.closeConfig(ConfigTracker.java:70) ~[fmlcore-1.19.2-43.4.2.jar%23656!/:?]
	at net.minecraftforge.fml.config.ConfigTracker.lambda$unloadConfigs$2(ConfigTracker.java:55) ~[fmlcore-1.19.2-43.4.2.jar%23656!/:?]
	at java.lang.Iterable.forEach(Iterable.java:75) ~[?:?]
	at java.util.Collections$SynchronizedCollection.forEach(Collections.java:2132) ~[?:?]
	at net.minecraftforge.fml.config.ConfigTracker.unloadConfigs(ConfigTracker.java:55) ~[fmlcore-1.19.2-43.4.2.jar%23656!/:?]
	at net.minecraftforge.server.ServerLifecycleHooks.handleServerStopped(ServerLifecycleHooks.java:137) ~[forge-1.19.2-43.4.2-universal.jar%23660!/:?]
	at net.minecraft.server.MinecraftServer.m_130011_(MinecraftServer.java:690) ~[server-1.19.2-20220805.130853-srg.jar%23655!/:?]
	at net.minecraft.server.MinecraftServer.m_206580_(MinecraftServer.java:244) ~[server-1.19.2-20220805.130853-srg.jar%23655!/:?]
	at java.lang.Thread.run(Thread.java:840) [?:?]
[26Oct2025 05:04:15.295] [Server thread/ERROR] [fuzs.nightconfigfixes.config.CheckedConfigFileTypeHandler/]: Failed to remove config /workspaces/server3/servidor_minecraft/config/whisperwoods-server.toml from tracker!
java.lang.NullPointerException: Cannot read field "watchedFileCount" because "watchedDir" is null
	at com.electronwill.nightconfig.core.file.FileWatcher.removeWatch(FileWatcher.java:134) ~[core-3.6.4.jar%2354!/:?]
	at fuzs.nightconfigfixes.config.CheckedConfigFileTypeHandler.unload(CheckedConfigFileTypeHandler.java:137) ~[NightConfigFixes-v4.0.7-1.19.2-Forge.jar%23560!/:4.0.7]
	at net.minecraftforge.fml.config.ConfigTracker.closeConfig(ConfigTracker.java:70) ~[fmlcore-1.19.2-43.4.2.jar%23656!/:?]
	at net.minecraftforge.fml.config.ConfigTracker.lambda$unloadConfigs$2(ConfigTracker.java:55) ~[fmlcore-1.19.2-43.4.2.jar%23656!/:?]
	at java.lang.Iterable.forEach(Iterable.java:75) ~[?:?]
	at java.util.Collections$SynchronizedCollection.forEach(Collections.java:2132) ~[?:?]
	at net.minecraftforge.fml.config.ConfigTracker.unloadConfigs(ConfigTracker.java:55) ~[fmlcore-1.19.2-43.4.2.jar%23656!/:?]
	at net.minecraftforge.server.ServerLifecycleHooks.handleServerStopped(ServerLifecycleHooks.java:137) ~[forge-1.19.2-43.4.2-universal.jar%23660!/:?]
	at net.minecraft.server.MinecraftServer.m_130011_(MinecraftServer.java:690) ~[server-1.19.2-20220805.130853-srg.jar%23655!/:?]
	at net.minecraft.server.MinecraftServer.m_206580_(MinecraftServer.java:244) ~[server-1.19.2-20220805.130853-srg.jar%23655!/:?]
	at java.lang.Thread.run(Thread.java:840) [?:?]
[26Oct2025 05:04:15.296] [Server thread/ERROR] [fuzs.nightconfigfixes.config.CheckedConfigFileTypeHandler/]: Failed to remove config /workspaces/server3/servidor_minecraft/config/structurize-server.toml from tracker!
java.lang.NullPointerException: Cannot read field "watchedFileCount" because "watchedDir" is null
	at com.electronwill.nightconfig.core.file.FileWatcher.removeWatch(FileWatcher.java:134) ~[core-3.6.4.jar%2354!/:?]
	at fuzs.nightconfigfixes.config.CheckedConfigFileTypeHandler.unload(CheckedConfigFileTypeHandler.java:137) ~[NightConfigFixes-v4.0.7-1.19.2-Forge.jar%23560!/:4.0.7]
	at net.minecraftforge.fml.config.ConfigTracker.closeConfig(ConfigTracker.java:70) ~[fmlcore-1.19.2-43.4.2.jar%23656!/:?]
	at net.minecraftforge.fml.config.ConfigTracker.lambda$unloadConfigs$2(ConfigTracker.java:55) ~[fmlcore-1.19.2-43.4.2.jar%23656!/:?]
	at java.lang.Iterable.forEach(Iterable.java:75) ~[?:?]
	at java.util.Collections$SynchronizedCollection.forEach(Collections.java:2132) ~[?:?]
	at net.minecraftforge.fml.config.ConfigTracker.unloadConfigs(ConfigTracker.java:55) ~[fmlcore-1.19.2-43.4.2.jar%23656!/:?]
	at net.minecraftforge.server.ServerLifecycleHooks.handleServerStopped(ServerLifecycleHooks.java:137) ~[forge-1.19.2-43.4.2-universal.jar%23660!/:?]
	at net.minecraft.server.MinecraftServer.m_130011_(MinecraftServer.java:690) ~[server-1.19.2-20220805.130853-srg.jar%23655!/:?]
	at net.minecraft.server.MinecraftServer.m_206580_(MinecraftServer.java:244) ~[server-1.19.2-20220805.130853-srg.jar%23655!/:?]
	at java.lang.Thread.run(Thread.java:840) [?:?]
[26Oct2025 05:04:15.296] [Server thread/ERROR] [fuzs.nightconfigfixes.config.CheckedConfigFileTypeHandler/]: Failed to remove config /workspaces/server3/servidor_minecraft/config/upgradednetherite_ultimate-server.toml from tracker!
java.lang.NullPointerException: Cannot read field "watchedFileCount" because "watchedDir" is null
	at com.electronwill.nightconfig.core.file.FileWatcher.removeWatch(FileWatcher.java:134) ~[core-3.6.4.jar%2354!/:?]
	at fuzs.nightconfigfixes.config.CheckedConfigFileTypeHandler.unload(CheckedConfigFileTypeHandler.java:137) ~[NightConfigFixes-v4.0.7-1.19.2-Forge.jar%23560!/:4.0.7]
	at net.minecraftforge.fml.config.ConfigTracker.closeConfig(ConfigTracker.java:70) ~[fmlcore-1.19.2-43.4.2.jar%23656!/:?]
	at net.minecraftforge.fml.config.ConfigTracker.lambda$unloadConfigs$2(ConfigTracker.java:55) ~[fmlcore-1.19.2-43.4.2.jar%23656!/:?]
	at java.lang.Iterable.forEach(Iterable.java:75) ~[?:?]
	at java.util.Collections$SynchronizedCollection.forEach(Collections.java:2132) ~[?:?]
	at net.minecraftforge.fml.config.ConfigTracker.unloadConfigs(ConfigTracker.java:55) ~[fmlcore-1.19.2-43.4.2.jar%23656!/:?]
	at net.minecraftforge.server.ServerLifecycleHooks.handleServerStopped(ServerLifecycleHooks.java:137) ~[forge-1.19.2-43.4.2-universal.jar%23660!/:?]
	at net.minecraft.server.MinecraftServer.m_130011_(MinecraftServer.java:690) ~[server-1.19.2-20220805.130853-srg.jar%23655!/:?]
	at net.minecraft.server.MinecraftServer.m_206580_(MinecraftServer.java:244) ~[server-1.19.2-20220805.130853-srg.jar%23655!/:?]
	at java.lang.Thread.run(Thread.java:840) [?:?]
[26Oct2025 05:04:15.297] [Server thread/ERROR] [fuzs.nightconfigfixes.config.CheckedConfigFileTypeHandler/]: Failed to remove config /workspaces/server3/servidor_minecraft/config/xptome-server.toml from tracker!
java.lang.NullPointerException: Cannot read field "watchedFileCount" because "watchedDir" is null
	at com.electronwill.nightconfig.core.file.FileWatcher.removeWatch(FileWatcher.java:134) ~[core-3.6.4.jar%2354!/:?]
	at fuzs.nightconfigfixes.config.CheckedConfigFileTypeHandler.unload(CheckedConfigFileTypeHandler.java:137) ~[NightConfigFixes-v4.0.7-1.19.2-Forge.jar%23560!/:4.0.7]
	at net.minecraftforge.fml.config.ConfigTracker.closeConfig(ConfigTracker.java:70) ~[fmlcore-1.19.2-43.4.2.jar%23656!/:?]
	at net.minecraftforge.fml.config.ConfigTracker.lambda$unloadConfigs$2(ConfigTracker.java:55) ~[fmlcore-1.19.2-43.4.2.jar%23656!/:?]
	at java.lang.Iterable.forEach(Iterable.java:75) ~[?:?]
	at java.util.Collections$SynchronizedCollection.forEach(Collections.java:2132) ~[?:?]
	at net.minecraftforge.fml.config.ConfigTracker.unloadConfigs(ConfigTracker.java:55) ~[fmlcore-1.19.2-43.4.2.jar%23656!/:?]
	at net.minecraftforge.server.ServerLifecycleHooks.handleServerStopped(ServerLifecycleHooks.java:137) ~[forge-1.19.2-43.4.2-universal.jar%23660!/:?]
	at net.minecraft.server.MinecraftServer.m_130011_(MinecraftServer.java:690) ~[server-1.19.2-20220805.130853-srg.jar%23655!/:?]
	at net.minecraft.server.MinecraftServer.m_206580_(MinecraftServer.java:244) ~[server-1.19.2-20220805.130853-srg.jar%23655!/:?]
	at java.lang.Thread.run(Thread.java:840) [?:?]
[26Oct2025 05:04:15.297] [Server thread/ERROR] [fuzs.nightconfigfixes.config.CheckedConfigFileTypeHandler/]: Failed to remove config /workspaces/server3/servidor_minecraft/config/aether-server.toml from tracker!
java.lang.NullPointerException: Cannot read field "watchedFileCount" because "watchedDir" is null
	at com.electronwill.nightconfig.core.file.FileWatcher.removeWatch(FileWatcher.java:134) ~[core-3.6.4.jar%2354!/:?]
	at fuzs.nightconfigfixes.config.CheckedConfigFileTypeHandler.unload(CheckedConfigFileTypeHandler.java:137) ~[NightConfigFixes-v4.0.7-1.19.2-Forge.jar%23560!/:4.0.7]
	at net.minecraftforge.fml.config.ConfigTracker.closeConfig(ConfigTracker.java:70) ~[fmlcore-1.19.2-43.4.2.jar%23656!/:?]
	at net.minecraftforge.fml.config.ConfigTracker.lambda$unloadConfigs$2(ConfigTracker.java:55) ~[fmlcore-1.19.2-43.4.2.jar%23656!/:?]
	at java.lang.Iterable.forEach(Iterable.java:75) ~[?:?]
	at java.util.Collections$SynchronizedCollection.forEach(Collections.java:2132) ~[?:?]
	at net.minecraftforge.fml.config.ConfigTracker.unloadConfigs(ConfigTracker.java:55) ~[fmlcore-1.19.2-43.4.2.jar%23656!/:?]
	at net.minecraftforge.server.ServerLifecycleHooks.handleServerStopped(ServerLifecycleHooks.java:137) ~[forge-1.19.2-43.4.2-universal.jar%23660!/:?]
	at net.minecraft.server.MinecraftServer.m_130011_(MinecraftServer.java:690) ~[server-1.19.2-20220805.130853-srg.jar%23655!/:?]
	at net.minecraft.server.MinecraftServer.m_206580_(MinecraftServer.java:244) ~[server-1.19.2-20220805.130853-srg.jar%23655!/:?]
	at java.lang.Thread.run(Thread.java:840) [?:?]
[26Oct2025 05:04:15.298] [Server thread/ERROR] [fuzs.nightconfigfixes.config.CheckedConfigFileTypeHandler/]: Failed to remove config /workspaces/server3/servidor_minecraft/config/sophisticatedbackpacks-server.toml from tracker!
java.lang.NullPointerException: Cannot read field "watchedFileCount" because "watchedDir" is null
	at com.electronwill.nightconfig.core.file.FileWatcher.removeWatch(FileWatcher.java:134) ~[core-3.6.4.jar%2354!/:?]
	at fuzs.nightconfigfixes.config.CheckedConfigFileTypeHandler.unload(CheckedConfigFileTypeHandler.java:137) ~[NightConfigFixes-v4.0.7-1.19.2-Forge.jar%23560!/:4.0.7]
	at net.minecraftforge.fml.config.ConfigTracker.closeConfig(ConfigTracker.java:70) ~[fmlcore-1.19.2-43.4.2.jar%23656!/:?]
	at net.minecraftforge.fml.config.ConfigTracker.lambda$unloadConfigs$2(ConfigTracker.java:55) ~[fmlcore-1.19.2-43.4.2.jar%23656!/:?]
	at java.lang.Iterable.forEach(Iterable.java:75) ~[?:?]
	at java.util.Collections$SynchronizedCollection.forEach(Collections.java:2132) ~[?:?]
	at net.minecraftforge.fml.config.ConfigTracker.unloadConfigs(ConfigTracker.java:55) ~[fmlcore-1.19.2-43.4.2.jar%23656!/:?]
	at net.minecraftforge.server.ServerLifecycleHooks.handleServerStopped(ServerLifecycleHooks.java:137) ~[forge-1.19.2-43.4.2-universal.jar%23660!/:?]
	at net.minecraft.server.MinecraftServer.m_130011_(MinecraftServer.java:690) ~[server-1.19.2-20220805.130853-srg.jar%23655!/:?]
	at net.minecraft.server.MinecraftServer.m_206580_(MinecraftServer.java:244) ~[server-1.19.2-20220805.130853-srg.jar%23655!/:?]
	at java.lang.Thread.run(Thread.java:840) [?:?]
[26Oct2025 05:04:15.299] [Server thread/ERROR] [fuzs.nightconfigfixes.config.CheckedConfigFileTypeHandler/]: Failed to remove config /workspaces/server3/servidor_minecraft/config/getittogetherdrops-server.toml from tracker!
java.lang.NullPointerException: Cannot read field "watchedFileCount" because "watchedDir" is null
	at com.electronwill.nightconfig.core.file.FileWatcher.removeWatch(FileWatcher.java:134) ~[core-3.6.4.jar%2354!/:?]
	at fuzs.nightconfigfixes.config.CheckedConfigFileTypeHandler.unload(CheckedConfigFileTypeHandler.java:137) ~[NightConfigFixes-v4.0.7-1.19.2-Forge.jar%23560!/:4.0.7]
	at net.minecraftforge.fml.config.ConfigTracker.closeConfig(ConfigTracker.java:70) ~[fmlcore-1.19.2-43.4.2.jar%23656!/:?]
	at net.minecraftforge.fml.config.ConfigTracker.lambda$unloadConfigs$2(ConfigTracker.java:55) ~[fmlcore-1.19.2-43.4.2.jar%23656!/:?]
	at java.lang.Iterable.forEach(Iterable.java:75) ~[?:?]
	at java.util.Collections$SynchronizedCollection.forEach(Collections.java:2132) ~[?:?]
	at net.minecraftforge.fml.config.ConfigTracker.unloadConfigs(ConfigTracker.java:55) ~[fmlcore-1.19.2-43.4.2.jar%23656!/:?]
	at net.minecraftforge.server.ServerLifecycleHooks.handleServerStopped(ServerLifecycleHooks.java:137) ~[forge-1.19.2-43.4.2-universal.jar%23660!/:?]
	at net.minecraft.server.MinecraftServer.m_130011_(MinecraftServer.java:690) ~[server-1.19.2-20220805.130853-srg.jar%23655!/:?]
	at net.minecraft.server.MinecraftServer.m_206580_(MinecraftServer.java:244) ~[server-1.19.2-20220805.130853-srg.jar%23655!/:?]
	at java.lang.Thread.run(Thread.java:840) [?:?]
[26Oct2025 05:04:15.322] [Server thread/ERROR] [fuzs.nightconfigfixes.config.CheckedConfigFileTypeHandler/]: Failed to remove config /workspaces/server3/servidor_minecraft/config/easy_villagers-server.toml from tracker!
java.lang.NullPointerException: Cannot read field "watchedFileCount" because "watchedDir" is null
	at com.electronwill.nightconfig.core.file.FileWatcher.removeWatch(FileWatcher.java:134) ~[core-3.6.4.jar%2354!/:?]
	at fuzs.nightconfigfixes.config.CheckedConfigFileTypeHandler.unload(CheckedConfigFileTypeHandler.java:137) ~[NightConfigFixes-v4.0.7-1.19.2-Forge.jar%23560!/:4.0.7]
	at net.minecraftforge.fml.config.ConfigTracker.closeConfig(ConfigTracker.java:70) ~[fmlcore-1.19.2-43.4.2.jar%23656!/:?]
	at net.minecraftforge.fml.config.ConfigTracker.lambda$unloadConfigs$2(ConfigTracker.java:55) ~[fmlcore-1.19.2-43.4.2.jar%23656!/:?]
	at java.lang.Iterable.forEach(Iterable.java:75) ~[?:?]
	at java.util.Collections$SynchronizedCollection.forEach(Collections.java:2132) ~[?:?]
	at net.minecraftforge.fml.config.ConfigTracker.unloadConfigs(ConfigTracker.java:55) ~[fmlcore-1.19.2-43.4.2.jar%23656!/:?]
	at net.minecraftforge.server.ServerLifecycleHooks.handleServerStopped(ServerLifecycleHooks.java:137) ~[forge-1.19.2-43.4.2-universal.jar%23660!/:?]
	at net.minecraft.server.MinecraftServer.m_130011_(MinecraftServer.java:690) ~[server-1.19.2-20220805.130853-srg.jar%23655!/:?]
	at net.minecraft.server.MinecraftServer.m_206580_(MinecraftServer.java:244) ~[server-1.19.2-20220805.130853-srg.jar%23655!/:?]
	at java.lang.Thread.run(Thread.java:840) [?:?]
[26Oct2025 05:04:15.329] [Server thread/ERROR] [fuzs.nightconfigfixes.config.CheckedConfigFileTypeHandler/]: Failed to remove config /workspaces/server3/servidor_minecraft/config/irons_spellbooks-server.toml from tracker!
java.lang.NullPointerException: Cannot read field "watchedFileCount" because "watchedDir" is null
	at com.electronwill.nightconfig.core.file.FileWatcher.removeWatch(FileWatcher.java:134) ~[core-3.6.4.jar%2354!/:?]
	at fuzs.nightconfigfixes.config.CheckedConfigFileTypeHandler.unload(CheckedConfigFileTypeHandler.java:137) ~[NightConfigFixes-v4.0.7-1.19.2-Forge.jar%23560!/:4.0.7]
	at net.minecraftforge.fml.config.ConfigTracker.closeConfig(ConfigTracker.java:70) ~[fmlcore-1.19.2-43.4.2.jar%23656!/:?]
	at net.minecraftforge.fml.config.ConfigTracker.lambda$unloadConfigs$2(ConfigTracker.java:55) ~[fmlcore-1.19.2-43.4.2.jar%23656!/:?]
	at java.lang.Iterable.forEach(Iterable.java:75) ~[?:?]
	at java.util.Collections$SynchronizedCollection.forEach(Collections.java:2132) ~[?:?]
	at net.minecraftforge.fml.config.ConfigTracker.unloadConfigs(ConfigTracker.java:55) ~[fmlcore-1.19.2-43.4.2.jar%23656!/:?]
	at net.minecraftforge.server.ServerLifecycleHooks.handleServerStopped(ServerLifecycleHooks.java:137) ~[forge-1.19.2-43.4.2-universal.jar%23660!/:?]
	at net.minecraft.server.MinecraftServer.m_130011_(MinecraftServer.java:690) ~[server-1.19.2-20220805.130853-srg.jar%23655!/:?]
	at net.minecraft.server.MinecraftServer.m_206580_(MinecraftServer.java:244) ~[server-1.19.2-20220805.130853-srg.jar%23655!/:?]
	at java.lang.Thread.run(Thread.java:840) [?:?]
[26Oct2025 05:04:15.329] [Server thread/ERROR] [fuzs.nightconfigfixes.config.CheckedConfigFileTypeHandler/]: Failed to remove config /workspaces/server3/servidor_minecraft/config/minecolonies-server.toml from tracker!
java.lang.NullPointerException: Cannot read field "watchedFileCount" because "watchedDir" is null
	at com.electronwill.nightconfig.core.file.FileWatcher.removeWatch(FileWatcher.java:134) ~[core-3.6.4.jar%2354!/:?]
	at fuzs.nightconfigfixes.config.CheckedConfigFileTypeHandler.unload(CheckedConfigFileTypeHandler.java:137) ~[NightConfigFixes-v4.0.7-1.19.2-Forge.jar%23560!/:4.0.7]
	at net.minecraftforge.fml.config.ConfigTracker.closeConfig(ConfigTracker.java:70) ~[fmlcore-1.19.2-43.4.2.jar%23656!/:?]
	at net.minecraftforge.fml.config.ConfigTracker.lambda$unloadConfigs$2(ConfigTracker.java:55) ~[fmlcore-1.19.2-43.4.2.jar%23656!/:?]
	at java.lang.Iterable.forEach(Iterable.java:75) ~[?:?]
	at java.util.Collections$SynchronizedCollection.forEach(Collections.java:2132) ~[?:?]
	at net.minecraftforge.fml.config.ConfigTracker.unloadConfigs(ConfigTracker.java:55) ~[fmlcore-1.19.2-43.4.2.jar%23656!/:?]
	at net.minecraftforge.server.ServerLifecycleHooks.handleServerStopped(ServerLifecycleHooks.java:137) ~[forge-1.19.2-43.4.2-universal.jar%23660!/:?]
	at net.minecraft.server.MinecraftServer.m_130011_(MinecraftServer.java:690) ~[server-1.19.2-20220805.130853-srg.jar%23655!/:?]
	at net.minecraft.server.MinecraftServer.m_206580_(MinecraftServer.java:244) ~[server-1.19.2-20220805.130853-srg.jar%23655!/:?]
	at java.lang.Thread.run(Thread.java:840) [?:?]
